mfcc_mean,mfcc_std,mfcc_delta_mean,mfcc_delta_std,mfcc_delta2_mean,mfcc_delta2_std,chroma_stft_mean,chroma_stft_std,chroma_cqt_mean,chroma_cqt_std,chroma_vqt_mean,chroma_vqt_std,spectral_centroid_mean,spectral_centroid_std,spectral_bandwidth_mean,spectral_bandwidth_std,spectral_rolloff_mean,spectral_rolloff_std,spectral_contrast_mean,spectral_contrast_std,spectral_flatness_mean,spectral_flatness_std,tonnetz_mean,tonnetz_std,tempogram_mean,tempogram_std,rms_mean,rms_std,zero_crossing_rate_mean,zero_crossing_rate_std,mel_spec_mean,mel_spec_std,tempo,label
1.9366391897201538,42.04216003417969,0.002705003833398223,2.7939651012420654,7.578041550004855e-05,1.5766890048980713,0.35012850165367126,0.2979457378387451,0.5378252863883972,0.23148877918720245,0.5378252863883972,0.23148877918720245,1784.1226412753101,360.20200501843135,2002.4124072733878,292.9751020236873,3805.7230301080335,949.3434134740136,20.52328909927147,8.76362887242122,0.004495573695749044,0.005505866836756468,0.0076749488752600875,0.08938210080423346,0.1523540718041689,0.1824433799509388,0.1301843225955963,0.05318251624703407,0.08304482066898686,0.027693783681433826,4.42554235458374,27.200815200805664,123.046875,blues
-0.05725468695163727,60.05363464355469,0.0022254264913499355,3.825333833694458,-0.004958287347108126,2.0344302654266357,0.3408493995666504,0.3081820607185364,0.4767722487449646,0.2402602881193161,0.4767722487449646,0.2402602881193161,1530.2617669893777,613.1194898044935,2038.9876082704006,462.49876020502285,3550.7136156830047,1725.7783473036059,20.67248575925077,8.237830119694173,0.002298097824677825,0.004852658603340387,0.053036409941283356,0.10648465084694374,0.11784999857096941,0.15233852601231343,0.09590782225131989,0.048710573464632034,0.05603980870552978,0.03804630719740175,2.65343976020813,17.322647094726562,67.99958881578948,blues
1.0326179265975952,43.078025817871094,0.00026417875778861344,3.273486375808716,-0.0006622779765166342,2.0035626888275146,0.3635377287864685,0.2919873893260956,0.44370487332344055,0.2424324005842209,0.44370487332344055,0.2424324005842209,1552.832481434823,395.5641678715904,1747.754086849524,276.21624390702294,3042.4101154654873,885.5116455461281,22.191291986332494,8.724826520261079,0.0026350163388997316,0.003352830884978175,0.020468997669489293,0.11867738591731053,0.13494678793787498,0.1632856421387472,0.17547321319580078,0.05244862288236618,0.07629120746326373,0.031730570099435376,7.253840446472168,29.519628524780273,161.4990234375,blues
0.0689259022474289,59.700958251953125,-0.010571424849331379,3.5579421520233154,-0.0010274945525452495,1.8275904655456543,0.40485435724258423,0.30659201741218567,0.3168911337852478,0.26688531041145325,0.3168911337852478,0.26688531041145325,1070.1534175250665,429.3786317904825,1596.422564453577,408.1076380606334,2184.8790286035382,1221.9156472279285,21.423621107098153,7.961580449636709,0.0009548899834044278,0.0016321807634085417,0.034265145542699216,0.15796431199608954,0.11228498709753369,0.14540790818299026,0.14104026556015015,0.07967183738946915,0.03330886262567672,0.020561103742135052,6.207545280456543,68.63349151611328,63.02400914634146,blues
-8.460348129272461,51.30107116699219,0.007164129987359047,3.459275007247925,-0.002489431295543909,1.9328272342681885,0.3085259795188904,0.29638344049453735,0.49700453877449036,0.2569923996925354,0.49700453877449036,0.2569923996925354,1835.12851277257,585.874983035052,1748.4107584538087,297.28556049326363,3579.9574708164155,1253.928346818156,21.459618028115003,7.939388672875429,0.0032402172219008207,0.004355895798653364,-0.0374284084095062,0.14448946305681032,0.13406382237205894,0.16177178284750476,0.09150122106075287,0.04801338538527489,0.10146053871809745,0.04420548271538123,2.1063308715820312,12.865748405456543,135.99917763157896,blues
-7.101465702056885,55.20644760131836,0.005537049379199743,3.8736186027526855,0.0027543839532881975,2.1275973320007324,0.30252185463905334,0.2958906888961792,0.3972458243370056,0.2693723440170288,0.3972458243370056,0.2693723440170288,1832.0115969728529,1015.1274949259331,1729.5808044661662,449.27282802016987,3481.4676306917054,1809.5265116114597,22.54261550183542,8.178236340464082,0.0030588877853006124,0.006480098236352205,0.001191695733074583,0.1810170597921501,0.11030007392264678,0.14134160222746267,0.10345287621021271,0.06309645622968674,0.09404153373936582,0.07895058970522166,2.9151482582092285,28.451770782470703,69.83741554054055,blues
-7.859531879425049,59.766395568847656,0.00421374524012208,4.243681907653809,0.0020263970363885164,2.3393197059631348,0.2914259731769562,0.30656948685646057,0.3771122992038727,0.29114413261413574,0.3771122992038727,0.29114413261413574,1459.4696908114731,661.834570570731,1389.0684455566097,430.2979447183723,2795.910729498985,1273.3843919480398,23.42114998907923,7.041236892766927,0.0009756438666954637,0.0028798887506127357,-0.0049300358659700085,0.19361217377449463,0.10609089517311387,0.13718236761528324,0.1417519599199295,0.09371273219585419,0.07305223740815932,0.04369405757996276,5.882196426391602,49.61675262451172,71.77734375,blues
-5.965394973754883,57.03623962402344,0.003363564610481262,3.540195941925049,-0.0007746158516965806,2.035898447036743,0.3073715269565582,0.3047184646129608,0.4067879915237427,0.27711400389671326,0.4067879915237427,0.27711400389671326,1451.859413795751,670.5234080387495,1577.5671157628285,410.1190064205019,2955.3197165929523,1276.5411918238867,22.435547295228528,7.243614235776746,0.0014387744013220072,0.003215559059754014,-0.04463918934753101,0.1546291241728371,0.1269074178726281,0.1529110812738873,0.13176751136779785,0.07437695562839508,0.061442246108855375,0.04299786357871877,4.828114986419678,37.61079788208008,92.28515625,blues
1.998934030532837,44.0902099609375,-0.00859032291918993,3.1470751762390137,-0.003928412217646837,1.880202293395996,0.4089129567146301,0.29410892724990845,0.47973355650901794,0.230959951877594,0.47973355650901794,0.230959951877594,1719.4633657271252,404.11438129424437,2031.8293659117528,324.90910152458673,3782.441190998405,1123.8258620667884,22.371989709987858,9.447771429128924,0.002596803940832615,0.003046864178031683,0.033780705393187824,0.10300985063629019,0.15372690341806416,0.1830377931280125,0.14232727885246277,0.038770075887441635,0.06402488761600927,0.027045919171916347,4.943857669830322,29.2838077545166,83.35433467741936,blues
-5.117159843444824,59.55868911743164,-0.004672744311392307,2.70552396774292,-0.0006552095292136073,1.4277969598770142,0.2739676237106323,0.30382663011550903,0.39066579937934875,0.2761842608451843,0.39066579937934875,0.2761842608451843,1817.2305900912738,546.0232819290538,1973.7920387617455,337.84633270291425,3943.8319655416185,1169.0955250840677,21.156619818456516,7.956331363201154,0.002710847184062004,0.003215235657989979,0.028891831202601494,0.16440632646346567,0.1756032967824318,0.20400552756565513,0.08128055185079575,0.06592553853988647,0.07917482356921887,0.03711682977865272,2.387230634689331,24.572412490844727,80.74951171875,blues
-3.682948112487793,56.02508544921875,-0.0001986724091693759,4.043514728546143,0.0020119349937886,2.6481080055236816,0.3039698302745819,0.3077285587787628,0.4510115683078766,0.26275572180747986,0.4510115683078766,0.26275572180747986,1410.0234234402612,453.47455305058355,1512.3046546623298,380.8228733313859,2765.967419971723,1194.8738071079904,21.087697406492897,8.236102858317702,0.0012459212448447943,0.001959126675501466,0.026824881440345883,0.15738417048893966,0.09568679433833802,0.13399615638927856,0.1427881121635437,0.09589917957782745,0.06295882576856149,0.0210127131611687,6.661311149597168,68.0346908569336,161.4990234375,blues
-6.6074018478393555,73.66139221191406,0.0012445970205590129,3.6906850337982178,0.0017445156117901206,2.007290840148926,0.3658873736858368,0.31937864422798157,0.31639084219932556,0.27616769075393677,0.31639084219932556,0.27616769075393677,1352.7427097237658,715.5091580486181,1756.8820971332516,469.3789332982399,2880.9110920279873,1712.5840466031102,20.79772915934028,7.341580433478224,0.0032811264973133802,0.008704805746674538,0.06629609050886874,0.17669190208549682,0.12315769434179599,0.14974536448455553,0.06570573896169662,0.04999326914548874,0.043930584759280744,0.04353977919397629,1.6110626459121704,20.10605812072754,161.4990234375,blues
-2.9918158054351807,60.55488586425781,-0.00043475895654410124,3.6744699478149414,0.0008207659120671451,2.075068712234497,0.26933804154396057,0.3064330220222473,0.41916894912719727,0.26546579599380493,0.41916894912719727,0.26546579599380493,1360.6856016703396,507.03119580769817,1567.2994690310572,212.12167210623946,2738.8302548578886,976.2401372434001,22.126388568751395,6.739781601947547,0.0007715279352851212,0.0010973450262099504,-0.0314197842722096,0.1396362437038382,0.12843730291179,0.16285404241403284,0.11898959428071976,0.06368143856525421,0.06909500676720805,0.04879100679250699,3.9477362632751465,38.31327819824219,184.5703125,blues
-1.4734326601028442,58.149627685546875,-0.0018437759717926383,2.823802947998047,-0.0028162887319922447,1.7591360807418823,0.26491037011146545,0.30198919773101807,0.4681509733200073,0.2610940933227539,0.4681509733200073,0.2610940933227539,1324.5278252945684,414.1942587721049,1827.850131696539,279.8874233857868,2711.4849187935033,1037.4750877320284,21.410243086058674,7.13017737378697,0.001199246384203434,0.0012902210000902414,-0.03565928994194663,0.11703907417099693,0.15642093884391695,0.18444221103015537,0.11312991380691528,0.06475137174129486,0.0514017032820959,0.035431452423898294,3.943912982940674,47.62925338745117,107.666015625,blues
-3.6061341762542725,77.92586517333984,-0.0006696467171423137,3.2339444160461426,0.0007371573010459542,1.6928781270980835,0.3288930356502533,0.3287210166454315,0.46558845043182373,0.2647576332092285,0.46558845043182373,0.2647576332092285,1171.9674319304547,383.7557250667418,1705.3701299892873,310.64407097862505,2344.9874700913574,936.5402439676935,21.61981566174936,6.525431019992844,0.0004728164058178663,0.00039987958734855056,-0.020983885188265407,0.10166713435678369,0.16197983745180086,0.18694175994363807,0.06699823588132858,0.05207373946905136,0.045036675850734724,0.0394964660662841,1.4870898723602295,18.10822296142578,151.99908088235293,blues
-3.6796040534973145,63.979042053222656,0.004266564734280109,3.3987555503845215,-0.0015495610423386097,1.7639882564544678,0.2697315216064453,0.3081769645214081,0.46783965826034546,0.25934746861457825,0.46783965826034546,0.25934746861457825,1420.438571434397,447.14022714610513,1731.176852967896,285.15285855159425,2930.239280470563,836.600514080199,21.359252665623938,6.689786200143962,0.001107854419387877,0.0011368219275027514,-0.01205086232825109,0.112184076673177,0.16742478775304995,0.19531001043247542,0.08060579746961594,0.053203679621219635,0.06370125495456304,0.044056664195648826,1.9532569646835327,23.846179962158203,103.359375,blues
-2.4240801334381104,63.4424934387207,0.00023016608611214906,3.188863515853882,-0.00015549709496553987,1.7224901914596558,0.30818355083465576,0.3167778253555298,0.5135271549224854,0.25144004821777344,0.5135271549224854,0.25144004821777344,1455.0726339659166,390.25221340664325,1826.0433384174999,341.7024768530339,3010.010388721723,1005.1216329974804,21.055610626695103,7.078264084431534,0.0013042895589023829,0.0011360009666532278,0.01118765348281686,0.11201744433310726,0.17403296683222028,0.19881130954148887,0.08142257481813431,0.051378071308135986,0.06134406117072699,0.037666938600053254,1.9273265600204468,17.167587280273438,198.76802884615384,blues
-1.5313422679901123,68.29349517822266,-0.001904557691887021,3.719343662261963,-0.0015972922556102276,2.120264768600464,0.30222705006599426,0.3056332767009735,0.47878506779670715,0.25036001205444336,0.47878506779670715,0.25036001205444336,1089.0053435041514,481.32410226077053,1411.0016368511908,264.12861829448514,2135.41761075261,1039.989055283002,21.715272060930175,6.357108814652681,0.0004619841347448528,0.0006178951007314026,0.007207364915409652,0.10992911789474934,0.15109270224472096,0.1769702752223106,0.09327623248100281,0.04637635499238968,0.048326248912412995,0.029071729672521987,2.4110171794891357,22.52165985107422,172.265625,blues
-2.1529242992401123,64.71104431152344,-0.0015598288737237453,2.636035442352295,-0.0008509728359058499,1.4122532606124878,0.2700689435005188,0.31257668137550354,0.4644743502140045,0.27648285031318665,0.4644743502140045,0.27648285031318665,1537.4913865266892,439.4930861118103,2053.965411394372,381.45561940257113,3495.331815998405,1352.147626803901,21.712152054845284,7.418420222090966,0.0014810236170887947,0.001527570653706789,-0.03390189600479332,0.122742946663525,0.1653362573165278,0.1917108844523906,0.07967066019773483,0.05436686798930168,0.056141769987432324,0.04149945968613148,2.0942542552948,31.99791717529297,83.35433467741936,blues
-3.2163331508636475,66.05467987060547,0.001700529013760388,3.2627925872802734,0.0003536676231306046,2.065288543701172,0.2574455142021179,0.30990126729011536,0.4443574547767639,0.2532227635383606,0.4443574547767639,0.2532227635383606,1195.4981309471507,499.54057180712465,1481.0226384301282,216.51399911278273,2235.6144526718385,1099.0453312721756,21.48142240646454,6.5151281764160665,0.0006423696177080274,0.0009484317852184176,0.0163249572569091,0.12425585413818438,0.15527673233202371,0.18535087928815536,0.09761591255664825,0.05076659098267555,0.05888603900812065,0.042406678445582685,2.5643117427825928,22.92081642150879,123.046875,blues
-2.7564687728881836,62.10847473144531,0.002532115438953042,2.810418128967285,-0.000505011179484427,1.7276649475097656,0.3026832342147827,0.3071839213371277,0.5013593435287476,0.24800635874271393,0.5013593435287476,0.24800635874271393,1390.3828142454292,321.06580451984615,1911.218377821177,297.8096177758266,3006.1467358794953,972.5903412923582,20.070311047305943,7.191732587475303,0.0016536138718947768,0.0013504858361557126,0.02101025789405336,0.1145514900435773,0.1678904081125501,0.191046428680951,0.07542555034160614,0.04992622509598732,0.05258634232405259,0.024823961803533193,1.7910356521606445,18.809282302856445,135.99917763157896,blues
-0.9150164127349854,72.03553009033203,0.0023186225444078445,3.5050556659698486,0.0015401106793433428,1.943602204322815,0.3213101923465729,0.3214283585548401,0.4076903164386749,0.26684755086898804,0.4076903164386749,0.26684755086898804,1046.7751266104485,539.8569280119494,1481.0558466484933,265.1352953835882,1831.2215641313805,1161.1499165632579,22.14452413296216,6.4721838067043285,0.00039825227577239275,0.0005846526473760605,-0.05778241858535786,0.1308608599481203,0.15240973521720727,0.17944190797351722,0.10108429938554764,0.05684163048863411,0.047907452387857694,0.04828363521002576,2.8455657958984375,23.622089385986328,99.38401442307692,blues
-0.3052653670310974,66.13322448730469,0.0009264653781428933,3.620469331741333,0.001310482737608254,2.0976154804229736,0.3066106140613556,0.3130698502063751,0.4406347870826721,0.26031947135925293,0.4406347870826721,0.26031947135925293,1155.869256708858,560.493304101445,1497.9367164622142,243.08860546123364,2169.63258818518,1153.832496080009,22.283468346590055,6.790790181385536,0.0004230144841130823,0.00045417682849802077,-0.01786464289852978,0.12710054059028417,0.1413310384799175,0.17061447306059546,0.11337931454181671,0.060724955052137375,0.05856995903422274,0.05355341824919657,3.445802688598633,29.342220306396484,95.703125,blues
-2.410712242126465,64.37600708007812,0.002584690460935235,3.065037250518799,0.0016070764977484941,1.825941801071167,0.2808069586753845,0.30194759368896484,0.38961029052734375,0.2669152021408081,0.38961029052734375,0.2669152021408081,1210.1413910383171,363.0916446201525,1497.6767028673223,227.25566817340263,2521.9827390878772,781.0581759450912,21.831998001921807,6.128193426878465,0.0005494728684425354,0.0005833866889588535,0.022158268904175573,0.1539592438883238,0.16295305506152152,0.19158143082221524,0.10193510353565216,0.059650372713804245,0.052467009860788866,0.032981581751793373,2.954380989074707,20.87734031677246,184.5703125,blues
-3.2800443172454834,73.20220184326172,0.001272982801310718,3.5360028743743896,-0.0011217223946005106,2.12549090385437,0.26306965947151184,0.316178560256958,0.3613685965538025,0.28089603781700134,0.3613685965538025,0.28089603781700134,1120.166568707164,419.9194082322526,1448.1227679043818,232.07516216405247,2324.212009226363,1067.3449245786146,21.713855710074803,5.985667919698327,0.00032319294405169785,0.0004096204647794366,-0.02910403199543067,0.13216308697678816,0.15205552712109177,0.18255249660586959,0.08692266792058945,0.05012135952711105,0.04727604770881671,0.03284804303651859,2.194230318069458,18.90327262878418,103.359375,blues
-1.0807796716690063,67.8235855102539,-0.0020713277626782656,3.486705780029297,-0.0005158413550816476,2.0226597785949707,0.2909482717514038,0.30176904797554016,0.4061707556247711,0.25065407156944275,0.4061707556247711,0.25065407156944275,1109.3207630441668,372.41125945676066,1463.1107858840894,194.0675400391082,2243.3167778422276,915.5619328798742,21.024439017340487,6.296874279521632,0.0003997143649030477,0.0003098060842603445,-0.040274280384619415,0.12328638872117334,0.14909621431002662,0.1753644121588335,0.08916590362787247,0.055806178599596024,0.051697390999613305,0.03659598303130558,2.409958600997925,32.848304748535156,92.28515625,blues
-2.979290008544922,72.9745864868164,0.0027828626334667206,3.722869873046875,0.0012212723959237337,2.0465078353881836,0.2785740792751312,0.3082810938358307,0.3679138720035553,0.27506178617477417,0.3679138720035553,0.27506178617477417,1198.8570176825056,402.4258386326205,1573.3099533109155,289.97649445977805,2478.8330644576567,996.4918328705511,21.951863061544785,6.234745062155799,0.0004585821006912738,0.0005311845452524722,-0.025968259381958163,0.14024110914350535,0.12342185845678333,0.15402998964081113,0.07705383002758026,0.07701971381902695,0.05197268646075019,0.03855994632178308,2.666982889175415,71.6456527709961,83.35433467741936,blues
-3.6129276752471924,63.6369743347168,0.0007338196155615151,2.6295034885406494,0.0012593470746651292,1.476791501045227,0.2886824607849121,0.3068259358406067,0.3335719704627991,0.2749495804309845,0.3335719704627991,0.2749495804309845,1392.026357292707,447.7014095594052,1494.8775639502583,208.47933197782328,2811.740048578886,735.7006345403577,23.022582339356834,5.868027602770892,0.0004508483689278364,0.0004469289560802281,0.016938761660229264,0.18428410487333638,0.17928695721328466,0.2063122880957754,0.09575478732585907,0.04683636128902435,0.07241441294470224,0.050454799582861906,2.365908145904541,18.031435012817383,92.28515625,blues
-4.028690338134766,68.40422821044922,-0.0019909231923520565,3.147430896759033,-0.0004169318126514554,1.890323281288147,0.2761107385158539,0.3144036829471588,0.38095512986183167,0.27558520436286926,0.38095512986183167,0.27558520436286926,1115.5894796268246,324.8254156400099,1398.722658897419,229.872151544708,2290.6881593496228,798.7430167556532,21.39915213534348,6.188538436570963,0.0003728835145011544,0.00045527159818448126,-0.02366101012862887,0.13121971102543173,0.1543296025451053,0.18631621212794625,0.09954791516065598,0.06405849009752274,0.04801998743232792,0.02857617645815396,2.970066547393799,25.839557647705078,103.359375,blues
-8.620725631713867,60.947853088378906,0.006869233679026365,3.286076307296753,0.0038558319211006165,1.870484471321106,0.2805202305316925,0.3250584900379181,0.33968982100486755,0.2866174876689911,0.33968982100486755,0.2866174876689911,1648.8848322083286,843.9144219009381,2190.0464211359326,430.3611410222059,3760.300128697796,2039.5415976374072,26.44973954872011,8.895136039758194,0.0014892017934471369,0.0038398730102926493,0.008439319292960084,0.16455846788058962,0.1649753785921022,0.19115362202027908,0.1246841549873352,0.06937668472528458,0.05289486961040216,0.05698632515321641,4.779097557067871,44.443199157714844,129.19921875,blues
-8.800725936889648,57.13343811035156,0.0010370222153142095,2.562390089035034,0.0038189804181456566,1.5554150342941284,0.26335757970809937,0.3073135316371918,0.3071715235710144,0.29048219323158264,0.3071715235710144,0.29048219323158264,1379.0236797531359,742.2739017940459,2003.7311331314509,519.214380016994,3015.6143507105567,2138.622988411464,26.842612191972552,8.624495939889442,0.0006992049748077989,0.0017575239762663841,0.03863510553971987,0.18221383610882272,0.19080674921975907,0.21679359999224979,0.1700020432472229,0.056505151093006134,0.039366118039443156,0.030750114988892845,7.563253879547119,59.038639068603516,151.99908088235293,blues
-9.660630226135254,59.20333480834961,-0.0007501771324314177,2.4878580570220947,0.002688885200768709,1.4211969375610352,0.2537176311016083,0.3151567280292511,0.2795174717903137,0.28676557540893555,0.2795174717903137,0.28676557540893555,1330.6062681557469,593.5049018939297,1973.2623612410227,484.23257987476956,2898.630603338892,1926.1094224925441,27.926870947618056,8.276329819493677,0.0005812399904243648,0.0018558703595772386,0.013232072309710666,0.20982333917596777,0.17980825012828894,0.20483927583266073,0.1514756679534912,0.05653274804353714,0.04294722484048724,0.03310855531387314,6.168532371520996,47.68160629272461,151.99908088235293,blues
-11.999893188476562,72.25154876708984,-0.00412435969337821,2.8066747188568115,0.01000884734094143,1.482157826423645,0.2761858105659485,0.31206977367401123,0.24966566264629364,0.2970746159553528,0.24966566264629364,0.2970746159553528,1309.7746510229804,869.5606669937766,1883.2581499407856,533.1245796099671,2765.2346582257833,2164.9094489616136,26.981117527939926,8.189898130174578,0.0012316748034209013,0.004043715540319681,0.09350100914167736,0.24878971360009766,0.13205101664323837,0.15545333702140912,0.10122466087341309,0.06275846809148788,0.03938839846771075,0.0561969361557821,3.336069345474243,31.82676887512207,143.5546875,blues
-10.440569877624512,63.09553146362305,0.0018825250444933772,2.8386058807373047,0.0005696140578947961,1.6921981573104858,0.26077786087989807,0.30796417593955994,0.27219250798225403,0.28087785840034485,0.27219250798225403,0.28087785840034485,1430.6028402421161,837.1506664304524,2075.7185500837736,524.5619558959208,3246.1678418648494,2359.5033739418873,27.157653999674856,8.569824820814075,0.0008065617294050753,0.002144220285117626,0.018697626796808187,0.2283646321706921,0.16832207131229798,0.19548806344561961,0.13316597044467926,0.047453202307224274,0.04197368341550657,0.03793596136045574,4.7066168785095215,35.441925048828125,151.99908088235293,blues
-8.540915489196777,58.3338508605957,-0.0003350027836859226,2.866635322570801,-0.0006252715247683227,1.7724701166152954,0.2621714770793915,0.3147238492965698,0.329315185546875,0.2866823971271515,0.329315185546875,0.2866823971271515,1537.0761619483683,583.9879011086792,2157.2970666776923,401.2297074996713,3602.40662612384,1927.3027965550746,26.878570737625594,8.63136133281749,0.0008923552231863141,0.0017474782653152943,0.010798399540026751,0.18528995986816127,0.16548823739915397,0.19497089227260347,0.13590334355831146,0.05679090693593025,0.04570244525812065,0.026290158825679158,5.065036773681641,37.43312454223633,184.5703125,blues
-7.499840259552002,50.945186614990234,-0.00010461473721079528,2.497591733932495,0.005026691127568483,1.4838932752609253,0.28827714920043945,0.31071552634239197,0.4019673764705658,0.282496839761734,0.4019673764705658,0.282496839761734,1507.1579850499309,643.3657710401214,2096.930874279644,496.9168882334164,3405.5518484447507,2044.9361148251774,26.87460985527842,8.476485050885916,0.000977376475930214,0.0016958474880084395,0.007406519442875039,0.13557762969635306,0.17422461393235075,0.19775036083146363,0.17326459288597107,0.057788003236055374,0.04541997474381284,0.023957906684210984,7.843302249908447,53.07494354248047,129.19921875,blues
-9.798501968383789,55.813697814941406,-0.006770377978682518,2.5636160373687744,0.003344840370118618,1.5248119831085205,0.23332668840885162,0.3081241846084595,0.27977055311203003,0.28450241684913635,0.27977055311203003,0.28450241684913635,1247.5800479447826,513.5590568270906,1907.8212456462638,440.88191320509594,2621.496780289298,1739.211920409722,27.356839174785545,8.428244189281383,0.00045140483416616917,0.0011288896203041077,-0.01979672706568298,0.21596931331900976,0.17690960568283917,0.20275874408478894,0.19766893982887268,0.06870177388191223,0.03690734060808198,0.01866915333643142,10.35446834564209,77.99681854248047,151.99908088235293,blues
-11.78693962097168,80.63594818115234,0.012152350507676601,3.772771120071411,0.002492376370355487,2.1565260887145996,0.24866744875907898,0.3130257725715637,0.3198489546775818,0.28930774331092834,0.3198489546775818,0.28930774331092834,1188.4732078138645,607.9548803606274,1683.0974006146994,447.57137051316573,2339.8331573557134,1730.1663229224876,26.60517225385806,7.621279888034822,0.0004372777766548097,0.0010663594584912062,0.00880010920362674,0.20766986050161754,0.09768380064743949,0.12612381534068506,0.06915838271379471,0.04723454639315605,0.048163866130123745,0.0356653236643039,1.6198155879974365,20.66762924194336,123.046875,blues
-8.526853561401367,54.524261474609375,-0.0021991729736328125,2.7244768142700195,0.0007048252155072987,1.579209327697754,0.2658465802669525,0.31152859330177307,0.31430768966674805,0.29274868965148926,0.31430768966674805,0.29274868965148926,1514.1569585845884,742.8902206929147,2140.9924739266226,471.63181378431057,3451.7991068191704,2057.6705617960283,27.18981215032839,8.315050450929956,0.0010864147916436195,0.003256499534472823,-0.01670831700116856,0.1868352728991358,0.16102465617697675,0.191596342517787,0.16801717877388,0.06267055124044418,0.044373172249613305,0.04488240348847741,7.571634292602539,57.3171501159668,86.1328125,blues
-13.398080825805664,74.60539245605469,0.0003805921587627381,2.773185968399048,0.005620202515274286,1.6145075559616089,0.2553485929965973,0.31167420744895935,0.24679763615131378,0.2863423824310303,0.24679763615131378,0.2863423824310303,1151.3104957885116,717.3900448757452,1709.532096967042,574.6698334448545,2312.1797282845127,1979.9028795390934,26.357461993168638,8.046402174164438,0.0007781967869959772,0.0034935632720589638,0.019679124978350164,0.2818612605488027,0.13268022823105316,0.1642572318412458,0.08582264184951782,0.051274340599775314,0.03532089858855375,0.03075730664704145,2.3564844131469727,27.45214080810547,117.45383522727273,blues
2.04453182220459,40.145538330078125,-0.002010208321735263,1.938165307044983,-0.002177275251597166,1.656587839126587,0.3979513347148895,0.28371715545654297,0.5974858403205872,0.20645643770694733,0.5974858403205872,0.20645643770694733,2272.4696393575086,449.81302812174147,2356.7258986742127,224.13312006788865,5108.157072487674,762.4538896182786,21.29558759660927,9.174159078274894,0.005745666101574898,0.004573654383420944,-0.012081729854315337,0.10309653316434506,0.16316690523026187,0.20454858368770146,0.13481365144252777,0.027903513982892036,0.09764303279679042,0.03718078366934725,4.086639881134033,18.381256103515625,172.265625,blues
2.450509548187256,38.51189041137695,-0.001616425346583128,2.484579086303711,-0.0005606453050859272,1.3121651411056519,0.3869754672050476,0.2923183739185333,0.47771701216697693,0.2344343662261963,0.47771701216697693,0.2344343662261963,2390.4218136181985,553.7029068174095,2463.3092401832296,283.0025712619721,5403.593285509716,976.48211505751,21.787455835137866,9.345009631873452,0.007608823943883181,0.006533087231218815,0.003140603805523677,0.1368669344727911,0.18807239601339568,0.21648304166042903,0.12910546362400055,0.02954564429819584,0.10226074596384377,0.039947447933169344,3.7812118530273438,17.542537689208984,129.19921875,blues
1.7600855827331543,47.4632682800293,-0.002398880198597908,2.271066188812256,0.0002542070287745446,1.332517147064209,0.37769633531570435,0.30411478877067566,0.37713029980659485,0.2678334414958954,0.37713029980659485,0.2678334414958954,2301.5769168965485,452.91340534379816,2367.5022763134966,217.47304937069714,5187.511838837732,750.5760996782832,23.41613689668428,8.610862222129347,0.0038929202128201723,0.0038137908559292555,-0.033679406557237786,0.20456116463860585,0.16219594965410955,0.19062411159504453,0.11094040423631668,0.022967766970396042,0.09782391966357308,0.042732002354603726,2.7508835792541504,15.73725414276123,89.10290948275862,blues
1.9780017137527466,40.13429260253906,-0.004770976956933737,2.46258807182312,0.0007515916950069368,1.4560503959655762,0.39893433451652527,0.29183265566825867,0.5134050846099854,0.23213422298431396,0.5134050846099854,0.23213422298431396,2155.845202161907,433.710566257427,2371.995585844167,245.5962000420594,5011.532444079901,968.6943328699722,20.792140054278352,9.417056397751468,0.006469429470598698,0.004542728420346975,-0.014083178452497005,0.12820050584628678,0.16917127628803758,0.19563294554419255,0.12730543315410614,0.036289945244789124,0.08717463022041763,0.0349986165689205,3.749701976776123,17.218372344970703,129.19921875,blues
3.5161046981811523,38.82506561279297,-0.0030657241586595774,1.6458312273025513,0.0011469899909570813,1.2652260065078735,0.39011749625205994,0.2937798798084259,0.5127934217453003,0.22826774418354034,0.5127934217453003,0.22826774418354034,2279.031118649042,413.41583787097136,2375.2320905788447,230.19308780549676,5198.686455463312,754.8668773624744,21.72947209117237,9.414880445820657,0.005401221103966236,0.003791241208091378,-0.00890087339633399,0.10061046568577613,0.18648462301685406,0.2185809929262378,0.1362091600894928,0.02161799743771553,0.09252533171403712,0.030041231172303187,4.216822624206543,21.71393394470215,135.99917763157896,blues
1.1208544969558716,48.21052932739258,-0.001156142563559115,1.7733728885650635,-0.0004625223809853196,1.0968888998031616,0.4296855926513672,0.30002275109291077,0.536122739315033,0.22713299095630646,0.536122739315033,0.22713299095630646,1739.118783072362,380.6461038146927,2290.362915529216,255.68850871238956,4551.058301460992,905.3710577318088,21.932531870293683,8.184886722023638,0.0016977651976048946,0.0012230504071339965,-0.013779814087810071,0.09275315740837413,0.1943753673822989,0.22691225756199568,0.14828185737133026,0.02662600204348564,0.048048310010634185,0.016315251808262494,5.315005779266357,31.920204162597656,129.19921875,blues
0.36614689230918884,51.687686920166016,0.0010463090147823095,2.7610387802124023,0.0008381328661926091,1.624030351638794,0.38802337646484375,0.30845239758491516,0.4554944932460785,0.2571888566017151,0.4554944932460785,0.2571888566017151,1913.013075046242,575.9580467301105,2361.665525153213,304.32558898834316,4777.714832420968,1135.4431122709886,21.417668303403808,8.399333630090336,0.0032159900292754173,0.0037167861592024565,-0.010266541555225212,0.15402089793087784,0.12199645672739093,0.15442228075482728,0.1025458574295044,0.030758097767829895,0.05845780162412993,0.030123828445441498,2.6495654582977295,17.07916831970215,123.046875,blues
0.13208743929862976,45.77605438232422,-0.0017541373381391168,1.8525323867797852,0.0005108595942147076,1.1276087760925293,0.33642253279685974,0.29345589876174927,0.350495308637619,0.26339253783226013,0.350495308637619,0.26339253783226013,2013.0124617688696,403.30130140509215,2310.0926355891256,209.82872901966903,4848.792721777118,762.3009434940188,22.390800203345826,8.66591684885847,0.003198683727532625,0.0031720532570034266,-0.05297587372280764,0.20932724310503797,0.1715221525542603,0.19833182031965307,0.11219958961009979,0.02297990769147873,0.07532370818832174,0.028984417568811274,2.961052179336548,14.779457092285156,151.99908088235293,blues
1.8390107154846191,40.109283447265625,-0.005649235565215349,2.422020435333252,-0.0013717388501390815,1.3726099729537964,0.3795088231563568,0.2890651524066925,0.47719401121139526,0.23933641612529755,0.47719401121139526,0.23933641612529755,2148.129104035021,407.996711245408,2204.0829869674467,282.91019625377305,4672.105545787413,907.1665890528745,21.605656746321955,9.024179726734513,0.005728001706302166,0.0053134276531636715,-0.011311804095172753,0.1424251959646212,0.184948446362951,0.21390118350927453,0.12389669567346573,0.030328286811709404,0.09876687270398299,0.036190426062726676,3.387634038925171,14.334342956542969,123.046875,blues
-4.050267219543457,67.49990844726562,-0.0011261503677815199,2.5908844470977783,0.0020626757759600878,1.5368504524230957,0.27759310603141785,0.3011153042316437,0.3229138255119324,0.2813035547733307,0.3229138255119324,0.2813035547733307,1318.6118508553814,641.8123461797182,1904.751803584167,412.524648062247,3046.5652076384863,1751.4018859305652,22.541136990310008,7.131438460072283,0.0010670213960111141,0.003054325934499502,-0.05006457768354049,0.24403005652007043,0.10951751845955893,0.13727175088851024,0.08853808790445328,0.02139872871339321,0.039961269818252126,0.027567029065949853,1.9342819452285767,11.789205551147461,123.046875,blues
4.211350917816162,37.95986557006836,0.004564582370221615,2.7511465549468994,-0.0003877012350130826,1.5102094411849976,0.40100908279418945,0.2994280159473419,0.6072536110877991,0.20814454555511475,0.6072536110877991,0.20814454555511475,1945.2525228542231,383.9670203172636,2081.763029936078,271.1807412645399,4174.460398238109,899.1018552348378,21.129625914283714,9.139364741204826,0.004334007389843464,0.0039635952562093735,0.0018470957057326394,0.10411989001769903,0.15728229215200423,0.18663447758587537,0.1822851598262787,0.06305438280105591,0.08579060022718484,0.034919943007375005,8.064297676086426,45.947322845458984,135.99917763157896,blues
4.848329544067383,36.25340270996094,0.002117377473041415,2.1652495861053467,-0.0023513236083090305,1.3386874198913574,0.3937021493911743,0.2919386029243469,0.5756329298019409,0.21578894555568695,0.5756329298019409,0.21578894555568695,1977.0957174136204,370.3625592622145,1927.7012073969408,271.8206408227606,3943.357335774362,834.0594812609022,21.551083514143315,9.102299967296986,0.004597407765686512,0.004747813567519188,0.02045124568067987,0.09944942865698149,0.18450580782859533,0.2122467536122074,0.19659239053726196,0.04136785864830017,0.10660165313225058,0.03076045527677864,8.621221542358398,40.0086784362793,99.38401442307692,blues
-1.0267516374588013,63.75870132446289,3.567929525161162e-05,3.8708465099334717,-0.0006043487228453159,2.0519158840179443,0.33900782465934753,0.30904966592788696,0.37874531745910645,0.2656169831752777,0.37874531745910645,0.2656169831752777,1443.7501126322195,669.8482136601872,1670.6889547376018,435.12308883881576,3070.6131158461426,1443.6084535580767,22.66250568600891,7.042436180151306,0.0020156181417405605,0.004241518210619688,0.09802273058472154,0.1585894835118585,0.08722073623053683,0.11681919569260785,0.09884554147720337,0.05474574863910675,0.0671879531612529,0.055531238553511796,2.7825636863708496,26.487998962402344,151.99908088235293,blues
3.0803890228271484,38.54750442504883,0.007088113576173782,2.902740240097046,-0.006240036804229021,1.754224181175232,0.4124424159526825,0.2929726839065552,0.5901982188224792,0.21865059435367584,0.5901982188224792,0.21865059435367584,2171.3957422720473,412.2298762625522,1954.254740024489,291.2955104849345,4237.303044790458,863.6222676963303,21.655523657663327,8.949133458789506,0.005949650425463915,0.0068100676871836185,-0.010324799348513311,0.08673614185007239,0.14683771329751918,0.1758881114441845,0.1682385951280594,0.06062687560915947,0.1328151434406419,0.04845768979456554,6.28931999206543,35.08342742919922,103.359375,blues
4.918613910675049,36.23306655883789,0.0018288574647158384,2.670436382293701,0.0007561180391348898,1.6065599918365479,0.4528796374797821,0.2818063199520111,0.5998105406761169,0.21168982982635498,0.5998105406761169,0.21168982982635498,2030.6170384368168,469.95570500088445,1987.1997406909852,271.91365759418994,4063.222169101653,920.6627904285533,20.875630527631674,9.445844582378088,0.0058713448233902454,0.007283233106136322,0.011078293944673337,0.09321510298275347,0.18968918747857516,0.21771147387021203,0.2008397877216339,0.059714678674936295,0.10339893597737819,0.04375984915419865,9.130135536193848,42.915374755859375,89.10290948275862,blues
3.2719335556030273,40.41170120239258,-0.007154644466936588,3.14670991897583,0.0010454397415742278,1.5767667293548584,0.4330459535121918,0.29616492986679077,0.6252924203872681,0.20149262249469757,0.6252924203872681,0.20149262249469757,2031.993384922239,436.9557838287683,1976.3541224550042,281.2104450840038,4023.536459088602,878.7016527348379,21.22791949133843,8.849873125425889,0.004768654238432646,0.005944713484495878,0.021344674371305834,0.08049692983549006,0.1622067926745547,0.19168134714082805,0.157663032412529,0.0656248927116394,0.11311924485208817,0.050287237296669576,6.062033176422119,40.50202941894531,135.99917763157896,blues
1.347442388534546,46.964168548583984,0.0018579128663986921,3.0393948554992676,0.0031303465366363525,1.6923807859420776,0.39099979400634766,0.29950159788131714,0.40957900881767273,0.26914307475090027,0.40957900881767273,0.26914307475090027,1811.5485980815145,589.3836555300975,2052.001565455245,345.84379822006764,3927.985992785673,1231.1292890517593,23.36077036388954,8.312795245805638,0.003509705886244774,0.005818325560539961,0.05286763961106581,0.18005163656167564,0.11166834557521271,0.1438775671828536,0.13775411248207092,0.05711021274328232,0.07550308451759474,0.0412101518241213,4.9409661293029785,39.626502990722656,161.4990234375,blues
3.150224447250366,41.22739791870117,0.011684522032737732,3.320281505584717,-0.0008369667339138687,1.9501718282699585,0.424422025680542,0.29180803894996643,0.5337544679641724,0.22765648365020752,0.5337544679641724,0.22765648365020752,1886.9577813534856,503.3779082054492,1913.2410487331017,351.3359172595353,3828.2471269576567,1116.6986037294375,21.249488748314864,8.992217856095992,0.004043941386044025,0.004873303230851889,-0.0030165108168328965,0.12554941455907692,0.13748879824829469,0.16834536207599968,0.1759180724620819,0.059735216200351715,0.08993966913186388,0.03917763179266563,7.319854259490967,40.143836975097656,92.28515625,blues
1.9121111631393433,39.96339797973633,0.007697018329054117,2.8538002967834473,0.0004305730399210006,1.818467378616333,0.3568170368671417,0.29604053497314453,0.5714970827102661,0.22831988334655762,0.5714970827102661,0.22831988334655762,2068.3321715132806,532.2978303329203,2033.958819937804,341.1036052216157,4231.815658533933,1063.4806131974713,22.210304225884016,8.720529593775696,0.005045032594352961,0.0055911666713654995,-0.02903851760023956,0.11777162616888874,0.13732487410114771,0.16554876078654457,0.16190661489963531,0.06921406090259552,0.10435170751160093,0.0439276251082811,6.499406337738037,39.41948699951172,107.666015625,blues
3.28310227394104,36.884456634521484,-0.004017683677375317,2.8677940368652344,-0.002269134856760502,1.778011679649353,0.40597057342529297,0.29156625270843506,0.6014806032180786,0.2185761034488678,0.6014806032180786,0.2185761034488678,2235.5723889220876,489.1752093636326,2099.7993513140095,224.96629578503018,4389.459355967228,850.7461953504245,21.908851963603688,9.218618344092482,0.005860254168510437,0.006127262022346258,0.021799943997168017,0.08193808018158708,0.1353548670568669,0.1639835192536991,0.1699170023202896,0.06522204726934433,0.1422416527697216,0.064898730924091,6.684357166290283,50.66286087036133,107.666015625,blues
4.814052581787109,37.041603088378906,0.008100925013422966,2.3813295364379883,-0.00019347690977156162,1.3470312356948853,0.4308488965034485,0.2835104465484619,0.5899946689605713,0.21043558418750763,0.5899946689605713,0.21043558418750763,1946.448570450021,353.4263031529081,1979.9041422588343,236.1500047849514,3955.7143633990718,799.6144925034345,20.964781241475347,9.274104591974003,0.0041425651870667934,0.0033278288319706917,0.013930100427704529,0.08170686303308425,0.1883626171391612,0.21504049158763575,0.19617338478565216,0.058723852038383484,0.09742287195475638,0.037378158312991384,8.830744743347168,45.650146484375,151.99908088235293,blues
1.3293957710266113,37.76814270019531,-0.0005932399071753025,1.956825613975525,5.7782006479101256e-05,1.3023825883865356,0.4519546627998352,0.2751648724079132,0.58937668800354,0.21893185377120972,0.58937668800354,0.21893185377120972,2503.937744869009,403.6153800283311,2180.4392324623277,184.5498872598979,5077.364425482164,630.1716885735535,22.27152115983223,9.607193145241071,0.0051452056504786015,0.004034189973026514,0.015122342223621625,0.07295123515155051,0.19597481959165305,0.22543067278840992,0.14166255295276642,0.02495012804865837,0.16753371519721577,0.05050237765193772,3.9094460010528564,16.842830657958984,129.19921875,blues
-3.7150280475616455,45.4678840637207,0.010432171635329723,2.709993839263916,0.006041844841092825,1.732853651046753,0.3119012117385864,0.30446359515190125,0.411465585231781,0.2538920044898987,0.411465585231781,0.2538920044898987,2280.154186884487,649.763029649828,2119.7941498111454,189.7426455682615,4732.98305856656,883.7642611717257,23.60464318830626,8.251161748959143,0.0031740630511194468,0.002458909060806036,0.030512038543039976,0.14323252365819983,0.1616443742439377,0.18852308938287637,0.10622777044773102,0.029416242614388466,0.11714180624033256,0.06148350570531057,2.4050307273864746,13.6687593460083,112.34714673913044,blues
-4.489450931549072,40.27450180053711,-0.010569765232503414,2.502779483795166,-0.001984877046197653,1.5459280014038086,0.33038976788520813,0.2998218834400177,0.430510938167572,0.2691299617290497,0.430510938167572,0.2691299617290497,2839.8868647026125,538.0649015679045,2443.989707087495,237.1669289986033,5711.47812137471,690.1187295975396,23.103562529246894,9.096351774931057,0.011079059913754463,0.009483829140663147,0.026699296129847207,0.1628299713924687,0.17219312370633552,0.20154465027568777,0.09622780233621597,0.04166489467024803,0.15441054294760248,0.05540021430684424,2.06726336479187,12.184659957885742,92.28515625,blues
-1.576798439025879,35.08012771606445,0.005935360211879015,2.137669801712036,0.0034515366423875093,1.3014041185379028,0.33265990018844604,0.2835373878479004,0.5619378089904785,0.22563223540782928,0.5619378089904785,0.22563223540782928,2553.3610730069104,328.4424800898414,2280.187545125477,181.1773589948621,5148.284104915893,525.7929118046876,22.131178566990076,8.854723929588914,0.010585765354335308,0.007929527200758457,0.009939061253546863,0.11316889042169627,0.19708019769353147,0.22348794835981786,0.11737103015184402,0.023367522284388542,0.14683293153035576,0.03254251301746449,2.882277488708496,11.7717866897583,78.30255681818181,blues
-4.541468143463135,38.64415740966797,0.0021065296605229378,2.177013874053955,-0.0006184705416671932,1.3794488906860352,0.29277053475379944,0.2965756356716156,0.42611730098724365,0.2589709460735321,0.42611730098724365,0.2589709460735321,2816.3627737389425,589.5850576568766,2372.057664509357,211.6665915447944,5613.737696671984,785.5459222647025,22.772043037155893,8.858767137920351,0.01003514789044857,0.007370219565927982,0.09176604666201102,0.14805423972701864,0.19911473692389445,0.22653054134848954,0.10029806196689606,0.029384223744273186,0.14628196297370458,0.050533249980619366,2.0427122116088867,10.841553688049316,107.666015625,blues
-0.7590203285217285,40.54286193847656,-0.0033853817731142044,2.699429512023926,0.0019190838793292642,1.656191110610962,0.37472301721572876,0.2979904115200043,0.48694923520088196,0.23710735142230988,0.48694923520088196,0.23710735142230988,2340.7341614757443,589.4640967954826,2256.39176179421,213.14176518833415,4972.721052059164,856.838802986626,22.518347414121653,9.054982014722391,0.006875490304082632,0.006554850842803717,0.02131867411437583,0.10367556631169349,0.17042263058885923,0.19700333817005763,0.11043558269739151,0.02654029242694378,0.12179161832946636,0.06324439645304665,2.5650930404663086,13.077953338623047,161.4990234375,blues
-0.5458062291145325,37.79730987548828,0.0002200150047428906,2.410104274749756,0.005008716601878405,1.4309144020080566,0.3379235863685608,0.29380011558532715,0.48731374740600586,0.23777136206626892,0.48731374740600586,0.23777136206626892,2258.1151497203095,468.19977530932823,2175.91919649329,236.16542134633957,4754.616183747825,831.4726557876455,22.464418176465554,8.612788180325792,0.005756134632974863,0.004056540783494711,0.06512846710023615,0.11745474218424086,0.21959905392147036,0.24486927375440842,0.12903983891010284,0.023652702569961548,0.1127057352088167,0.04131181612857065,3.590611219406128,16.302194595336914,161.4990234375,blues
-1.33539879322052,38.62328338623047,0.0054098572582006454,2.747007131576538,-0.001683235284872353,1.5453262329101562,0.28943267464637756,0.28762054443359375,0.5148372054100037,0.2325342446565628,0.5148372054100037,0.2325342446565628,2513.3453575324424,419.5001019363431,2345.021076813045,217.3037620146345,5246.740637688515,687.8493323341879,22.326191841056517,8.726526746743872,0.009363328106701374,0.008146892301738262,0.017033157297532898,0.14433130575088146,0.17435546480370281,0.2032400074116283,0.10304820537567139,0.03135552257299423,0.13510738411156226,0.03893213921541486,2.42708683013916,12.508587837219238,161.4990234375,blues
-5.773703575134277,41.35487747192383,-0.00048065491137094796,2.27980637550354,-0.0019309398485347629,1.3009660243988037,0.29205313324928284,0.2945851683616638,0.4584706723690033,0.26572614908218384,0.4584706723690033,0.26572614908218384,2371.309053062197,486.57061337094166,2209.9008263891455,207.60838494898948,5005.187393507105,697.047190484424,23.291982328149707,9.019381412399099,0.004098028875887394,0.0033291098661720753,0.05637930676675553,0.17259526313292375,0.21283862470609924,0.23977784999105753,0.11649022251367569,0.031092524528503418,0.12512877332269914,0.050021748685897705,2.901416778564453,14.751351356506348,78.30255681818181,blues
-3.3920366764068604,43.94328689575195,0.0054303682409226894,2.780540943145752,0.0005203051259741187,1.814198613166809,0.32279273867607117,0.30325883626937866,0.500188946723938,0.2606563866138458,0.500188946723938,0.2606563866138458,2159.398277499849,573.476680002106,2130.182083090916,261.9040935478579,4684.512534440255,1036.4879110705908,22.628608169185025,8.643169179758637,0.004829926881939173,0.004667256027460098,0.007535312611383827,0.11470396360548868,0.15543738624489065,0.18569022918263425,0.10609345138072968,0.03327430784702301,0.09834769854505027,0.041776611206590125,2.5475144386291504,13.23268985748291,143.5546875,blues
-0.2969043552875519,35.57829284667969,0.002403851132839918,1.844435214996338,0.0026914486661553383,1.1290582418441772,0.30516552925109863,0.28296053409576416,0.5009394288063049,0.23409578204154968,0.5009394288063049,0.23409578204154968,2429.0040940870153,312.64044296374504,2286.7671319832234,158.1674895292712,5065.090666237674,481.6667728858659,22.57273007908721,8.863304186321106,0.008378146216273308,0.006077907979488373,0.017651032894313523,0.1379242616144667,0.22011089601989683,0.2472212441072437,0.12049756199121475,0.018081562593579292,0.13464138328982986,0.03780500967737291,3.0545217990875244,12.903818130493164,73.828125,blues
-4.575993061065674,39.06255340576172,0.0022369069047272205,2.032377004623413,-0.001800841768272221,1.2335638999938965,0.3070811331272125,0.28411200642585754,0.3907546103000641,0.2595393657684326,0.3907546103000641,0.2595393657684326,2594.754688044524,541.2872046328747,2518.9037646575443,244.77455071154114,5659.768457257831,740.6055469360044,23.464147661643022,8.72994509158576,0.0078745661303401,0.007733433041721582,0.055928017208370415,0.15876991808501192,0.1717185921187448,0.19977177336227592,0.10386268049478531,0.021146260201931,0.1291906086861949,0.0529232917115919,2.4407522678375244,12.02346134185791,103.359375,blues
5.583865642547607,31.073097229003906,0.008138745091855526,2.1466586589813232,-0.0033792718313634396,1.494598150253296,0.34204182028770447,0.29011270403862,0.48027148842811584,0.23714196681976318,0.48027148842811584,0.23714196681976318,2094.777792927683,329.45989375434834,2158.361875262641,205.0963204028118,4482.603366081787,703.9957798466817,22.407333266111273,9.287909867950551,0.006059528794139624,0.0071371858939528465,-0.0022976130654499697,0.10838118413332762,0.18532300430992382,0.2163749030316041,0.25964370369911194,0.07405652105808258,0.10054024374033256,0.031527625219612276,15.786333084106445,85.6327896118164,99.38401442307692,blues
4.038618564605713,31.614837646484375,0.0003890647494699806,2.554197311401367,-0.0006033270037733018,1.7579872608184814,0.3671559691429138,0.29218173027038574,0.5223901867866516,0.23801450431346893,0.5223901867866516,0.23801450431346893,2515.4635686314255,522.0700391311896,2531.2236880607325,257.9836051059082,5770.831822795823,999.065825592579,22.20614285674242,10.08918054205368,0.01098273042589426,0.009468085132539272,-0.00867760436003516,0.09957131548751824,0.16430898110471248,0.1970938736014071,0.19693075120449066,0.06541775166988373,0.12089020507057231,0.04086368360736677,9.18009090423584,56.217288970947266,112.34714673913044,blues
4.421060085296631,39.445125579833984,-0.005933684762567282,4.232861518859863,0.0011485504219308496,2.6891751289367676,0.46638160943984985,0.2854847311973572,0.63108229637146,0.21297815442085266,0.63108229637146,0.21297815442085266,2224.0145847405415,681.0871437065928,2254.7335542592823,314.71952034421474,4700.258585139936,1366.4691611031185,21.07361299571058,9.731307827766887,0.008913392201066017,0.013434910215437412,0.031101528923357262,0.0805780180694925,0.10342981762119358,0.14896772613394255,0.19198641180992126,0.08952724933624268,0.10850946200696056,0.05670803356341425,9.162413597106934,51.38496017456055,117.45383522727273,blues
5.019876956939697,29.881593704223633,-0.0043195877224206924,2.070117712020874,-0.0012693105963990092,1.4317694902420044,0.36558449268341064,0.29650527238845825,0.34190890192985535,0.2673206031322479,0.34190890192985535,0.2673206031322479,2645.7246950388817,431.61929294014766,2426.1337925233142,225.29514218967498,5612.422056264501,761.4651850781972,23.44678438757612,9.64588406043829,0.00954403169453144,0.01024705171585083,-0.01728249786002633,0.18886343197887326,0.17890021209217669,0.20706711746239295,0.21887719631195068,0.06820283830165863,0.13647177711716937,0.051602384232895725,10.392817497253418,60.74784851074219,117.45383522727273,blues
4.603442668914795,32.1808967590332,-0.001849735388532281,2.5171642303466797,-0.0015698230126872659,1.9707375764846802,0.40899211168289185,0.28889036178588867,0.5486890077590942,0.23356370627880096,0.5486890077590942,0.23356370627880096,2207.1391896914824,429.22552409757054,2191.577407234482,274.7581381676905,4658.224706804669,1044.4180008481187,21.39855873219315,9.843353256913492,0.008254332467913628,0.007420495618134737,0.022834915844177336,0.11465757304897842,0.15616619955863426,0.1971083626982814,0.24307845532894135,0.07138346135616302,0.11153393573569219,0.03384076148434381,13.26060676574707,64.79115295410156,99.38401442307692,blues
4.852349758148193,30.132606506347656,-0.0007787273498252034,1.621983289718628,-6.317984662018716e-05,1.1423267126083374,0.41422727704048157,0.2880290746688843,0.6205689907073975,0.19795122742652893,0.6205689907073975,0.19795122742652893,2333.552482082229,299.6694982614096,2227.3610741193797,175.01014778800655,4942.777742531903,693.8663313373702,20.964763062793114,10.460575821150906,0.010025130584836006,0.005349818617105484,-0.020033876417540893,0.08057610574215023,0.19866759182572183,0.2324817378040788,0.25799304246902466,0.05225086957216263,0.12381951493619489,0.02364034993333738,14.264966011047363,65.15585327148438,123.046875,blues
5.434040069580078,28.895071029663086,0.0035829711705446243,1.944353699684143,0.004499203525483608,1.2377781867980957,0.421543687582016,0.2805745601654053,0.5171966552734375,0.23163722455501556,0.5171966552734375,0.23163722455501556,2442.941257538624,361.38034174633526,2358.6658883014015,178.15137288215757,5267.915786778567,643.9376394243802,21.778656712302123,10.42670209273926,0.01071681547909975,0.007299431599676609,-0.004351358534530187,0.10910353043093225,0.1889007583797867,0.21954460696734282,0.2707836627960205,0.043552372604608536,0.12468240948859242,0.034480177393541936,15.508376121520996,65.87815856933594,78.30255681818181,blues
2.616190195083618,36.18782424926758,0.005247646477073431,2.8152949810028076,0.0001111388482968323,1.792087197303772,0.368324339389801,0.2965235412120819,0.46366220712661743,0.25660786032676697,0.46366220712661743,0.25660786032676697,1827.2572927983213,394.1311817066692,1898.4619176162178,234.84503387526433,3743.613145301624,877.1282851966569,22.626015908359214,8.996538006734186,0.003940247464925051,0.00498796533793211,0.06602040509611846,0.1331306744427206,0.13751277496727707,0.17896770120457087,0.24235758185386658,0.08670604974031448,0.09403926793310131,0.03469774441628613,14.379653930664062,87.25445556640625,117.45383522727273,blues
2.388370990753174,35.53160095214844,-0.008799010887742043,2.073258399963379,0.0022451472468674183,1.347402572631836,0.38016843795776367,0.2841169238090515,0.5199509859085083,0.26260286569595337,0.5199509859085083,0.26260286569595337,2116.8973667172613,308.19265467869826,1956.355893699718,212.02293703605994,4195.785430412558,661.1593296019528,22.659571642891073,9.738990660841663,0.005480192136019468,0.004137896467000246,0.02899608337292758,0.1360993454653785,0.19094582280974853,0.21928612379939003,0.2481144517660141,0.07355606555938721,0.127271093145785,0.02697408845338931,13.4163179397583,52.8311653137207,103.359375,blues
3.190765142440796,32.44746017456055,-0.003622425952926278,2.389864683151245,0.00422237953171134,1.4454443454742432,0.33906108140945435,0.29429495334625244,0.5502344369888306,0.23255634307861328,0.5502344369888306,0.23255634307861328,2141.540773760361,356.74524451129344,2168.08535438474,273.07821688699846,4628.506221904002,985.1949329805676,22.54375810010563,9.395783187090908,0.006493243854492903,0.0054776547476649284,0.009404652255928818,0.1162842946733099,0.18890442868066065,0.21500149578813918,0.25124043226242065,0.061118096113204956,0.10512510271655066,0.025388313886557063,14.409056663513184,61.45937728881836,123.046875,blues
6.689297676086426,29.7098331451416,-0.00012231791333761066,1.9284131526947021,0.001006413483992219,1.1297591924667358,0.42730477452278137,0.28301963210105896,0.48831161856651306,0.21563303470611572,0.48831161856651306,0.21563303470611572,2315.021164983005,379.32288376376863,2261.837306640343,175.99986274114792,5036.6212070403135,666.7632260091543,21.180929449065246,10.340921956158654,0.008816483430564404,0.006968650501221418,-0.04049573824060386,0.11618216035516805,0.1838836964975118,0.22049174320394085,0.2511383295059204,0.05892666429281235,0.11795032144238206,0.03619288358699107,14.116364479064941,88.38521575927734,135.99917763157896,blues
4.794025421142578,34.80229568481445,-0.003439313732087612,3.2650275230407715,-0.0003388111654203385,1.9098154306411743,0.39618101716041565,0.29191941022872925,0.5405866503715515,0.234403595328331,0.5405866503715515,0.234403595328331,2060.8418796735327,478.9900187116986,2084.916613093866,286.2104844138763,4220.299641549449,1108.5567844741613,21.785367615619382,9.70534835537928,0.0072958082892000675,0.009705984964966774,0.039512978906623364,0.10649243058338073,0.1273798693505602,0.15985403080813324,0.23508118093013763,0.08427144587039948,0.11336735063805105,0.039377751106660155,12.97632122039795,54.91548538208008,112.34714673913044,blues
0.6888473033905029,55.595706939697266,-0.002143748104572296,2.909728527069092,-0.0006439219578169286,1.5832046270370483,0.315307080745697,0.30325081944465637,0.34790316224098206,0.2732103168964386,0.34790316224098206,0.2732103168964386,1311.9502871452892,638.2556364397963,1673.9597094122764,430.7293466730727,2636.376839834687,1438.6048920319672,24.034703224748167,7.447505888598411,0.0008442144026048481,0.0014824025565758348,0.055253348611550734,0.18121302383801938,0.17979171986388837,0.2064582625637276,0.15012377500534058,0.059855565428733826,0.05939169143948182,0.040873225366972,5.8028764724731445,40.090614318847656,143.5546875,blues
-0.6683422327041626,62.6475715637207,0.0011289820540696383,4.4161376953125,-0.0010464080842211843,2.5595459938049316,0.36592885851860046,0.31052085757255554,0.3970954418182373,0.26155900955200195,0.3970954418182373,0.26155900955200195,1245.6864186148603,844.5367680522803,1634.505436383305,579.0181704466839,2518.152393597738,1879.2632588989914,21.164219169313775,7.407883924794162,0.0026726818177849054,0.0071547506377100945,0.023179136991874814,0.13345997163536283,0.10350365545132431,0.141046946509381,0.12488463521003723,0.06056329980492592,0.04881868414056458,0.05222185514706172,4.4535813331604,37.682350158691406,123.046875,blues
0.5549687743186951,50.03646469116211,-0.006072467193007469,3.377020835876465,0.0006592368008568883,1.8880071640014648,0.33690157532691956,0.30776700377464294,0.3798135221004486,0.2694912850856781,0.3798135221004486,0.2694912850856781,1441.6808065190862,622.2184529386469,1870.0213726733798,383.2009951925202,3082.603762597883,1481.70129605327,22.663119777120887,7.864143181510981,0.0017875112826004624,0.0040066782385110855,-0.0440446622229392,0.1570419664392003,0.14535492905483838,0.17376697547238967,0.1579405963420868,0.0521770678460598,0.05086923880993813,0.033986388266437934,6.3827996253967285,45.49485778808594,172.265625,blues
0.07658763974905014,58.676170349121094,0.0007654333021491766,2.6131715774536133,-0.0024287498090416193,1.8248610496520996,0.37785354256629944,0.30458933115005493,0.44012778997421265,0.2561047673225403,0.44012778997421265,0.2561047673225403,1006.8718290855177,369.11956083303164,1530.6891910337326,388.31897827897365,2075.0064009026974,1007.2888749894938,20.580797612996633,7.035049025477681,0.0007214680081233382,0.001092894934117794,-0.0031168134314257436,0.10495868395128069,0.1605749497938463,0.19046529132020248,0.14199714362621307,0.058957554399967194,0.032053605955143075,0.013220904166497988,5.5870680809021,45.82931137084961,172.265625,blues
-6.252541542053223,86.56867218017578,-0.006610323209315538,2.936018943786621,0.0022761148866266012,1.6105520725250244,0.3486316502094269,0.32032209634780884,0.3300740420818329,0.2796810567378998,0.3300740420818329,0.2796810567378998,798.6570144423736,445.53833916615025,1284.9100008729756,361.5145559600366,1456.1058380764212,1034.7444572854715,20.903464061188178,5.526432247736769,0.0007662076386623085,0.006836444605141878,0.053319941716041694,0.1585355101713726,0.13332256681099958,0.17479435482676228,0.05275917053222656,0.04213608428835869,0.025648171645398298,0.020113806633551307,1.0765740871429443,18.68973731994629,107.666015625,blues
1.4125036001205444,54.05083465576172,-0.0016822589095681906,3.6336557865142822,-0.0022138117346912622,2.1252639293670654,0.37784892320632935,0.30867496132850647,0.37750282883644104,0.26581600308418274,0.37750282883644104,0.26581600308418274,1612.6456368857407,884.0225399943514,1971.6995942121744,494.9661523090516,3468.7358953560033,1900.5484052633396,22.55449310882282,8.262587640060236,0.0029663830064237118,0.006049766670912504,0.011390160884392259,0.16099640873906734,0.13276823172126068,0.1608532550146474,0.1318451315164566,0.04622967541217804,0.05819685626933488,0.05183053566332932,4.485587120056152,34.200374603271484,143.5546875,blues
-0.9632459282875061,68.7646484375,-0.00032314375857822597,4.431463241577148,0.0001916997425723821,2.6146984100341797,0.42225852608680725,0.30455294251441956,0.3860680162906647,0.2752171754837036,0.3860680162906647,0.2752171754837036,991.4865889707818,644.9572007645003,1396.6530973941317,512.2481262925153,1943.7254726471867,1509.152096051397,20.94192812148378,7.142955330820764,0.0024299337528645992,0.008531761355698109,0.022302339938667693,0.14687470817695925,0.09249470826051309,0.12991495315102525,0.09936381876468658,0.03584573045372963,0.03605237637761021,0.025541441123166947,2.5964064598083496,18.413999557495117,63.02400914634146,blues
-4.091589450836182,84.31381225585938,0.006854254752397537,3.1437442302703857,0.0029498750809580088,1.7630254030227661,0.39096885919570923,0.31694692373275757,0.33176231384277344,0.2829466760158539,0.33176231384277344,0.2829466760158539,918.6809999781145,723.1273565612186,1437.035104376424,438.5529211371371,1602.5332846940255,1512.530063883034,20.940630957199406,6.033148253593038,0.0011287941597402096,0.005177248269319534,-0.026589552096889547,0.21745189425415856,0.12907555553183603,0.15444828293331817,0.06303955614566803,0.03914294019341469,0.03231153023491879,0.0400037193128851,1.2796789407730103,17.756210327148438,83.35433467741936,blues
-3.5381128787994385,89.06474304199219,-0.0013481430942192674,2.271526575088501,0.0014404751127585769,1.3209691047668457,0.37769487500190735,0.31046512722969055,0.2769398093223572,0.2817842662334442,0.2769398093223572,0.2817842662334442,570.3499042411772,323.95543161972716,995.5058534728203,291.04050844120565,929.3001037739269,707.08712896986,21.40320226444322,5.389356903285548,0.0004570060991682112,0.004867644049227238,0.03073709968164555,0.24840317730152311,0.09720009673831016,0.12438784912349814,0.06586000323295593,0.0424734428524971,0.02169698315448569,0.010838293447427707,1.4546703100204468,16.682231903076172,58.72691761363637,blues
0.051940858364105225,59.96047592163086,-0.0045585064217448235,2.796139717102051,0.000591184594668448,1.6165860891342163,0.3766823709011078,0.3096913695335388,0.32993823289871216,0.2731480598449707,0.32993823289871216,0.2731480598449707,1239.633448009122,725.84329010999,1660.2697042703267,482.64633106095823,2519.268189892691,1680.7798357229835,22.884597742672693,7.209766728850648,0.0011167096672579646,0.002131351735442877,0.035509328419352476,0.18095652344476798,0.1574504545614456,0.19147147409383516,0.14094436168670654,0.0732535868883133,0.05087905730375097,0.05005440551060005,5.814694881439209,66.2748794555664,103.359375,blues
2.2637851238250732,47.67424011230469,-0.00022707140306010842,2.841583490371704,-0.0010993845062330365,1.6841386556625366,0.3699634075164795,0.302133172750473,0.4095670282840729,0.25881198048591614,0.4095670282840729,0.25881198048591614,1388.6328938873341,713.724800497489,1773.0364548714986,405.8965284900367,2754.9426864305397,1469.8463932189795,22.85928583319493,8.266451649498158,0.001599157345481217,0.0036520641297101974,0.010183881615873646,0.12690742206769431,0.1892485507418196,0.21723350654116586,0.18699833750724792,0.0464710108935833,0.05714703270011601,0.03645161508285679,8.57926082611084,47.86638641357422,135.99917763157896,blues
-9.553156852722168,80.07215118408203,0.009072847664356232,2.4100334644317627,-0.0005035941721871495,1.3468273878097534,0.26060256361961365,0.30304020643234253,0.2697172462940216,0.29002389311790466,0.2697172462940216,0.29002389311790466,1132.1718112407832,564.8807885510225,1582.7004629114099,388.9513805091358,2065.0724831424013,1318.3066035825523,23.62881367840134,5.938548322551241,0.0009257587953470647,0.0033455288503319025,0.043362753499404307,0.26571896081716534,0.15352359396295256,0.179415502258451,0.05136320739984512,0.02925223484635353,0.04829301708720031,0.035580615216666854,0.8135327100753784,5.9364447593688965,143.5546875,blues
1.5986169576644897,52.25933074951172,-0.0018642240902408957,3.211219549179077,0.0011306507512927055,2.072131633758545,0.37517476081848145,0.3064345717430115,0.41398173570632935,0.26047608256340027,0.41398173570632935,0.26047608256340027,1236.310511771213,650.2078160590752,1601.9787176890163,543.7130222384752,2603.544117513776,1577.0113793291605,21.9662755484952,7.632269990992637,0.0018190463306382298,0.0039047254249453545,-0.0010898157142767962,0.11112554464560809,0.168124649900164,0.1936106893011795,0.19822707772254944,0.05433168262243271,0.04461485825116009,0.027613426139476517,9.806483268737793,62.02616882324219,117.45383522727273,blues
1.833816409111023,38.19195556640625,-0.002488214522600174,2.372629404067993,-0.0004982758546248078,1.5088255405426025,0.44319093227386475,0.27987632155418396,0.5385676622390747,0.23172514140605927,0.5385676622390747,0.23172514140605927,2310.352908011415,437.4486669540493,2206.409153660281,249.52717786903952,4829.0914230169665,786.3703609945462,20.798498020932445,9.233272853466943,0.009163226000964642,0.008551309816539288,0.05998369939432,0.10233621806752463,0.1453310457122653,0.17797950964578169,0.1253553330898285,0.041288115084171295,0.12843231885634185,0.049316772447832585,3.3577489852905273,14.51607894897461,123.046875,blues
-3.389784812927246,57.67759323120117,0.000902555591892451,2.546975612640381,0.0008149435161612928,1.2976385354995728,0.3702302873134613,0.2917869985103607,0.44056034088134766,0.26245713233947754,0.44056034088134766,0.26245713233947754,1538.5123663814206,474.6007706255195,1703.4818100127725,323.0464618842549,3174.357190762761,1018.6789945465274,20.396184998281086,6.9130070245621065,0.002278896514326334,0.0038008575793355703,0.05848421505560713,0.13716470880649884,0.15293732695561454,0.1786408672059269,0.10498540103435516,0.07312995195388794,0.07476858565351895,0.04088709637978061,3.3115103244781494,20.925540924072266,92.28515625,blues
-6.906078815460205,69.4112777709961,-0.0017003307584673166,1.831244707107544,-0.0016461826162412763,0.9968197345733643,0.25236058235168457,0.2900838255882263,0.356376588344574,0.2771148383617401,0.356376588344574,0.2771148383617401,1505.3574604811186,210.78598821326395,1559.2288945546181,209.2017521990057,2717.238763866734,546.8217260400228,23.372866116465037,6.429320858135362,0.0009096294525079429,0.0009172888239845634,-0.021628167442193695,0.18617609362123302,0.22387983152867263,0.25399556241805016,0.03623300790786743,0.014866630546748638,0.0982227015661253,0.02077002111003926,0.32552018761634827,2.262826681137085,95.703125,classical
-9.946949005126953,79.5401611328125,-0.001176827005110681,1.4556400775909424,-0.0013489221455529332,0.7362977862358093,0.21497735381126404,0.2915656864643097,0.27802005410194397,0.2834663391113281,0.27802005410194397,0.2834663391113281,1361.006486221469,248.97208790718926,1441.7399507883874,180.79780981758694,2389.011462713892,609.1851611354297,25.18686634537858,6.02758913844801,0.00032848413684405386,0.000390161614632234,-0.009519441837849548,0.2507384987192137,0.2551784539122074,0.28481572990815723,0.030609844252467155,0.012691445648670197,0.08776562802107502,0.025093409289414628,0.23716670274734497,2.11653733253479,112.34714673913044,classical
-5.384613037109375,63.63685989379883,-0.006180717144161463,1.7830044031143188,0.0006159031763672829,1.060452938079834,0.2778935134410858,0.2893785536289215,0.3777039051055908,0.26807984709739685,0.3777039051055908,0.26807984709739685,1490.2748102133896,197.54467079824832,1600.005082119793,176.73981514271065,2785.4189135912125,524.3209706767336,22.89431522361701,6.500911353347568,0.0010952509474009275,0.0009210960124619305,-0.007650268394024415,0.15755244152224096,0.22274033851282168,0.25108313009663513,0.043827712535858154,0.01384752243757248,0.09004578439191802,0.01988032017835175,0.45391926169395447,2.4995369911193848,99.38401442307692,classical
-8.243529319763184,80.88153839111328,-0.003906892146915197,1.3893595933914185,0.0003366369055584073,0.7003809809684753,0.23422065377235413,0.2888789474964142,0.25252142548561096,0.280513733625412,0.25252142548561096,0.280513733625412,1526.628931824985,302.26810087171555,1499.4620500848152,245.34408916075995,2916.150270537268,706.8395495974241,25.663545466010515,5.934437027157786,0.0004542004899121821,0.0007041979697532952,0.07368323601380398,0.25044296589372983,0.2482079449966507,0.2770380038437943,0.029426444321870804,0.018881114199757576,0.10894638498163187,0.034071146751847727,0.2366691529750824,2.267496109008789,71.77734375,classical
-9.780669212341309,65.62910461425781,-0.0013943550875410438,1.44805908203125,0.0006573596620000899,0.8345732092857361,0.22151817381381989,0.2915259003639221,0.3440651297569275,0.278306245803833,0.3440651297569275,0.278306245803833,1705.7912691531124,261.00080114645664,1646.3239737711508,160.95737882119823,3175.8060605785963,576.7012115180712,25.02343360591116,6.9345802163822405,0.0007401164039038122,0.0005808369605802,0.05251247942230657,0.19383880305954831,0.2619290985768623,0.2911629986345442,0.04229772463440895,0.014469007961452007,0.11285716659416087,0.02889636771419712,0.39694929122924805,2.883903980255127,161.4990234375,classical
-6.6996941566467285,70.81472778320312,-0.0026609287597239017,1.8346630334854126,0.0004796995781362057,1.014241337776184,0.26850640773773193,0.2872779965400696,0.3534066677093506,0.2693549692630768,0.3534066677093506,0.2693549692630768,1431.0801468671514,272.1416198320409,1558.017376952236,198.17427003035365,2836.06274244127,552.3216519963352,22.30657591621119,6.12770717973947,0.0011695746798068285,0.0012339991517364979,0.038624708474389875,0.1772615637600933,0.21467999162914356,0.24537913986280335,0.04323916509747505,0.024174515157938004,0.07521004024071926,0.024855698588455193,0.5513541102409363,3.5834670066833496,143.5546875,classical
-7.093729496002197,75.27934265136719,-0.0010872319107875228,1.2602534294128418,0.0007695394451729953,0.6300168037414551,0.26142844557762146,0.2917385995388031,0.3049769401550293,0.28345152735710144,0.3049769401550293,0.28345152735710144,1372.6940993686428,265.2299930128234,1579.2369224538354,173.39820896996312,2737.930956351508,561.8007839324465,24.39100733103037,5.824118133836923,0.0006053636898286641,0.00048144388711079955,0.060213077672867814,0.20947972474088514,0.2765645795259124,0.3067940758609706,0.03320465236902237,0.018674515187740326,0.07290118365719257,0.02705456580395845,0.3249487280845642,2.472102642059326,99.38401442307692,classical
-6.872645378112793,75.04989624023438,0.001430508098565042,1.8914936780929565,0.0005505049484781921,0.9593828916549683,0.2765986919403076,0.29581600427627563,0.3292365074157715,0.2772188186645508,0.3292365074157715,0.2772188186645508,1358.9954445281364,360.746177844503,1516.3581505962554,219.51764732371063,2668.2852831351506,718.1506628573607,22.86659557303329,5.981075664640661,0.00080439867451787,0.0009349698666483164,-0.015108687639346297,0.21793186797137118,0.21376497903584024,0.2444295728758665,0.040877241641283035,0.02779528684914112,0.07312700901488786,0.03390882430421418,0.5437844395637512,4.5178656578063965,215.33203125,classical
-8.180758476257324,74.32179260253906,0.001260576886124909,1.7782847881317139,-4.791824540006928e-05,0.8645779490470886,0.2547384798526764,0.2902069091796875,0.3044952154159546,0.2797049880027771,0.3044952154159546,0.2797049880027771,1516.848913603582,283.5715270556641,1629.4627805933985,189.93482207125118,2974.3215609592517,555.1685007649209,23.713538991795996,5.746609663235263,0.0011036202777177095,0.001163790817372501,0.06325926963494488,0.21482859621058428,0.2456849092264351,0.2765204722465208,0.034033119678497314,0.02144502103328705,0.07877792983855375,0.02557156786636104,0.3624844253063202,2.820317268371582,135.99917763157896,classical
-9.48770523071289,87.8275146484375,0.006201912183314562,1.1060078144073486,0.0008541895658709109,0.5634528398513794,0.27055802941322327,0.2868726849555969,0.26049184799194336,0.28434500098228455,0.26049184799194336,0.28434500098228455,1216.3713864035042,347.9035854855666,1582.8796260489835,269.89688823546464,2560.7691505945477,831.6871008647017,24.07067535391574,5.0424685389709465,0.000543269095942378,0.0006826433236710727,0.06236889589227129,0.2704198771891515,0.27910526045053274,0.3128908557289611,0.023791903629899025,0.01413627527654171,0.056246752344354216,0.027765516815986446,0.1788892149925232,1.3104524612426758,234.90767045454547,classical
-9.216075897216797,79.17584228515625,0.0012982733314856887,1.9151884317398071,-0.00016709428746253252,1.0318526029586792,0.24494342505931854,0.2916437089443207,0.3661854863166809,0.2701742351055145,0.3661854863166809,0.2701742351055145,1497.5036380467266,286.19964973835846,1570.6729374048496,212.91645862138472,2868.703947487674,587.8393198539047,22.74620167864406,6.2879614014865375,0.0009961728937923908,0.0010273397201672196,0.004262471666996173,0.1932961067288285,0.20929595370361015,0.23779140889902917,0.02949928678572178,0.020230242982506752,0.08621732707366589,0.029102150055736974,0.27275437116622925,2.3861405849456787,103.359375,classical
-10.28538990020752,95.48834991455078,-0.005761883221566677,1.4425373077392578,0.0005456657381728292,0.7360758185386658,0.24493823945522308,0.29001662135124207,0.27145159244537354,0.29394468665122986,0.27145159244537354,0.29394468665122986,950.1801498031009,283.3952247636429,1112.634431739494,249.80736425952932,1697.3176818989268,644.9913369880452,23.25439459158076,4.446801551804665,0.00024182371271308511,0.0004421495250426233,0.08361879072705436,0.24755947171652223,0.2657936989134984,0.29925309961425045,0.021483667194843292,0.008841083385050297,0.06075721734822119,0.019877785226803172,0.12472155690193176,1.004380464553833,151.99908088235293,classical
-9.849063873291016,90.52073669433594,-0.00012129203241784126,1.4890934228897095,-8.409038127865642e-05,0.6581449508666992,0.23563843965530396,0.29481303691864014,0.3043552041053772,0.29494303464889526,0.3043552041053772,0.29494303464889526,1180.5324896152026,351.81165482087044,1332.250312809419,250.5765324939626,2154.8524506960557,740.1776049148382,24.15839405161708,5.026306431798082,0.00037823827005922794,0.00040753601933829486,0.08862970026352485,0.23774608747589143,0.27768308352431825,0.3121531820601978,0.031390510499477386,0.024799512699246407,0.06596252960653519,0.02718732348535051,0.36777645349502563,3.0292208194732666,95.703125,classical
-10.251484870910645,86.91280364990234,-0.005850186105817556,2.3725292682647705,0.0004629716568160802,1.0368376970291138,0.23210802674293518,0.28868961334228516,0.29325032234191895,0.27855920791625977,0.29325032234191895,0.27855920791625977,1388.1392656380106,466.40616500829,1456.4228258887367,298.0089404422662,2598.6645904328598,869.3841972204846,23.545658622991187,5.786474094182372,0.0006367931491695344,0.0007034093723632395,0.08768774623737503,0.22314844757271743,0.21238335608898562,0.24534209666209056,0.03170561045408249,0.026145851239562035,0.08087606643948182,0.03173984104227356,0.3726860284805298,2.6372082233428955,129.19921875,classical
-10.436883926391602,82.2813720703125,-0.002686565974727273,1.7661781311035156,-0.0007595464121550322,0.9641420841217041,0.23404847085475922,0.28918755054473877,0.3057819604873657,0.28062617778778076,0.3057819604873657,0.28062617778778076,1279.5154519537928,313.6353183827652,1370.605632524937,220.94437826102256,2389.161345798289,621.0866558638849,22.88945126840615,5.074085004010326,0.0006105810170993209,0.00069723668275401,0.06633794057078664,0.21582465605010176,0.24473351386552128,0.2817702920882718,0.031600046902894974,0.024383889511227608,0.06845076251933488,0.022364032329420296,0.35644254088401794,3.0789475440979004,143.5546875,classical
-12.506904602050781,106.198486328125,-0.0003910583327524364,1.1189281940460205,-0.0004661022103391588,0.6042848229408264,0.21663475036621094,0.2900345027446747,0.35484811663627625,0.27394378185272217,0.35484811663627625,0.27394378185272217,1371.4447396060214,333.8164822207126,1562.1162072434677,251.65417945428314,2619.5566270301624,783.3011803757338,24.16284343980378,5.110057178476113,0.0005755939637310803,0.00041170252370648086,0.0381907216531269,0.1853692143413678,0.30021787541131056,0.33220693982061916,0.011428219266235828,0.009400876238942146,0.07571871374709976,0.025267684465738547,0.049245089292526245,0.48297932744026184,83.35433467741936,classical
-14.678349494934082,114.13187408447266,0.003077086992561817,1.757657766342163,-0.0004118209471926093,0.9202303290367126,0.2193211019039154,0.29146620631217957,0.26935499906539917,0.27319660782814026,0.26935499906539917,0.27319660782814026,1054.7328868522359,296.73343445566695,1455.7671648912903,222.2489027102027,1947.5391644612819,741.6985268304247,22.00494773370909,4.48261071248598,0.0005285016959533095,0.00047835003351792693,0.03885530479240774,0.23847938761901535,0.23864661542329074,0.27564636286836003,0.00801180675625801,0.004215356428176165,0.04765745843000773,0.020514094978479974,0.01897088810801506,0.14518718421459198,99.38401442307692,classical
-10.307671546936035,81.48872375488281,0.0012352035846561193,1.5715360641479492,-0.0003496738208923489,1.0778695344924927,0.25638508796691895,0.29340437054634094,0.34595170617103577,0.2700352966785431,0.34595170617103577,0.2700352966785431,1358.6023759424515,284.9780828350768,1417.3935040359652,284.45162193415933,2417.539209777407,698.7873509199843,22.37186878322087,5.671868130577534,0.0008869160083122551,0.0008187743369489908,0.040298528482572794,0.19496646892759872,0.21881782503650826,0.2526176556580511,0.0373547188937664,0.032111674547195435,0.08107885610015468,0.016881117460658113,0.5349225401878357,3.5348339080810547,89.10290948275862,classical
-10.765462875366211,98.3144302368164,-0.0008565282914787531,1.3139413595199585,-0.00036841374821960926,0.6161103844642639,0.2390279322862625,0.29093876481056213,0.3264109194278717,0.2765677273273468,0.3264109194278717,0.2765677273273468,1157.8655406408493,433.2389405830649,1320.6167049696312,385.7078515015166,2181.9063474296695,963.671726612266,23.55741054280222,5.051761811015951,0.00038650172064080834,0.00042437558295205235,-0.0005432820062386431,0.20049012783806294,0.27534629802443594,0.3085990859882801,0.018675077706575394,0.017888030037283897,0.0706663434116396,0.02871592101595412,0.15402382612228394,1.776445746421814,161.4990234375,classical
-13.506355285644531,112.68853759765625,0.0031507452949881554,1.472064733505249,-0.0008070017211139202,0.6593844890594482,0.2840197682380676,0.30131638050079346,0.3746388554573059,0.27343517541885376,0.3746388554573059,0.27343517541885376,1185.144479134992,427.42299627239254,1525.2572656860052,289.1594005150567,2290.6215446454466,907.7180101983463,22.00383569796868,4.987629217422566,0.0006587348761968315,0.0004998210351914167,0.029084294082091837,0.1887410466168652,0.2831632582782675,0.3126408847732598,0.007990316487848759,0.005463006440550089,0.057628894165699926,0.032851951261198005,0.02153102122247219,0.20607002079486847,184.5703125,classical
-8.629474639892578,79.0538558959961,0.0030189233366400003,2.1784536838531494,-0.000631448405329138,1.2924199104309082,0.2689635157585144,0.29082754254341125,0.3352906107902527,0.2834555208683014,0.3352906107902527,0.2834555208683014,1218.1514494719818,325.8157374292906,1353.4574729324129,281.03658440841,2294.676714762181,685.1035181252722,22.98354098939423,5.667484276004058,0.0005212406977079809,0.0005715148290619254,-0.013843430948625666,0.21752371843002433,0.20226804092306563,0.23548725265581227,0.038423504680395126,0.022702112793922424,0.0697996725154679,0.022785273066284265,0.45274731516838074,2.881024122238159,143.5546875,classical
-9.230945587158203,74.66604614257812,0.0022082459181547165,1.7485847473144531,-8.96708297659643e-06,1.0497922897338867,0.266849547624588,0.2891567051410675,0.36659687757492065,0.2729961574077606,0.36659687757492065,0.2729961574077606,1371.3948853640532,328.7691595931713,1441.3355777497557,280.6047376694099,2570.2867264537413,730.2400841949814,22.026684742308262,5.739166614409013,0.0010956949554383755,0.0011261141626164317,-0.02699758216492239,0.18590073901549056,0.2223158407467759,0.2538007050703047,0.04545145854353905,0.03883770480751991,0.07953924074342614,0.023595589448947137,0.7793769240379333,4.997560501098633,135.99917763157896,classical
-7.801135540008545,76.09265899658203,-0.006033302750438452,1.413270115852356,0.0007098111673258245,0.7915269136428833,0.27621743083000183,0.2939291298389435,0.3537926971912384,0.28392544388771057,0.3537926971912384,0.28392544388771057,1211.4313268289068,237.6969628196632,1367.4757152666234,236.8062212736501,2237.3880691705335,555.9285090311058,22.38855689695455,5.472543030932712,0.0006735574570484459,0.0008365544490516186,0.007632646913445695,0.19091213217568115,0.24955584099254177,0.2810350358406864,0.04787006229162216,0.029763564467430115,0.06844094402552205,0.019855197938434394,0.7037448883056641,4.511293411254883,107.666015625,classical
-9.479114532470703,99.34626007080078,0.0028358488343656063,1.1557245254516602,-0.0006525949575006962,0.5803882479667664,0.26729923486709595,0.2975098192691803,0.23540474474430084,0.2738956809043884,0.23540474474430084,0.2738956809043884,983.9717194937225,217.0443242999626,1404.4080407237955,157.29675706128378,1853.1294749673723,541.3571077394264,23.256242478371373,4.661581515965768,0.0003021569282282144,0.00021426420425996184,0.007466101891361357,0.278540204155495,0.29638474886208904,0.3279776761477299,0.017138013616204262,0.006725663784891367,0.04421683161736272,0.018599309902586767,0.0786600410938263,0.5627944469451904,95.703125,classical
-6.41698694229126,63.87907791137695,0.004183716606348753,2.1375832557678223,-0.0002497397072147578,1.2264680862426758,0.253279447555542,0.29015296697616577,0.3441844880580902,0.28048592805862427,0.3441844880580902,0.28048592805862427,1253.0323992049648,240.7408898939571,1371.258169614429,216.35336268113417,2292.7698688551336,526.5585429787172,23.350275302891973,5.769396982718783,0.0005660618771798909,0.0005116596585139632,0.011574723218529866,0.18207947744798944,0.19076768666538121,0.22393220685250034,0.0666644275188446,0.02363339439034462,0.07162893343967518,0.01784513817724013,1.1320172548294067,6.394459247589111,151.99908088235293,classical
-5.582820892333984,64.52494049072266,0.0005313660367392004,1.5493968725204468,-0.0001153001285274513,0.9266378879547119,0.2973892092704773,0.2901504635810852,0.43490442633628845,0.2662169933319092,0.43490442633628845,0.2662169933319092,1184.2726167313842,232.8285738712473,1304.9373982761554,179.80721776343879,2139.4394735172564,449.6426140299254,21.747501844659066,5.866964141636255,0.0005948130274191499,0.0005481408443301916,0.03369927014054904,0.169435854022962,0.2212330150956857,0.25183765547404297,0.06408752501010895,0.022794408723711967,0.0682921560808198,0.019619772210427548,1.053673505783081,6.262720584869385,129.19921875,classical
-11.095579147338867,81.91914367675781,2.5739323973539285e-05,1.9184901714324951,0.00034748006146401167,1.0747294425964355,0.2456860989332199,0.2899600565433502,0.30710166692733765,0.2845684587955475,0.30710166692733765,0.2845684587955475,1278.5184062359633,259.2569141099874,1311.7939716144735,231.21912284924662,2233.232976997535,578.4344100678559,23.552378628359396,5.345956384094473,0.0005530369817279279,0.0006470612133853137,0.0977243861188349,0.21853874311088586,0.2276963995369288,0.25796689852525007,0.03888613358139992,0.035281240940093994,0.08173216357308585,0.020765302103217333,0.6025446057319641,4.770578384399414,161.4990234375,classical
-9.799266815185547,92.79387664794922,-0.0015258768107742071,1.0956501960754395,0.0002642576291691512,0.606544554233551,0.24069078266620636,0.2891221344470978,0.243693009018898,0.2875596880912781,0.243693009018898,0.2875596880912781,901.7378802312896,165.52522689389244,1171.8336152642564,162.03135138207392,1456.4555652733468,358.5862417905947,23.432212925868807,4.699713064134012,0.00019028485985472798,0.00015827111201360822,0.08134578692259727,0.2748844431443782,0.2990176536971756,0.3292584728923564,0.028405772522091866,0.01440190989524126,0.053432620963843776,0.01669272701160627,0.23401255905628204,1.4320242404937744,135.99917763157896,classical
-6.850053310394287,64.3359146118164,-0.0005464919377118349,1.6672381162643433,0.0005744710215367377,0.8824591040611267,0.2628921568393707,0.2900531589984894,0.3309764564037323,0.2790328562259674,0.3309764564037323,0.2790328562259674,1314.399292126819,377.82708607925963,1371.4197451106804,303.2571340627531,2398.803824227813,762.7632601128846,23.114354653920493,6.300273530761744,0.0005668314406648278,0.0005168397910892963,0.08558550595120522,0.1963445163841563,0.24236379099536245,0.2764491118833022,0.06257814913988113,0.02557106874883175,0.08109509437838361,0.026367740467711148,1.0017759799957275,6.718706130981445,161.4990234375,classical
-9.153802871704102,78.33931732177734,-0.008465268649160862,1.6890668869018555,0.0005477357190102339,0.9345538020133972,0.24689514935016632,0.28735730051994324,0.3534999489784241,0.2755010724067688,0.3534999489784241,0.2755010724067688,1559.3040287467168,428.6584984678496,1579.0709121044893,263.28721914637293,2923.1947755039155,813.9330891653525,23.077948194726133,6.135586895102893,0.0011400788789615035,0.0010492125293239951,0.05821653996767663,0.18419958180074203,0.2493731680854632,0.2796836476092327,0.041609987616539,0.03492489829659462,0.09219376873066512,0.0337758022762036,0.6444793343544006,4.400777339935303,135.99917763157896,classical
-13.272103309631348,79.7105941772461,-0.0012771586189046502,1.3944123983383179,-0.0019187568686902523,0.7320680618286133,0.2783711552619934,0.29416319727897644,0.352143257856369,0.27932578325271606,0.352143257856369,0.27932578325271606,1243.6691621009502,359.1715829699079,1359.0781704941119,240.62401754573992,2352.889639374275,698.642262348329,22.025031375721014,5.678021088047783,0.0005800190847367048,0.0005499280523508787,0.0028712313665153048,0.1859649558422674,0.2775631662654839,0.30788869647804945,0.02971045859158039,0.016566332429647446,0.06370465366395979,0.029301198132225124,0.2635180354118347,2.6037003993988037,117.45383522727273,classical
-11.267279624938965,93.89501953125,-0.004159609787166119,1.962961196899414,0.0022963546216487885,1.7026034593582153,0.30325135588645935,0.29932111501693726,0.406014621257782,0.2730005979537964,0.406014621257782,0.2730005979537964,822.6139611536199,261.00783993914825,1136.385886870506,258.7882192509078,1434.531000761311,622.3203054627438,19.374944154792136,5.070274633976621,0.0002794813772197813,0.00035041163209825754,0.028191082835697642,0.1409768424401003,0.1542181924046595,0.1847573890157417,0.026786793023347855,0.018495479598641396,0.03944315545243619,0.016750009858553346,0.24892881512641907,2.452305316925049,112.34714673913044,classical
-18.6001033782959,117.8289794921875,0.002762384247034788,0.8698605895042419,-0.0004295662511140108,0.5450000762939453,0.28324297070503235,0.29199448227882385,0.2763140797615051,0.27565425634384155,0.2763140797615051,0.27565425634384155,792.9088884169765,122.4146804883176,1205.3041487217174,154.89428663845962,1207.4498010622099,319.76279771302467,21.40229682683806,3.7979034362945505,0.00027046355535276234,0.00024280190700665116,-0.14233409119915408,0.216521508403294,0.2941467360069592,0.3265848872719978,0.00804220326244831,0.00457462714985013,0.036572756549690645,0.007911979043048047,0.02030596323311329,0.18260158598423004,103.359375,classical
-15.742019653320312,101.38607025146484,-0.00011996403918601573,1.027742624282837,0.0002829353616107255,0.574155867099762,0.30408838391304016,0.2988770604133606,0.3334939777851105,0.28223901987075806,0.3334939777851105,0.28223901987075806,1128.3811387274063,353.301825939967,1375.967708309089,287.0278438187473,2165.7939158570184,796.8616494075764,21.81476653628971,5.18395885258654,0.000610398012213409,0.0007477722829207778,-0.014613016379920307,0.21767941647866407,0.28154662280156106,0.31546502409910415,0.012353785336017609,0.013657604344189167,0.054395966260634185,0.026054410132698203,0.07886617630720139,1.971610426902771,95.703125,classical
-10.174810409545898,78.62299346923828,-0.0017483662813901901,1.3219020366668701,0.0009264572290703654,0.6729808449745178,0.27402547001838684,0.30154281854629517,0.2958165407180786,0.2825899124145508,0.2958165407180786,0.2825899124145508,1369.5923998136116,416.90823263366997,1465.8273109928452,223.9359627298079,2655.1038985462587,738.8368439440958,24.756616367937024,5.847499119148928,0.0004329000075813383,0.00043484504567459226,0.05731857428057521,0.21276296889068058,0.28901404321299384,0.32074887794963414,0.03889976814389229,0.025938624516129494,0.07354051865815932,0.03843022023735653,0.49730822443962097,4.1652092933654785,123.046875,classical
-9.360038757324219,83.23754119873047,0.004295469727367163,2.121028423309326,0.0008001186070032418,1.4350677728652954,0.31916186213493347,0.300400048494339,0.41704246401786804,0.2682768404483795,0.41704246401786804,0.2682768404483795,1016.2036312413069,514.2071420025242,1151.987370851228,325.4477679392054,1823.9772150522042,968.0818730578069,20.70980986693185,5.517361359061694,0.0004903114750050008,0.0007097176276147366,-0.00687836524494212,0.1447396458600979,0.17888298782058587,0.22171375158036194,0.04063602536916733,0.025397541001439095,0.06112352269431554,0.04508962479220333,0.519881010055542,4.815796375274658,151.99908088235293,classical
-16.66379737854004,98.7979736328125,-0.0022435348946601152,1.1787595748901367,-0.0001977661595446989,0.6217707395553589,0.2392798364162445,0.29837989807128906,0.3431629538536072,0.2847112715244293,0.3431629538536072,0.2847112715244293,1282.3275301478,549.8267845902661,1503.4940090040182,365.8582033033827,2441.9035378299013,1242.8489193180187,22.202113238500235,5.545392116363363,0.000868133851327002,0.0014093727804720402,-0.0013508470521349973,0.20077584807149113,0.28552094147028534,0.3156608738229881,0.015997374430298805,0.013772247359156609,0.059409440255220415,0.034017317311110615,0.1045210212469101,1.736135482788086,107.666015625,classical
-11.055824279785156,71.14139556884766,-0.000998120871372521,1.636202096939087,0.0005571150104515254,0.8833451271057129,0.28418007493019104,0.2956755459308624,0.36002129316329956,0.276275098323822,0.36002129316329956,0.276275098323822,1533.6492784629645,433.12025039510996,1464.3999469546397,235.14507968831572,2837.7197832076567,741.825913546738,23.060143201127353,6.511133270510979,0.0008455292554572225,0.0008358857012353837,0.020221265748838927,0.1869349224970764,0.24873843987004374,0.28035519842350215,0.04148009419441223,0.030247360467910767,0.09391540385730858,0.0416913552291741,0.5627664923667908,6.917145252227783,161.4990234375,classical
-10.755255699157715,73.04560089111328,0.0006376435630954802,1.718570590019226,0.0007329345680773258,0.8780682682991028,0.2946108281612396,0.29683050513267517,0.3793122172355652,0.2758682072162628,0.3793122172355652,0.2758682072162628,1279.4808753417974,303.84376128624825,1339.1274687059474,222.36727202022365,2378.020036524797,596.5519590680243,22.745724927758452,6.046506458703559,0.000571644282899797,0.0008329565753228962,0.03718014841605691,0.16995544915669886,0.22494112892928828,0.26692644623530354,0.04432253912091255,0.033052172511816025,0.07583880147911833,0.02740412627872636,0.6819689869880676,6.124712944030762,151.99908088235293,classical
-13.543937683105469,97.13617706298828,4.8235193389700726e-05,1.4610333442687988,-0.001099351211450994,0.8127354979515076,0.2708636522293091,0.30857232213020325,0.4775572419166565,0.262861430644989,0.4775572419166565,0.262861430644989,1633.582298996637,419.5787134380181,1734.778669852656,284.31476800014906,3161.83362637761,937.9142678203042,22.226872892974168,6.833126572000363,0.0012273985194042325,0.0010720184072852135,-0.011192176405472445,0.12757649747259067,0.25611086105784636,0.2899642440722725,0.012809237465262413,0.014803982339799404,0.10895658110982212,0.04867025753900056,0.08567703515291214,1.759989857673645,161.4990234375,classical
-12.017561912536621,87.73681640625,9.30114183574915e-05,1.266939640045166,-0.0020498030353337526,0.6853261590003967,0.25054970383644104,0.2989850640296936,0.3514734208583832,0.27468377351760864,0.3514734208583832,0.27468377351760864,1396.7128037657276,295.13975457123627,1525.5363770465235,259.48026973983366,2652.764057062065,695.5765459859629,23.50931363687157,5.2850322159713565,0.000704041332937777,0.0005757173639722168,-0.039032952791254086,0.1691409501245101,0.25993460445666366,0.2971367086045043,0.019727544859051704,0.012956076301634312,0.07262022368039443,0.02468872338409646,0.12441537529230118,1.2444044351577759,107.666015625,classical
-13.507189750671387,88.7260971069336,-0.0004713971575256437,1.3814126253128052,-0.0015693457098677754,0.6628676652908325,0.2682212293148041,0.2890714108943939,0.3903184235095978,0.2780657410621643,0.3903184235095978,0.2780657410621643,1329.4563630678226,331.430471871493,1415.5981775548419,202.10086735730582,2462.2959641458815,605.4792061476375,23.593384964542604,4.944082078191437,0.0006203071097843349,0.0005898576928302646,0.029387112434649913,0.1754907299137527,0.2542473745756813,0.28647627447641844,0.021284298971295357,0.02427165023982525,0.07881720381380511,0.0338743182056408,0.23592844605445862,3.9718856811523438,123.046875,classical
-5.6162896156311035,54.380577087402344,0.0005715585430152714,1.9742382764816284,-0.0005660979659296572,1.0851633548736572,0.26182422041893005,0.2897007167339325,0.3189725875854492,0.28619787096977234,0.3189725875854492,0.28619787096977234,1326.2905913173308,189.1789308006531,1326.6915009806619,184.4304225565988,2171.396349985665,411.5763983243335,21.22693705891486,4.873560080884544,0.0008983208099380136,0.0005648208898492157,0.09520783426933638,0.22799565348129497,0.19674696410274992,0.22735723416509251,0.1341332495212555,0.05203590914607048,0.09386497754204894,0.0167178318330432,4.310913562774658,20.267433166503906,198.76802884615384,classical
-8.854523658752441,68.59813690185547,-0.001975341932848096,1.659115195274353,0.0023105836007744074,0.8820292353630066,0.19099381566047668,0.2861801087856293,0.24413108825683594,0.28591176867485046,0.24413108825683594,0.28591176867485046,1063.396723083687,346.1330971816046,1552.7595174328826,405.2597525932863,1610.985025286398,1051.6132976080596,20.705487482612302,5.815783097904116,0.0012868052581325173,0.005543028935790062,-0.004362999617046014,0.3103350787455024,0.20625473860892113,0.2509849775514617,0.11531046777963638,0.054041411727666855,0.05100896352958237,0.015060946101964552,3.8166663646698,32.612022399902344,129.19921875,classical
-15.38147258758545,97.16445922851562,-0.0014202984748408198,1.7617863416671753,0.0011622365564107895,0.908747136592865,0.2522555887699127,0.2932911217212677,0.28952500224113464,0.3026454448699951,0.28952500224113464,0.3026454448699951,1181.884073002171,339.02081736989834,1412.491700634388,311.5056872247927,2033.66365012326,755.1068755371673,23.743125402911367,5.877541964879862,0.0006163999787531793,0.001605284633114934,0.03350317428335596,0.26601564589309634,0.23321234213907996,0.26422504880078207,0.01792115345597267,0.006690379232168198,0.0717101248308198,0.023308171189069072,0.08180318027734756,0.5264895558357239,80.74951171875,classical
-5.252805233001709,53.84524917602539,0.00014581937284674495,2.0390982627868652,-0.00026901811361312866,1.2717853784561157,0.23616467416286469,0.2897886037826538,0.38572147488594055,0.27171599864959717,0.38572147488594055,0.27171599864959717,1176.9449938974453,158.86276003281358,1504.862179602883,177.3597909922398,1903.8084622896636,317.95936583816183,20.88015311989706,4.984394081026162,0.0009775280486792326,0.0009112080442719162,0.04754708542931795,0.22751206367999607,0.1332931200820514,0.16522628191887184,0.13830631971359253,0.04184768348932266,0.06226149338942308,0.01592389446269857,4.799288272857666,28.138959884643555,184.5703125,classical
-1.265440821647644,35.13288879394531,0.0008869132725521922,1.2120662927627563,0.00043686165008693933,0.6887492537498474,0.3468404710292816,0.2803959846496582,0.4633845090866089,0.25034961104393005,0.4633845090866089,0.25034961104393005,1878.4940039517187,292.9234253778635,1964.8146727469318,230.8218068663191,3633.3658098897913,685.1439755424386,18.89162297458498,3.8555375747804836,0.010479722172021866,0.006528861820697784,-0.013215059104007897,0.1284505447903878,0.27744789687327265,0.3120272581635372,0.1150687113404274,0.01897907443344593,0.11157585315158546,0.024554528050219095,2.8217523097991943,9.013640403747559,129.19921875,classical
-16.367229461669922,103.88357543945312,-0.00013696054520551115,0.9361050724983215,-7.058860501274467e-05,0.5626490712165833,0.2584078907966614,0.2867935299873352,0.3229604661464691,0.29899513721466064,0.3229604661464691,0.29899513721466064,1174.3248424595008,154.74206032062506,1518.1262097791348,125.64687609662928,2083.7912150159514,395.97108735880994,21.586395347250953,4.646060859814629,0.0009779231622815132,0.0005618567811325192,0.04065112874300216,0.24251499519244712,0.30107004073922095,0.3345992503273363,0.009491225704550743,0.0052687241695821285,0.06634016398395205,0.020505426587569795,0.0268221627920866,0.1970434933900833,123.046875,classical
-1.0935570001602173,50.72064208984375,-0.0012971056858077645,1.6548473834991455,-0.0001270187640329823,0.8649590611457825,0.296382337808609,0.28623512387275696,0.3491746485233307,0.2665112316608429,0.3491746485233307,0.2665112316608429,1514.0972710756876,741.0930473622703,1640.5787077164587,516.9472361122187,2767.1079847547744,1581.3667387007106,20.35993486281741,4.589445684599523,0.010487359017133713,0.021463943645358086,-0.017464122641306822,0.18334044342930575,0.21707682542701048,0.24789471886694672,0.16080020368099213,0.05631057918071747,0.08720002350983797,0.042809755214332376,6.200106620788574,30.999494552612305,172.265625,classical
-2.1604015827178955,35.483585357666016,0.0020101042464375496,1.4309637546539307,-6.0915452195331454e-05,0.8009588122367859,0.3116151988506317,0.28525736927986145,0.41195499897003174,0.26881295442581177,0.41195499897003174,0.26881295442581177,2224.8938399288413,581.4579951465357,2274.325029414401,319.6861715080932,4467.456319236165,1274.59223572557,17.729546854500754,4.053274031865829,0.039003536105155945,0.0661974847316742,0.0826733471806199,0.13512063959271134,0.2355703159091566,0.2633924126933086,0.12373418360948563,0.06352612376213074,0.10944642813951239,0.034268275734998674,4.0282206535339355,18.522497177124023,103.359375,classical
-13.688432693481445,107.14399719238281,-0.000603458087425679,0.7478662729263306,-0.00047725398326292634,0.47692176699638367,0.2860106825828552,0.2903425991535187,0.309480756521225,0.28722548484802246,0.309480756521225,0.28722548484802246,1170.256219376788,220.528715298869,1595.7242596609303,229.6169152965933,2360.475388812355,487.55476936408826,19.447972928523463,4.147491578757775,0.0014504208229482174,0.0010147587163373828,-0.07116145583338265,0.23010137157801627,0.31331228205337797,0.3465218478097647,0.00796934962272644,0.0040803891606628895,0.04948709698859242,0.014754870963676456,0.018651621416211128,0.13547493517398834,107.666015625,classical
-2.07167911529541,70.66349029541016,0.0058854552917182446,1.885448932647705,-0.0015763095580041409,0.9629057049751282,0.3814571797847748,0.2928588092327118,0.49103015661239624,0.25706106424331665,0.49103015661239624,0.25706106424331665,1527.645526264714,482.0758212352385,2079.667989385167,442.93162013164726,3220.8305240784634,1235.0591897737131,16.861679159963362,4.1662647102178365,0.008246046490967274,0.013301516883075237,0.01062612906069415,0.1246693250011285,0.22569886537002,0.26477011378458,0.08052823692560196,0.05630094185471535,0.06010507872968266,0.04002613091891299,2.1014671325683594,11.14365291595459,135.99917763157896,classical
-6.182868003845215,52.466617584228516,-0.01633157767355442,2.4333980083465576,0.00014792467118240893,1.7383954524993896,0.3879089951515198,0.29315268993377686,0.47740134596824646,0.25101736187934875,0.47740134596824646,0.25101736187934875,2411.5244663469507,649.0054601058812,2435.8949417202534,446.8805322193365,4993.363283515806,1484.2777150228012,18.18548029299239,4.483852707904587,0.027107268571853638,0.027158686891198158,-0.004337229118858678,0.11817203465440562,0.16527798103932656,0.20126149961807713,0.05543959513306618,0.035870324820280075,0.12693159984048724,0.04829760937600879,0.9140766859054565,5.632089614868164,161.4990234375,classical
-0.051627833396196365,48.570072174072266,-0.007003545295447111,2.4382362365722656,3.474417098914273e-05,1.346634030342102,0.3042258620262146,0.2813495099544525,0.3471720218658447,0.268633633852005,0.3471720218658447,0.268633633852005,1462.3835644748758,340.4678849478212,1556.0280335329028,306.93401797433955,2740.2111359458554,763.9858260495456,20.428984915606225,4.109391862837427,0.0028083708602935076,0.003008859232068062,0.04488219475753492,0.16605981198906197,0.15464387066535393,0.18532812146586913,0.1382857710123062,0.055988479405641556,0.08767017105137509,0.023161379139900188,4.755335807800293,25.513282775878906,215.33203125,classical
0.16266991198062897,44.98561096191406,-0.026321150362491608,1.9116586446762085,-0.004617724101990461,0.903582751750946,0.31954267621040344,0.303911030292511,0.33514049649238586,0.2721695601940155,0.33514049649238586,0.2721695601940155,1702.24789858299,344.87840159663875,1602.739219435898,238.11898689827967,2820.988903306935,648.4097532361264,21.67464855393248,7.047623424190005,0.006341871805489063,0.05541480705142021,0.02877954803258048,0.1538398940239228,0.27267063546207126,0.3084590589398517,0.17407946288585663,0.04766484349966049,0.11507495897545662,0.038699481666768835,6.319922924041748,30.58953857421875,95.703125,classical
-19.044361114501953,113.34258270263672,0.003945439122617245,1.020889401435852,0.0016077174805104733,0.5931705236434937,0.1864752620458603,0.2867630124092102,0.2563365399837494,0.2868638038635254,0.2563365399837494,0.2868638038635254,1079.7888693521588,382.1347477838246,1388.950832902849,424.72638199423295,1764.6318404691126,838.738656225462,22.238742741400465,6.0922895875430045,0.0007024765363894403,0.0011899288510903716,-0.030790525603271047,0.27394143210648064,0.2796044487622507,0.31250330308051943,0.013054551556706429,0.010618326254189014,0.05933844499226605,0.02281333988922976,0.06574278324842453,1.013101577758789,78.30255681818181,classical
0.16630738973617554,39.486595153808594,-0.0029003319796174765,1.4897195100784302,-0.00017383208614774048,0.7278038859367371,0.31305259466171265,0.28040915727615356,0.2954709529876709,0.2931554913520813,0.2954709529876709,0.2931554913520813,1681.2723869009876,306.99843259344885,1708.7129581679008,232.19126130667235,3078.3259073893228,607.7879511191236,21.077021713915244,4.092170840416214,0.005339698400348425,0.012050342746078968,0.10837464558796406,0.2623348710349183,0.26404405532323555,0.29437691923960535,0.18971039354801178,0.06035390868782997,0.09672226140528549,0.026245117704017384,8.486610412597656,37.915016174316406,95.703125,classical
-14.826862335205078,88.5034408569336,0.00034602306550368667,2.3918516635894775,-0.000586307083722204,1.4008013010025024,0.25387781858444214,0.2978802025318146,0.3539840877056122,0.28440630435943604,0.3539840877056122,0.28440630435943604,1751.5809593775805,623.0132389057051,1930.4849664370809,426.4821644322294,3236.583651301479,1426.8281158048117,20.520271297131508,5.55579321701986,0.009638103656470776,0.03198011964559555,0.03810473722612233,0.20556861466522558,0.1779453508231677,0.21224857781952522,0.016776716336607933,0.009565661661326885,0.09522957149071926,0.04080137340963697,0.07726939022541046,0.6307496428489685,107.666015625,classical
-9.759991645812988,87.0037612915039,0.00027916437829844654,1.011956810951233,0.0006496511050499976,0.6206568479537964,0.2656068801879883,0.2962632477283478,0.31241434812545776,0.297172874212265,0.31241434812545776,0.297172874212265,1137.8827996451196,183.43332828863495,1480.5104233029067,251.8326828976511,1821.3126268851508,469.28737875101797,23.954661117322328,6.136949380967565,0.0005299961776472628,0.00042539992136880755,0.10487454645618141,0.21888351793200841,0.2908603318553849,0.3214697545251913,0.02999146468937397,0.011116275563836098,0.08184394334880124,0.02628809339687303,0.2207024097442627,1.2055706977844238,143.5546875,classical
-7.494422435760498,57.63711929321289,0.002488876925781369,2.6874587535858154,-1.4633885712100891e-06,1.5770034790039062,0.28257739543914795,0.28757423162460327,0.35879093408584595,0.2751123607158661,0.35879093408584595,0.2751123607158661,1551.3608602773115,350.94565031904403,1651.3849045281731,263.01204467054345,2841.008884226363,661.9139341334212,21.809362459927463,5.789069048442261,0.003567812265828252,0.003812578273937106,0.03260819922843957,0.17799583422109982,0.16413451979079546,0.1990018028235328,0.06912916898727417,0.035849764943122864,0.093266250362529,0.030159579467396214,1.241023063659668,7.209994792938232,117.45383522727273,classical
-6.788869857788086,49.178794860839844,0.0029550560284405947,2.6766669750213623,-0.0016690989723429084,1.548844337463379,0.3053714632987976,0.28725823760032654,0.37732094526290894,0.2707673907279968,0.37732094526290894,0.2707673907279968,1803.800200335076,418.41241638457075,1898.2240636826543,354.10406870354325,3366.6405343677493,929.7443611905276,20.992065871418205,5.896233794171849,0.009387198835611343,0.010951044969260693,0.047716963451375945,0.17237131324524807,0.17188193730484022,0.20550008113703036,0.06871982663869858,0.026964088901877403,0.1040197668938515,0.03171316046910168,1.0982745885849,4.995510101318359,123.046875,classical
-9.202280044555664,73.19847106933594,0.0032911994494497776,2.7148420810699463,-0.0011180054862052202,1.359371542930603,0.2818187177181244,0.2887738049030304,0.3585566580295563,0.27609318494796753,0.3585566580295563,0.27609318494796753,1322.7344268727697,458.78609154003266,1591.4631454881153,457.47859993880456,2474.902796911253,1142.7123320043588,22.709720262763803,6.5745410810183715,0.0032326956279575825,0.010212508961558342,0.11562021908978636,0.16376972496987485,0.16466609762179013,0.19670078860217796,0.0481804683804512,0.030182478949427605,0.0761046560808198,0.02781081102585748,0.6899622082710266,5.041079044342041,151.99908088235293,classical
-10.332962036132812,81.40446472167969,-0.008555608801543713,2.2786061763763428,0.0008050772594287992,1.2903019189834595,0.320256769657135,0.2980538308620453,0.3797672688961029,0.2787754237651825,0.3797672688961029,0.2787754237651825,1474.7414794976396,667.8079864595044,1813.3070119082047,514.7650787984915,2809.8082221577724,1635.9301018348176,20.693474397767964,6.023763381005039,0.01010903064161539,0.023989398032426834,-0.005256789820723406,0.17385498315826278,0.21539655151032286,0.2672674544561896,0.03890639543533325,0.03617179021239281,0.07402917754253674,0.035140115806146115,0.5760374665260315,3.6674442291259766,89.10290948275862,classical
-13.662154197692871,112.41666412353516,0.0002574383688624948,1.2557185888290405,0.0013306416803970933,0.6795196533203125,0.22685228288173676,0.2931164503097534,0.3340904414653778,0.27704566717147827,0.3340904414653778,0.27704566717147827,690.5300405312647,89.42441028986788,1358.8453228898059,279.63481807382686,749.7401686666183,122.27571313922346,19.786710162206962,5.758077455897146,0.00021729106083512306,0.0002183754404541105,-0.04508293924285287,0.19367602523181637,0.17760346177231243,0.20562848941571926,0.020141035318374634,0.01346351858228445,0.03604482369006187,0.006639788225395849,0.1388576626777649,1.9181783199310303,95.703125,classical
-15.077248573303223,117.35845947265625,0.001450145267881453,1.7246257066726685,-0.00025954918237403035,0.8976136445999146,0.19904519617557526,0.2865508794784546,0.3088931441307068,0.2708697021007538,0.3088931441307068,0.2708697021007538,1118.4502461216537,308.01961173158793,1945.0150637143668,566.9783995443191,1875.6785523310614,1363.4793268963772,19.70459961746196,6.091516530858157,0.0011258918093517423,0.0013099435018375516,-0.017214652671756127,0.2113253558440651,0.16725933548752406,0.21555112965865902,0.012558122165501118,0.01386299729347229,0.0422878752175174,0.012414892702986888,0.08214657008647919,1.1790399551391602,89.10290948275862,classical
-15.183691024780273,103.1336898803711,0.004611479118466377,1.9030028581619263,0.0002846766437869519,1.2316311597824097,0.2072012573480606,0.2915666103363037,0.3336981534957886,0.278095543384552,0.3336981534957886,0.278095543384552,829.0091477951953,121.89378082909896,1326.064871077092,334.4119923787815,1014.0839685143561,275.52038266508924,19.787098029617464,5.587472682135646,0.0002534932573325932,0.0002923118299804628,-0.024280183462954727,0.19161539882289502,0.1379533436907327,0.16673140908212672,0.029224371537566185,0.022456536069512367,0.04750791521655066,0.014660124092825157,0.3187703490257263,3.561814069747925,123.046875,classical
-14.278491973876953,104.85344696044922,0.0020783243235200644,1.7040488719940186,-0.000964087201282382,1.099399209022522,0.18713116645812988,0.28568387031555176,0.3254711627960205,0.2834167778491974,0.3254711627960205,0.2834167778491974,795.5192461669651,186.74161481433467,1296.7071458507803,352.2340233698579,1008.455026011456,498.78175563951214,20.743261486734323,6.204297816351318,0.00024138405569829047,0.00041429727571085095,0.03603276920289452,0.20140285688317014,0.14072181720733656,0.16832043235625782,0.03176387771964073,0.02334405668079853,0.04502194811001547,0.009678976517298652,0.3676168918609619,3.9103810787200928,135.99917763157896,classical
-13.340041160583496,101.50172424316406,0.007963030599057674,1.9293519258499146,0.00027911370852962136,0.9893638491630554,0.26748624444007874,0.30009859800338745,0.37856894731521606,0.27789321541786194,0.37856894731521606,0.27789321541786194,1117.675441354472,675.5317742172471,1701.5200384639597,760.1052331999266,1992.7705485970127,2045.1954355178027,19.390432913301648,5.596604090454106,0.002883404493331909,0.008375324308872223,0.06447433644594813,0.16804776429888124,0.12137444189429872,0.15111920864745162,0.03170538693666458,0.03648906573653221,0.04635726326856149,0.01651985513054084,0.548870861530304,6.931764602661133,143.5546875,classical
-7.0103912353515625,62.85520935058594,-0.003371644765138626,1.6477701663970947,-0.0007712954538874328,1.1841243505477905,0.2572634220123291,0.29161205887794495,0.313678503036499,0.28548353910446167,0.313678503036499,0.28548353910446167,1559.9200748058706,234.33582070044156,1616.1762903547888,215.53668939559537,2813.4220698593385,491.1018308917021,22.167003083133157,4.618644803862255,0.002209173748269677,0.002281291875988245,0.05489338898099226,0.23416118275784317,0.20883335373465728,0.2421333788935791,0.05735519155859947,0.02972261793911457,0.09517254869972931,0.018466141072255193,0.8637210130691528,5.4937028884887695,83.35433467741936,classical
-7.5326337814331055,79.52672576904297,-0.0016292612999677658,1.2681427001953125,0.0003959114837925881,0.6586053967475891,0.2366659790277481,0.29203149676322937,0.3038944900035858,0.28769075870513916,0.3038944900035858,0.28769075870513916,1349.5622465655813,203.697307046229,1523.3561881481853,186.63734292381943,2443.7437690327724,399.4243119528247,22.745831230300894,5.298486258952011,0.0010016090236604214,0.0010518940398469567,0.058323889096095954,0.23996571456535573,0.27057804617252923,0.30440261791926143,0.029132109135389328,0.012198534794151783,0.07925337151972157,0.020997560396627615,0.21677997708320618,1.8172917366027832,69.83741554054055,classical
-9.302303314208984,80.52606964111328,0.0015374079812318087,2.573881149291992,-0.0010539137292653322,1.2554709911346436,0.2442014217376709,0.2964930832386017,0.2951062321662903,0.27542272210121155,0.2951062321662903,0.27542272210121155,1355.7633127675824,298.01312939976896,1615.6700685934472,271.84410087837546,2522.165929524362,613.0839407425635,21.28873375022942,4.781674638113731,0.0018142075277864933,0.0022377674467861652,0.030510619805246192,0.22926122105630092,0.15996702856110856,0.1945708163883797,0.03192427381873131,0.026207292452454567,0.07083778941898686,0.023770933952422274,0.3801652789115906,4.071477890014648,161.4990234375,classical
-7.622734069824219,70.2838134765625,-0.0007415337022393942,1.4652745723724365,0.0016549290157854557,0.9170772433280945,0.20812952518463135,0.2874741852283478,0.3154538571834564,0.2792651355266571,0.3154538571834564,0.2792651355266571,1397.3892884939066,271.0388549713149,1574.4155381124056,223.20092820586157,2616.092662412993,523.3075750073684,21.07877619517917,4.820806102980481,0.0016108074923977256,0.0015040211146697402,0.04382991495606887,0.21711287374157884,0.23379290035315448,0.26381222246340713,0.0516710989177227,0.03989056125283241,0.075862970079273,0.023559122978641173,0.9519808888435364,10.871041297912598,143.5546875,classical
-8.873701095581055,89.0311508178711,-0.004341777879744768,2.5245282649993896,-0.0009114377317018807,1.2031073570251465,0.2793797552585602,0.2925872206687927,0.3209311366081238,0.2743697166442871,0.3209311366081238,0.2743697166442871,1285.3702594238277,358.6336565347274,1660.3917435830515,268.4471582279822,2477.151043177204,680.0348551903987,20.993664176270872,4.744864324239513,0.0017418062780052423,0.0021651037968695164,-0.013634326094942367,0.21411520279841256,0.16789729971697406,0.20336305398657845,0.020713143050670624,0.014193326234817505,0.06374241710170148,0.028593717524979564,0.14306676387786865,1.2409006357192993,117.45383522727273,classical
-9.016149520874023,79.39950561523438,-0.0043852985836565495,2.535676956176758,-0.0006377670797519386,1.1799010038375854,0.21630717813968658,0.2906281352043152,0.29024794697761536,0.2835586369037628,0.29024794697761536,0.2835586369037628,1211.8707246042645,324.3878038319217,1338.32147854722,303.59204846344176,2105.465974387326,668.0902696447915,21.51256874151638,4.9686280885940635,0.0010832131374627352,0.0017963306745514274,0.021899694924367274,0.24333308530518918,0.16716912465730904,0.19624003696394976,0.04378846660256386,0.023815447464585304,0.0709397507008894,0.022189141863139923,0.559983491897583,4.416062355041504,129.19921875,classical
-8.498735427856445,75.3492660522461,0.0012260490329936147,2.1477158069610596,-9.957453585229814e-05,1.413809895515442,0.23739638924598694,0.2884179651737213,0.33366361260414124,0.27162203192710876,0.33366361260414124,0.27162203192710876,1360.1636476762342,296.69040877380917,1572.5759014703503,241.44911295019043,2568.9211250181265,598.4855183556226,20.440456526114264,4.010507237094509,0.0023209855426102877,0.0022322251461446285,-0.006093933272125123,0.21371020154040646,0.17410527946465454,0.21064344563231557,0.03728163614869118,0.026761436834931374,0.0721379845804331,0.022118295617503416,0.4710100591182709,3.4627113342285156,161.4990234375,classical
-11.044319152832031,98.98261260986328,0.0017982072895392776,1.35139799118042,-0.0004005694354418665,0.6196355819702148,0.21736210584640503,0.29296261072158813,0.27902963757514954,0.28376612067222595,0.27902963757514954,0.28376612067222595,1171.477078803794,284.75289052623833,1466.896056192877,195.64134023920602,2235.3896280452436,568.3162088709277,22.687692311765574,5.6350833158991245,0.0006709432927891612,0.0005542949656955898,0.0431095243833528,0.24237434771857613,0.2869797484824887,0.3196556623256521,0.016472352668642998,0.009987790137529373,0.06086408787703016,0.02578784049513497,0.08500715345144272,0.9690548777580261,117.45383522727273,classical
-5.762241363525391,66.2420883178711,-0.0029750324320048094,1.6150825023651123,-0.0012956901919096708,1.2305383682250977,0.26036572456359863,0.2899271249771118,0.34952184557914734,0.2801287770271301,0.34952184557914734,0.2801287770271301,1340.8675515904304,268.0066056087748,1539.443167821855,223.4024524632172,2523.0652280307427,510.0123651435685,20.394804981903356,4.341636634236521,0.0018919840222224593,0.0018319599330425262,0.02778530714410008,0.1946543791554876,0.2018181976880645,0.23603857094974012,0.05880605801939964,0.0375499464571476,0.07174562246229699,0.02269479152319923,1.0956264734268188,9.040754318237305,172.265625,classical
-20.07663345336914,113.66960144042969,0.003402062924578786,1.9652432203292847,0.001916872221045196,0.9464851021766663,0.2190069556236267,0.290759801864624,0.2924172580242157,0.29753372073173523,0.2924172580242157,0.29753372073173523,812.1207958821843,224.43253525063645,1009.9219073591227,273.12865806309975,1236.4605047310035,513.0983043545732,20.78782488091686,5.886106768851015,0.0002805048425216228,0.001100706635043025,0.006959647357673651,0.24968128727499,0.10207172531567187,0.1359585902677586,0.016747131943702698,0.01772666536271572,0.048334934503093584,0.01594285572630542,0.14032718539237976,1.3231720924377441,161.4990234375,classical
-21.571781158447266,128.6155548095703,-0.0012445368338376284,1.4431408643722534,-0.00015245444956235588,0.7456126809120178,0.2250954508781433,0.28978726267814636,0.28290945291519165,0.28874513506889343,0.28290945291519165,0.28874513506889343,715.8536806386671,210.07095583551518,1031.2457016633812,283.90584338380614,1038.6731211934455,554.283090139509,19.822191629338363,5.192026148886173,0.0004137982032261789,0.0019819834269583225,0.034065022969179765,0.2601351719784848,0.16069824955949527,0.19552114326958106,0.006627278868108988,0.004404003731906414,0.041281857236078884,0.01051513500307157,0.014987560920417309,0.20353396236896515,67.99958881578948,classical
-18.537572860717773,105.44654846191406,-0.004334720782935619,1.5422965288162231,-6.668488640571013e-05,0.8968574404716492,0.21777759492397308,0.29198768734931946,0.33221471309661865,0.2818761467933655,0.33221471309661865,0.2818761467933655,790.5070052979643,180.08964226711535,900.4092980707219,210.7727483490666,1159.412272513051,377.77218211977066,20.25284944243676,5.47280449484374,0.00015336027718149126,0.0007234018412418664,-0.030367806907081542,0.20660429521798696,0.16896108983839772,0.1955267449616078,0.018832877278327942,0.012052747420966625,0.05208824258023975,0.01909796522325295,0.1154266819357872,1.1697583198547363,143.5546875,classical
-14.452309608459473,129.34022521972656,-0.0028365296311676502,0.7319931387901306,0.0007912727887742221,0.5078569650650024,0.4380738139152527,0.3067363202571869,0.40759292244911194,0.27820688486099243,0.40759292244911194,0.27820688486099243,973.5355866616919,306.92917788960494,1617.4966766203381,455.3770669619851,1910.8094819460557,1025.3540483969912,16.902591707709618,4.320875646867068,0.0013563343090936542,0.0016588554717600346,0.02916570087494911,0.16045439652664914,0.3051769888814463,0.3379607593682043,0.005269843619316816,0.005448584910482168,0.03153360341744006,0.011243151780790554,0.013524364680051804,0.13610564172267914,143.5546875,classical
-12.79373836517334,91.35204315185547,-0.0037833366077393293,1.3456522226333618,0.0010007669916376472,0.748981773853302,0.2667711079120636,0.29020944237709045,0.32758453488349915,0.2810095548629761,0.32758453488349915,0.2810095548629761,1214.3502552431958,288.3428048293227,1540.1999467691455,233.8878387944084,2164.7530611042635,565.0284402461235,20.725729713753598,4.558589494746872,0.0013977144844830036,0.001258182805031538,-0.028724263759643282,0.20029818138279484,0.28520623618181845,0.3160981996082839,0.01652822643518448,0.007028719410300255,0.06057444230955143,0.0208312188212466,0.07259918004274368,0.48322972655296326,151.99908088235293,classical
-14.602237701416016,69.37555694580078,0.003063605399802327,1.5608813762664795,0.0012894297251477838,0.7896806001663208,0.2826375365257263,0.2883042097091675,0.3422529697418213,0.29273638129234314,0.3422529697418213,0.29273638129234314,1415.41298958729,344.73793400455713,1449.0029510876443,255.9961827245302,2490.0326615973026,658.5773556336889,22.62264180455027,4.856682815546311,0.0012621956411749125,0.0013182400725781918,0.023705955129139866,0.21794387401282977,0.2549104647945249,0.28707834474067073,0.04297929257154465,0.014768614433705807,0.08737817514984532,0.031169397478572784,0.44110551476478577,2.3315184116363525,112.34714673913044,classical
-12.861273765563965,88.03970336914062,-0.0008587285410612822,1.0260461568832397,0.0010508199920877814,0.552119791507721,0.24480074644088745,0.28704917430877686,0.2698637545108795,0.30703112483024597,0.2698637545108795,0.30703112483024597,853.0763810402683,146.24483511313312,998.0067848662262,166.97984808797156,1401.3818585955626,314.67754304728004,22.25404071614521,5.061751959016252,0.0001473983284085989,0.0001857815805124119,0.09381209339187462,0.28797336311419225,0.3006669987626157,0.3344632825251212,0.04185687378048897,0.02172381989657879,0.050776340753093584,0.010820747456670327,0.5189599394798279,4.376733303070068,117.45383522727273,classical
-15.60780143737793,92.29977416992188,0.00214357185177505,1.6184853315353394,0.0029657860286533833,1.0066850185394287,0.24573597311973572,0.2832212746143341,0.3192317485809326,0.2879154682159424,0.3192317485809326,0.2879154682159424,1002.6849591662105,159.13012921824057,1152.7266763123716,154.97273673408304,1734.1472864704176,312.7776884626554,21.243700120820098,4.789054856103555,0.00047453391016460955,0.0007374984561465681,0.055653112287304345,0.23328699046649976,0.2425788510600642,0.2827580876619839,0.021991489455103874,0.013942752964794636,0.057944596505220415,0.013358610009907018,0.15680113434791565,1.2508244514465332,112.34714673913044,classical
-10.473549842834473,67.74002838134766,0.007132280617952347,2.371058702468872,0.0009329858585260808,1.2438104152679443,0.3097405731678009,0.2801198661327362,0.41498637199401855,0.27256128191947937,0.41498637199401855,0.27256128191947937,1525.7917091607942,459.81590432073773,1588.2178499718073,446.34121888036793,2733.1846586789443,982.3910916064536,19.05868319991875,4.26500551894318,0.00620776042342186,0.012605230323970318,0.041601336289724546,0.17547169118702713,0.18509477915716985,0.21664984680177682,0.03888529911637306,0.02014497108757496,0.09158955372679814,0.029151160836862994,0.4103291630744934,1.8554621934890747,107.666015625,classical
-10.224955558776855,75.27739715576172,-0.005691689904779196,2.7081077098846436,0.0003959994937758893,1.4852099418640137,0.3120231628417969,0.2854902148246765,0.3931788206100464,0.2689575254917145,0.3931788206100464,0.2689575254917145,1356.2906973182814,469.7875215861584,1495.0511816850062,406.8077577475726,2496.3027706279004,1026.7556672093453,19.500609238096693,4.303331277595677,0.003813863731920719,0.00777306966483593,-0.005184025175789934,0.17154589873947462,0.1609646985083548,0.19056460851892496,0.03149893134832382,0.018899960443377495,0.07683462333236658,0.031760722005442055,0.29771581292152405,1.9223381280899048,99.38401442307692,classical
-14.463272094726562,98.65191650390625,0.0026200662832707167,1.1124571561813354,0.0006944957422092557,0.5925692915916443,0.2743677496910095,0.28884613513946533,0.320719838142395,0.30175331234931946,0.320719838142395,0.30175331234931946,877.3225402717013,180.95174719311314,1109.2624488876077,231.13777246924332,1457.7129178146752,449.9280797311578,21.143651430633117,4.790420988490422,0.0003544857318047434,0.001022368436679244,0.06728522439347749,0.23782215314655947,0.2911533529555861,0.32325773374511824,0.021454155445098877,0.011252927593886852,0.05104483879543697,0.01257599448349384,0.13653196394443512,0.9667426347732544,123.046875,classical
-11.094069480895996,77.67768859863281,0.003604142228141427,1.748503565788269,0.0003004840109497309,1.0893774032592773,0.2944176197052002,0.29106566309928894,0.3935772180557251,0.27176493406295776,0.3935772180557251,0.27176493406295776,1304.1427959179266,257.4930536014327,1456.7850189139303,224.92640980893304,2350.2750122353536,556.5109729131763,19.460572174457933,4.226580447638086,0.0024041244760155678,0.005433372221887112,-0.0029843700441072015,0.17104974317967228,0.21583276034238422,0.24451271678017306,0.028257280588150024,0.015242193825542927,0.07056627030162413,0.01991187270805383,0.22974716126918793,1.7831188440322876,103.359375,classical
-7.352907657623291,74.4747085571289,-0.0014197005657479167,2.1233720779418945,0.0009095192654058337,1.172988772392273,0.21728311479091644,0.2964365780353546,0.39791715145111084,0.2657845914363861,0.39791715145111084,0.2657845914363861,2423.3323353649416,344.7752469689102,1884.6631904527792,141.49460514372058,4296.615112021462,611.9770822830762,24.392798086973723,8.857003565345948,0.0015249508433043957,0.0012913178652524948,0.03246715417885157,0.15324201442730248,0.21586552887150218,0.243407843516831,0.03511142358183861,0.014910946600139141,0.16665269419470224,0.03355585547011062,0.23462875187397003,1.4830809831619263,99.38401442307692,classical
-9.143548011779785,77.84494018554688,0.0002985057362820953,1.4105536937713623,0.00013616515207104385,0.8401933312416077,0.21940402686595917,0.29367876052856445,0.34614887833595276,0.27320265769958496,0.34614887833595276,0.27320265769958496,2172.3382154638084,364.51594761781314,1883.4673596592563,204.3974119189798,4066.8943046693735,712.5019736647953,25.977687891371385,6.678834015676906,0.0013361576711758971,0.0009782981360331178,-0.01347284689232677,0.18296154244892734,0.26004718605436683,0.2905822943816782,0.02384028024971485,0.01036821212619543,0.15196460508507348,0.0442274905222663,0.12929876148700714,1.0664488077163696,95.703125,classical
-5.791385650634766,63.77570343017578,0.0007320137228816748,1.7572799921035767,-0.0005155912949703634,0.9693421125411987,0.2259238213300705,0.293419748544693,0.312009334564209,0.2724352180957794,0.312009334564209,0.2724352180957794,2192.5069045226314,359.0887073206878,1911.8310735892937,166.45331780379632,4065.970025648927,624.5286029453954,25.769160762679675,7.238757698274275,0.001769968424923718,0.001656227046623826,0.006446861217980043,0.23216376126466617,0.23305329802530955,0.2606319690997863,0.04473284259438515,0.019870636984705925,0.15240530440351896,0.04550827872951734,0.42487308382987976,3.390162229537964,92.28515625,classical
-6.8113603591918945,75.34638214111328,-0.0032029880676418543,1.4921274185180664,0.0001336016575805843,0.8443623781204224,0.18111099302768707,0.2974855303764343,0.24764195084571838,0.27360501885414124,0.24764195084571838,0.27360501885414124,1807.9280823768647,471.27871571487896,1439.048631093032,226.34842968664557,3073.2943576892403,801.2334056522825,25.32382415235911,7.709511027520279,0.000356614647898823,0.0006115803844295442,0.07864587669944195,0.23678151497699393,0.2547460830330042,0.283770097744992,0.08412107825279236,0.03795858100056648,0.13096813370069604,0.05810674579310177,1.271000862121582,12.606279373168945,95.703125,classical
-7.340563774108887,56.22085952758789,-0.00566639332100749,2.250559091567993,0.0015818332321941853,1.2846611738204956,0.22694331407546997,0.29784685373306274,0.34997737407684326,0.28578129410743713,0.34997737407684326,0.28578129410743713,1623.758025306243,218.28612068126475,1551.1322274247284,281.07572425167257,2732.0272281938805,542.4919241729494,23.79497630911469,7.050523754372513,0.0007996385684236884,0.0008880686364136636,0.045962186417035734,0.15960956149812885,0.18822867869180687,0.216741312226556,0.08244843035936356,0.04236124828457832,0.10824964955529776,0.02937061582614511,1.6417709589004517,20.257474899291992,135.99917763157896,classical
-8.852099418640137,94.62049102783203,0.0018216852331534028,1.6241098642349243,-0.001208980567753315,0.626768946647644,0.3688121438026428,0.30071261525154114,0.3233529031276703,0.2823888659477234,0.3233529031276703,0.2823888659477234,1423.5649269846951,327.0479697914095,1696.698162070151,221.74702075358226,2926.2090908678942,701.6582732784008,21.655763252797744,5.433185467332218,0.0012349087046459317,0.0008509303443133831,0.04442997479779321,0.20845480339451822,0.25513384183034454,0.29065185215121603,0.013985889963805676,0.009003879502415657,0.07011877356438515,0.03513708892408898,0.06062594801187515,0.4959370195865631,184.5703125,classical
-11.697442054748535,99.24342346191406,0.0014469167217612267,1.7035040855407715,8.294889994431287e-05,0.8681053519248962,0.22768864035606384,0.29705810546875,0.3984728455543518,0.26556041836738586,0.3984728455543518,0.26556041836738586,1800.8758120131474,533.9991712052566,1781.07705783052,250.8649694590668,3426.8602269431553,929.7245461713484,24.09434072143869,6.417285303475945,0.0009452775120735168,0.0007643785211257637,-0.004603385502820678,0.16951859237544656,0.24118896441345633,0.26844684461120366,0.013560658320784569,0.015143555589020252,0.12435424521461717,0.0620803262753204,0.09021779149770737,1.2734187841415405,86.1328125,classical
-4.344161510467529,57.03750228881836,-0.007466076873242855,1.5686897039413452,-3.455369369476102e-05,0.8552140593528748,0.29294565320014954,0.287834107875824,0.29846715927124023,0.2673651874065399,0.29846715927124023,0.2673651874065399,1933.75034806624,438.6450378904073,1740.438958443021,165.44110455014547,3574.5866602921983,675.0882929773965,22.345887998950968,7.25563555891585,0.0024739934597164392,0.0018033061642199755,1.7785158771048717e-05,0.22055957497377005,0.25652962164679294,0.28983343710302395,0.056960031390190125,0.02803880348801613,0.11757193179621037,0.048833291731645724,0.8109798431396484,6.060079097747803,135.99917763157896,classical
-8.557690620422363,69.63294219970703,0.000786681892350316,1.7840759754180908,-0.00015663694648537785,1.0396699905395508,0.22228573262691498,0.28853896260261536,0.3462553024291992,0.2712460458278656,0.3462553024291992,0.2712460458278656,1494.4657470360255,303.8676677291463,1671.1997576909134,178.37425278470977,2782.1048320584396,583.0220068490349,23.310222086700787,7.0979998287304,0.0008583951857872307,0.000765586388297379,0.054996631822996245,0.18942957099763116,0.23015333775431013,0.2624222528247753,0.03669516742229462,0.021546335890889168,0.08590993269044857,0.0302743355212599,0.40250420570373535,7.052326679229736,103.359375,classical
-7.811631679534912,71.94042205810547,-0.006881265435367823,2.565986394882202,-0.0003670064907055348,1.354323387145996,0.2899613082408905,0.297964483499527,0.38515546917915344,0.2730206549167633,0.38515546917915344,0.2730206549167633,1952.6079332127808,407.59079241647316,1865.9960468933152,150.08457710697084,3779.909832239704,668.7853512527579,23.25082163501505,6.980899925915664,0.0022109909914433956,0.0021681049838662148,0.00919716962009722,0.17609858605489143,0.153018928430115,0.182392482886168,0.029083412140607834,0.018222054466605186,0.12342262120552977,0.047068537975562486,0.21151219308376312,1.5814319849014282,184.5703125,classical
-7.7345733642578125,90.78744506835938,0.0016919778427109122,1.226186990737915,-0.0011705574579536915,0.6894351840019226,0.3338998854160309,0.280482679605484,0.36102211475372314,0.2597319185733795,0.36102211475372314,0.2597319185733795,1525.0760420116653,216.1620193060864,1868.9674179116505,146.44300138197517,3325.672491299304,589.0489672265663,22.912085250107896,5.300164458230168,0.0013238206738606095,0.0007453045109286904,0.028596107971149316,0.16045126029227968,0.23885688680183964,0.2643591384662602,0.010499871335923672,0.002070125425234437,0.08068536107888631,0.020141344986277773,0.024735521525144577,0.11014778167009354,95.703125,classical
6.636070728302002,20.865921020507812,0.0027799392119050026,1.9170184135437012,-0.002188225742429495,1.1190016269683838,0.3839297294616699,0.284929096698761,0.31410107016563416,0.2771941125392914,0.31410107016563416,0.2771941125392914,2798.0656266251635,595.5039649002385,2847.5411814192466,325.0463609221413,6221.38434516059,1340.3166165057264,19.809181997058882,4.126768031825132,0.029614513739943504,0.025227423757314682,-0.03248851471478229,0.20105762828690757,0.2236890247487049,0.2517517058881912,0.2482956349849701,0.026756322011351585,0.1072048611111111,0.04182911482563996,13.413509368896484,76.27239227294922,86.1328125,country
6.817724227905273,17.07193374633789,0.0006303846021182835,1.5060869455337524,-0.0010804652702063322,0.9372302293777466,0.41405439376831055,0.28160592913627625,0.4021427631378174,0.2509859800338745,0.4021427631378174,0.2509859800338745,2938.1313051156862,319.10207811810886,2839.646685978091,202.44576150958613,6279.551664914443,791.3486707493231,18.456237849281155,4.101994508229656,0.04421420395374298,0.029645785689353943,-0.0041092030304027,0.12457693860437848,0.2341364675721501,0.26252744696408264,0.23040176928043365,0.021279683336615562,0.12698824499709976,0.029606000441850557,11.18154525756836,56.472320556640625,129.19921875,country
1.1629010438919067,36.29606628417969,-0.001454775221645832,2.5680174827575684,0.0011378596536815166,1.4395198822021484,0.29707804322242737,0.3118025064468384,0.3551448583602905,0.2717909514904022,0.3551448583602905,0.2717909514904022,2308.811438098025,738.5926726918201,2618.613432216076,315.5970881544693,5190.094610091744,1328.894086522263,18.865515033979975,4.0604294702403605,0.016193605959415436,0.03134186565876007,0.013555040345001755,0.18398300547552818,0.16934793897513642,0.20032064521722784,0.14652664959430695,0.03931684419512749,0.07416238114009939,0.06275680054301873,5.138375759124756,31.309450149536133,83.35433467741936,country
4.497608184814453,30.341156005859375,0.0009994329884648323,2.5096287727355957,0.00019595779303926975,1.4300992488861084,0.37698766589164734,0.28946417570114136,0.3536725640296936,0.264673113822937,0.3536725640296936,0.264673113822937,2174.1604935047117,755.2893257198713,2281.058760714112,454.8307336912207,4348.07370779315,1605.685772698808,20.605520248415505,4.216559567600067,0.019756043329834938,0.037160519510507584,0.06288370522896411,0.16390343981361027,0.17039080038381613,0.2004992190295138,0.20427070558071136,0.04381251707673073,0.1025643835864938,0.04864669971210088,9.296833992004395,48.25432205200195,161.4990234375,country
6.181160926818848,18.239654541015625,0.004267371725291014,1.4797227382659912,-0.004041920881718397,0.8924347162246704,0.3827643096446991,0.28605788946151733,0.38111841678619385,0.2569916546344757,0.38111841678619385,0.2569916546344757,2966.1571589936843,439.23134025151757,2848.1234947138532,272.94613389708184,6349.4199392596265,1086.0760457248387,18.681123854397757,3.910755782498177,0.043553274124860764,0.029100492596626282,0.017504641008385394,0.1494773364429366,0.22928344024964076,0.2603880526813949,0.20939329266548157,0.028376398608088493,0.12416100280572756,0.03553262765514058,9.443887710571289,49.64143371582031,117.45383522727273,country
6.126201152801514,19.45885467529297,-0.006578987929970026,1.9903661012649536,-0.004539940040558577,1.2188695669174194,0.41605454683303833,0.28800567984580994,0.5033671855926514,0.2578413486480713,0.5033671855926514,0.2578413486480713,2926.532916728232,525.192261582112,2737.079970118491,271.55972318984936,6177.674360999856,1080.0745496795607,18.475528995395962,4.12547007918762,0.0477067232131958,0.04188450425863266,0.019608140338169384,0.09287673667162748,0.20615730370907295,0.23822173984971595,0.203798308968544,0.03808429464697838,0.13637249376438987,0.04720271812575041,8.807024955749512,51.56087112426758,129.19921875,country
5.0035014152526855,21.00083351135254,0.000820930756162852,1.9416967630386353,0.0007985572447068989,1.11481773853302,0.42160290479660034,0.2821885943412781,0.4781966507434845,0.26100677251815796,0.4781966507434845,0.26100677251815796,2807.9125120088343,650.6905146079814,2778.308824727949,329.1749406712623,6023.044502707776,1413.8087825818814,18.930717109875857,4.018841260659832,0.041096657514572144,0.040004946291446686,0.002863040596786799,0.12112750083343396,0.22736054856449264,0.2548686173792645,0.21399126946926117,0.04000219702720642,0.1283081334879495,0.052832123070840786,9.968239784240723,54.42921447753906,112.34714673913044,country
6.490493297576904,19.31053924560547,0.0016955883475020528,1.7515020370483398,0.0010371345560997725,1.0126243829727173,0.42144912481307983,0.2868529260158539,0.3199578523635864,0.27094176411628723,0.3199578523635864,0.27094176411628723,2898.787368032488,614.2762438829901,2878.9661651993006,308.4945990041143,6400.052966421972,1186.5338609985793,19.47225445385936,4.224897173618252,0.033491820096969604,0.027809614315629005,-0.03696666650075628,0.19192416911746055,0.20768409886636433,0.236738620325821,0.24406008422374725,0.025491852313280106,0.11293582502902477,0.04223924747191198,12.995085716247559,77.97323608398438,103.359375,country
7.776057243347168,21.636564254760742,0.002924991538748145,1.623562216758728,2.093115654133726e-05,0.9601386189460754,0.3553376793861389,0.2880556583404541,0.3017571270465851,0.26158642768859863,0.3017571270465851,0.26158642768859863,2505.851670781852,531.5666063857138,2574.313231970527,345.22954836386265,5480.083979104424,1192.4727501944585,20.419317270648595,4.239461832375011,0.020560091361403465,0.02053757756948471,0.030557767875408266,0.20573968916022142,0.2081896302378939,0.2377695335938341,0.274344801902771,0.03211721032857895,0.10456258734097919,0.03450110668466942,16.47220230102539,87.4450454711914,66.25600961538461,country
7.341614723205566,15.889739990234375,0.005547037813812494,1.4279459714889526,-0.003964659757912159,0.8657762408256531,0.4296097755432129,0.27177056670188904,0.4739398658275604,0.23894672095775604,0.4739398658275604,0.23894672095775604,3191.2596105890007,421.4540979282354,2948.014284587389,261.79347203460145,6926.771206325955,930.1908858059039,18.093699779118378,3.6571138939651084,0.0670175701379776,0.0364842414855957,0.02329014342909528,0.08921231528344964,0.26793070157813464,0.2976710378428261,0.23645693063735962,0.03668913245201111,0.15687278464988427,0.040043410306013764,11.670268058776855,56.9005241394043,95.703125,country
-5.175313472747803,54.439453125,-0.0025681639090180397,2.760033369064331,0.0002543215232435614,1.6439749002456665,0.29145941138267517,0.3032160997390747,0.3488900661468506,0.2810496985912323,0.3488900661468506,0.2810496985912323,1861.4546090166984,746.617341132508,2127.2426522755313,370.5059974834327,3769.3680553037993,1415.095657858023,19.597424107192406,4.301608166934682,0.012427693232893944,0.024984920397400856,0.0817852406847827,0.15977789365639355,0.16106427704463255,0.19167104505140203,0.07467054575681686,0.033453237265348434,0.07654006851798144,0.04940798316631504,1.489298701286316,9.64129638671875,80.74951171875,country
-3.953792095184326,51.860286712646484,-0.0019416863797232509,3.2528069019317627,0.0021617142483592033,1.7489473819732666,0.30090492963790894,0.30747872591018677,0.2977152168750763,0.277791827917099,0.2977152168750763,0.277791827917099,2839.25842945996,1131.1281227348636,2798.5048227301195,448.9461709345551,6047.924011655307,2003.0077430820456,21.386769087519834,5.171450398943264,0.02792232669889927,0.04941818490624428,0.02585964100213662,0.2175115687302815,0.15828945707217493,0.1867912964352342,0.0784747377038002,0.042705632746219635,0.11016274531129157,0.09542522639294192,1.6088165044784546,12.697572708129883,112.34714673913044,country
-2.5116829872131348,45.34072494506836,-0.0017325673252344131,2.9078195095062256,-0.0030747491400688887,1.7956135272979736,0.29652535915374756,0.3000187277793884,0.3498551547527313,0.26811838150024414,0.3498551547527313,0.26811838150024414,1667.5169597765603,684.9766135871791,2052.754370274817,528.4179633089456,3439.733518525232,1663.5411962560147,19.30698367919998,4.42307042302465,0.011792272329330444,0.023420177400112152,0.08282075287101645,0.16808095714572843,0.16481229008207027,0.1951848628104716,0.12688757479190826,0.04442592337727547,0.06405358782869296,0.03324013555864331,4.159359931945801,24.966815948486328,89.10290948275862,country
-1.2990269660949707,36.646446228027344,0.0011843565152958035,2.6757566928863525,-0.003587455255910754,1.759054183959961,0.3681039810180664,0.2938300669193268,0.4949682652950287,0.24532316625118256,0.4949682652950287,0.24532316625118256,2811.872177544087,723.2221555604924,2841.7562730726136,418.73230698771,6061.51341130728,1682.2346796104757,18.68348436623149,4.4951775133402965,0.043334875255823135,0.04214909300208092,-0.0008989883552682662,0.14556213132038215,0.16874489187662367,0.20107052198387287,0.08002810925245285,0.03333191201090813,0.1295221716695669,0.048846039793045366,1.4911761283874512,11.177621841430664,129.19921875,country
-0.751779317855835,36.23732376098633,0.0033295764587819576,2.6795246601104736,-0.0006551102269440889,1.6750462055206299,0.3650573790073395,0.2970292866230011,0.5300666093826294,0.23927617073059082,0.5300666093826294,0.23927617073059082,2952.9885811173413,983.643045507993,3036.4590945849873,354.22920578817156,6570.3581559962295,1633.3268305980769,18.997504822913925,4.601655757503604,0.04537937417626381,0.0477246530354023,0.0016487157044268134,0.16193016437234456,0.16794514288384502,0.19864935952389054,0.09261820465326309,0.03239630162715912,0.12478399313611756,0.08163604203140433,2.0617048740386963,12.488367080688477,135.99917763157896,country
-2.3317360877990723,40.267539978027344,-0.0029021077789366245,2.10105037689209,0.0010854192078113556,1.5657157897949219,0.379586786031723,0.28213077783584595,0.45495155453681946,0.2505958378314972,0.45495155453681946,0.2505958378314972,1958.9864228599774,596.7554996393187,2146.923519804291,321.0189077603775,4208.1924190654,1246.7885221260176,18.736513799130254,4.686626633591126,0.016916636377573013,0.02265370450913906,-0.0036372068596688925,0.1329498635037595,0.1715005613276859,0.2030947277145145,0.10473984479904175,0.025836437940597534,0.09423639307811292,0.046845285272833416,2.5641067028045654,10.460325241088867,151.99908088235293,country
-7.048503398895264,60.69516372680664,0.0031021747272461653,2.9797582626342773,0.0016571282176300883,1.9790065288543701,0.3226386308670044,0.29701748490333557,0.38091161847114563,0.2694225609302521,0.38091161847114563,0.2694225609302521,1426.0207482117,481.6503695202068,1648.467920931343,331.3239388436505,2880.8278236477668,1166.3284574402971,19.59622033853421,4.671469702388269,0.0038808726239949465,0.005500513594597578,-0.011185108153900516,0.16841097506690825,0.14584823560857296,0.18315243916652088,0.0798066258430481,0.027521630749106407,0.060195297394624904,0.024276201705736335,1.6109248399734497,9.090413093566895,107.666015625,country
-1.3090286254882812,52.265655517578125,-0.0021550131496042013,2.4396884441375732,0.0011057888623327017,1.400452971458435,0.3572580814361572,0.2840811014175415,0.4245641231536865,0.2507374882698059,0.4245641231536865,0.2507374882698059,1470.2190431491572,532.9875607079736,1960.209861429048,446.44474095073815,2967.8432809781034,1361.1508478112999,18.747131069469862,4.406502776041001,0.007320521865040064,0.007149284705519676,0.01418269248132904,0.15402127383060227,0.16360763438636913,0.21202528971489662,0.08867939561605453,0.01862049102783203,0.06387005752126837,0.02857264056683284,1.8919501304626465,8.402244567871094,89.10290948275862,country
-2.604295253753662,40.617862701416016,-0.002396839903667569,2.3891329765319824,-0.0007293088710866868,1.448371410369873,0.3698618412017822,0.2874068319797516,0.43878889083862305,0.25915297865867615,0.43878889083862305,0.25915297865867615,2068.869796587892,585.1078897573071,2370.15807218592,379.284983736779,4098.677845399507,1433.3950830036028,19.822089001278133,4.027003348911136,0.01520038116723299,0.021523447707295418,0.058093831017474534,0.18680069905923585,0.1715454307717621,0.20131276484744162,0.09675964713096619,0.03179728239774704,0.09558907941802011,0.04033713946759188,2.181647539138794,11.629115104675293,86.1328125,country
-6.414735794067383,71.3750228881836,-0.009920261800289154,2.728661298751831,0.0006523029878735542,1.4942039251327515,0.3157259225845337,0.30545008182525635,0.32071810960769653,0.2826405167579651,0.32071810960769653,0.2826405167579651,1138.970375102019,402.2607447600923,1462.5548366603607,274.69916882319194,2118.197709723028,829.1752230342628,20.378244020622745,5.08464107274086,0.0013786881463602185,0.003028480103239417,0.02670895430218777,0.16141508275787,0.1522501044184277,0.17807808825129567,0.08200867474079132,0.05647939071059227,0.0509447656854215,0.03179580673172117,2.1652750968933105,18.355886459350586,83.35433467741936,country
-0.8016416430473328,46.91549301147461,-0.0007904228987172246,3.1729302406311035,-0.0013145143166184425,1.9103436470031738,0.36546221375465393,0.29309767484664917,0.295192688703537,0.26220282912254333,0.295192688703537,0.26220282912254333,2407.9531761672592,1035.0136173280864,2532.4203413039213,392.8205682730495,5212.450718713747,1816.0962116222233,19.987591119758935,4.340725112062335,0.021663160994648933,0.02922395057976246,-0.02596517730089259,0.2180214586772748,0.15660487641598736,0.18648712956179012,0.10517426580190659,0.03147124871611595,0.08680454853054911,0.07362215812932278,2.5733959674835205,13.70195484161377,103.359375,country
-4.433877944946289,62.830482482910156,0.0003963462950196117,2.5607688426971436,0.00404953770339489,1.4431588649749756,0.2892390489578247,0.30209648609161377,0.3818618953227997,0.27974000573158264,0.3818618953227997,0.27974000573158264,1044.7200862613543,322.01627596674774,1393.8079039816196,228.64320028294696,1947.6307596795243,751.83172374124,20.30250973164432,4.8159572513979265,0.0011446208227425814,0.002799487905576825,0.026522009843619406,0.1629748306280156,0.17010589744374088,0.20038200722660174,0.10979615896940231,0.04093584045767784,0.04564919881090487,0.019727666531107264,3.1865932941436768,18.90281105041504,107.666015625,country
-5.912191867828369,54.168601989746094,-0.0022752811200916767,2.6740429401397705,0.0050504920072853565,1.6153430938720703,0.32171428203582764,0.30069032311439514,0.473611980676651,0.2573009133338928,0.473611980676651,0.2573009133338928,1719.4714520311265,419.60216716901937,2142.376265771634,327.7849618444139,3449.9672024543215,1083.6455013416592,19.829791536313756,4.546477139768559,0.006851944141089916,0.009030969813466072,-0.018393982596376406,0.16263118084172593,0.1818573638692446,0.20692017903846807,0.07508868724107742,0.03201410174369812,0.06805726749806651,0.026137455748029007,1.4949123859405518,11.4068603515625,184.5703125,country
-10.252660751342773,85.653076171875,-0.0027170151006430387,2.603022575378418,0.003169623203575611,1.5040422677993774,0.3054344654083252,0.3144089877605438,0.23780307173728943,0.2931133508682251,0.23780307173728943,0.2931133508682251,1495.5580556268485,790.662963212395,2331.9170617315413,496.9857004091079,3053.293292760296,2099.243931966096,20.37569535730509,5.279027694965784,0.005862319841980934,0.02171238884329796,-0.02001311467029356,0.2912969132168473,0.15834405954387748,0.18833647745039064,0.0388837493956089,0.0216791033744812,0.03546364438321732,0.04356868996278641,0.45996758341789246,3.888648748397827,83.35433467741936,country
-6.061295986175537,56.43845748901367,0.0007556909113191068,3.4981939792633057,0.0009741512476466596,1.8681974411010742,0.2704668939113617,0.3011855185031891,0.33265361189842224,0.27537867426872253,0.33265361189842224,0.27537867426872253,1738.8802794251499,756.3939982646162,1907.2670832046538,399.1087815590377,3424.7701905996228,1531.456237221273,21.4092019196643,5.0325945705855375,0.006647537928074598,0.015925297513604164,0.09566103429436175,0.19676483326962932,0.11133378758451817,0.14612212752919834,0.09655079245567322,0.04097144678235054,0.08241794760247487,0.047737900280557403,2.3053386211395264,18.659563064575195,129.19921875,country
-4.176493167877197,56.08654022216797,0.004586343187838793,2.5287249088287354,-0.00044439660268835723,1.4801440238952637,0.3473292887210846,0.2985684275627136,0.3848836421966553,0.2767728567123413,0.3848836421966553,0.2767728567123413,1565.155663257242,642.397839188714,2016.0878279617248,386.7492197623736,3188.704332674739,1412.5895277020584,19.835753260810762,4.296127581841721,0.008666333742439747,0.02226877026259899,0.05560496074760041,0.1710177935916793,0.1529032870895948,0.1881503433558392,0.07988017052412033,0.03366640955209732,0.05727693892594741,0.03975227013680062,1.6700276136398315,9.168787956237793,73.828125,country
0.3351190388202667,58.45035171508789,-0.001791520626284182,2.9532203674316406,-0.0004978791112080216,1.961158275604248,0.3298572599887848,0.2899109125137329,0.3546263873577118,0.2693699896335602,0.3546263873577118,0.2693699896335602,1270.301226914328,521.9478808285717,1702.208123239175,365.8921935793428,2498.1929628589037,1262.9777227602694,19.8306059410418,4.761192435524412,0.004053302109241486,0.009757177904248238,0.03305450911413153,0.191835878032768,0.131981785793879,0.16267001030618752,0.10050228983163834,0.03616566210985184,0.05480418902262181,0.02995744781804147,2.6128668785095215,15.514898300170898,107.666015625,country
-3.1712493896484375,37.28720474243164,0.002314356854185462,2.371839761734009,-0.0007375809946097434,1.494753122329712,0.39181479811668396,0.2863430976867676,0.4454072117805481,0.2594534158706665,0.4454072117805481,0.2594534158706665,2011.7251476004385,425.5235174375416,2140.448308361406,410.21374436306894,3907.7517763921114,1050.48344176124,19.416891336805133,5.697483972147611,0.01698918081820011,0.017707619816064835,0.021564529344669854,0.171608325718408,0.18723564523216493,0.2159300783826856,0.1165514662861824,0.03204945847392082,0.09735036615429234,0.03059209358264315,3.0220694541931152,11.799993515014648,92.28515625,country
-3.506920099258423,50.548728942871094,-0.007054886315017939,2.0056684017181396,-0.0002522106806281954,1.17251718044281,0.3182826042175293,0.29752299189567566,0.3637228310108185,0.2799219787120819,0.3637228310108185,0.2799219787120819,1474.2739870616333,348.478697580094,1886.0071281542077,278.6026526393599,2925.9676125652554,772.4731841127058,20.60897295312155,5.20681603195561,0.00439406605437398,0.00579309044405818,0.0007367091248010022,0.18556176917759895,0.18696207240577148,0.21567016479448103,0.09406918287277222,0.03087018057703972,0.05981539721094354,0.024364100367692636,2.2293012142181396,13.387357711791992,89.10290948275862,country
-2.0307137966156006,55.34162902832031,0.0033272686414420605,2.4694340229034424,0.000559324340429157,1.4564796686172485,0.30997389554977417,0.2986052334308624,0.3914645314216614,0.2711819112300873,0.3914645314216614,0.2711819112300873,1214.2001323890852,382.79519638231704,1555.577737612877,391.59807915817606,2274.3092689602668,977.4093454110398,19.333970218774144,4.090158262154879,0.00275102024897933,0.007493498269468546,-0.04366028553103962,0.15733724981080638,0.18197416587553167,0.20899790141472174,0.11706559360027313,0.04503164812922478,0.054210547781322505,0.021578027202080904,3.564653158187866,18.97934913635254,89.10290948275862,country
-4.805708408355713,71.85928344726562,-0.0007584444247186184,2.1173043251037598,0.0002533233491703868,1.1501476764678955,0.2213737964630127,0.2935483455657959,0.25700557231903076,0.28876978158950806,0.25700557231903076,0.28876978158950806,1240.7101460307977,580.1642930152541,1997.01199708467,534.3176701184442,2413.3841176044084,1908.0476528403078,22.08423782527923,5.099687944110371,0.0023832623846828938,0.00809516105800867,0.04024150865183775,0.28181572315343184,0.13572986943424117,0.16251627812501682,0.07958205789327621,0.04654332995414734,0.0428343121616396,0.015187194855981684,2.0123772621154785,24.591665267944336,161.4990234375,country
-0.9442929625511169,41.32243728637695,-0.005224214401096106,2.3546652793884277,0.00042099549318663776,1.3903189897537231,0.3134508430957794,0.28618815541267395,0.33443495631217957,0.27244803309440613,0.33443495631217957,0.27244803309440613,2053.1842219986365,718.9763131762862,2187.743333767352,456.06999646748045,4094.547733740574,1425.5437773706087,20.94332381323089,4.414621727904274,0.015338605269789696,0.030610188841819763,0.09012269593015007,0.2011651247323149,0.15002102625190017,0.17972366452378186,0.10079650580883026,0.035191867500543594,0.09532511298820573,0.04942355121479075,2.4366862773895264,13.62267780303955,112.34714673913044,country
-3.290961742401123,61.738746643066406,0.005780662875622511,2.810960531234741,0.00014536928210873157,1.5032246112823486,0.33107468485832214,0.3020974397659302,0.2443026304244995,0.2844942808151245,0.2443026304244995,0.2844942808151245,1823.2405420958114,740.9905760912036,2205.841484150421,462.0039835169779,4016.0006706786544,1497.520164549324,23.3231649908348,4.978804237832364,0.009254589676856995,0.022171709686517715,0.021907446713648703,0.2767888219602781,0.16114415015108277,0.191376079203276,0.060506999492645264,0.03488486632704735,0.06758635742942769,0.04506599928747342,1.097646951675415,7.057816982269287,99.38401442307692,country
-2.5186221599578857,40.41740036010742,0.008593495935201645,3.1347546577453613,-0.003115978091955185,1.8704116344451904,0.3168502748012543,0.30004510283470154,0.4515586495399475,0.26442205905914307,0.4515586495399475,0.26442205905914307,2456.7182165815743,675.6496871847086,2387.4975939529654,391.55037399459013,4914.87450832004,1264.115568979493,20.984762467882426,4.997362365342076,0.022599371150135994,0.030908655375242233,-0.015158909891358641,0.185379386511747,0.14176579337714842,0.17427295419466457,0.10459340363740921,0.04804261401295662,0.12363183065061871,0.056650630311935415,2.523871421813965,15.04940414428711,92.28515625,country
-2.87980055809021,43.09548568725586,0.0030494669917970896,3.3839876651763916,-0.005869456101208925,2.3866288661956787,0.35918694734573364,0.30203649401664734,0.5580476522445679,0.22163482010364532,0.5580476522445679,0.22163482010364532,2614.3440997684415,889.6857367931707,2655.9285724653673,526.3650090091518,5435.626631380511,2000.6851472416129,19.20824022662586,5.6843761513478475,0.046257492154836655,0.06032697856426239,0.007777198374736232,0.1535087887058943,0.15493733445218955,0.19325657216938405,0.07823295891284943,0.03988252952694893,0.11928223789153132,0.058063112630528865,1.5569593906402588,11.99096965789795,135.99917763157896,country
-0.9797757863998413,38.50355911254883,-0.004383490886539221,2.7246978282928467,-0.000823318783659488,1.5874050855636597,0.3758801519870758,0.2855772078037262,0.5279949903488159,0.22640828788280487,0.5279949903488159,0.22640828788280487,2321.8879492685483,737.1359853764919,2545.383232254306,394.8167749347884,4580.651883791328,1628.2551468671345,19.675702816402048,4.523451824578807,0.026161497458815575,0.039854925125837326,0.028577564939791238,0.15751010150970104,0.16322770714959492,0.19343245890918792,0.09992821514606476,0.033887289464473724,0.10436530234918794,0.05056130399384196,2.4309186935424805,13.260095596313477,99.38401442307692,country
-12.09694766998291,82.49394226074219,0.004203316289931536,2.8698432445526123,-0.00027346808928996325,1.6053898334503174,0.34468597173690796,0.29376670718193054,0.3054288625717163,0.2971094846725464,0.3054288625717163,0.2971094846725464,1827.8001725934416,757.8131667821444,2050.2592014517736,369.36432853410696,3647.521434527262,1510.813795304342,22.157011641457334,5.0324123874459925,0.008394327946007252,0.01809404231607914,-0.11096468836114926,0.2299986525655397,0.1292979131329759,0.157655913576765,0.022760968655347824,0.016005534678697586,0.08486652890564579,0.06113774830600135,0.16362644731998444,1.5588198900222778,112.34714673913044,country
-3.1130151748657227,48.910850524902344,0.00027387228328734636,2.314122438430786,7.279231067514047e-05,1.361791968345642,0.3739430606365204,0.2902623116970062,0.3581681251525879,0.27706438302993774,0.3581681251525879,0.27706438302993774,2068.662126290897,823.9179529976985,2437.6024358625427,478.9292486111375,4232.98974269504,1882.4864589075746,18.778550878989957,4.058236480746839,0.020528439432382584,0.03840852528810501,-0.04648057510128261,0.2178072302219074,0.16582564219991763,0.19284546439756298,0.072048120200634,0.02846483141183853,0.08496433620939675,0.0508351558155718,1.3098487854003906,6.258431911468506,99.38401442307692,country
-0.9107702374458313,34.75056838989258,-0.0006538122543133795,2.404031991958618,0.0029384910594671965,1.3089038133621216,0.3672547936439514,0.29295599460601807,0.4878961145877838,0.23522818088531494,0.4878961145877838,0.23522818088531494,2860.0275833530027,720.9866648653206,2919.6222345104266,383.85387160062913,6246.1527176080335,1464.4019668415845,18.728068523146344,4.175148457916371,0.038508038967847824,0.03070830926299095,0.05828533775319644,0.15259804654466136,0.16222129764681933,0.19257381072794236,0.09088993817567825,0.030456412583589554,0.12114926225348027,0.04497124878020468,1.9629212617874146,12.175827980041504,151.99908088235293,country
0.09052715450525284,27.577821731567383,0.007078635971993208,2.334293842315674,0.004913735669106245,1.9372150897979736,0.43772944808006287,0.2741536498069763,0.6011888384819031,0.2077973186969757,0.6011888384819031,0.2077973186969757,3760.408113053086,765.7338558491481,3052.8443953202923,357.24198008764006,7442.153116389936,1314.9639874701213,18.98296640922169,4.637541212197884,0.0934600979089737,0.06092173606157303,-0.007862757859727286,0.09327195011737414,0.15737583240286052,0.20090375019085566,0.09632568061351776,0.027601558715105057,0.21236722375290024,0.06241884193221471,1.782655954360962,9.182355880737305,123.046875,country
-1.5430452823638916,35.03990173339844,0.019712448120117188,2.9016473293304443,0.0007508116541430354,1.7518813610076904,0.37345489859580994,0.2934108078479767,0.5461331009864807,0.23205715417861938,0.5461331009864807,0.23205715417861938,2449.7536777060777,546.6097185358038,2560.4589639124774,350.6826399615053,5042.957930775087,1267.0957587928135,18.814913647342117,5.194435713873961,0.03384019806981087,0.034890316426754,0.030466036778328064,0.1526034473457295,0.13602275233727698,0.17144096682728993,0.1090000793337822,0.03893345966935158,0.10630558778035576,0.035843442523193735,2.8727304935455322,13.663763046264648,143.5546875,country
1.9986263513565063,36.22063446044922,0.0011054894421249628,2.7175538539886475,0.0008057322702370584,1.799939513206482,0.4002494215965271,0.2875451445579529,0.3495592772960663,0.2527592182159424,0.3495592772960663,0.2527592182159424,2634.223606489956,905.8720436398293,2898.649215130567,483.24529520669523,5808.127730296549,2134.7693317306234,18.542732928081687,4.285701952713023,0.0351666584610939,0.04267319291830063,0.05614654903699271,0.18141018032299092,0.15384215897122325,0.1873320188231325,0.11321748048067093,0.024175414815545082,0.09586022090100542,0.05357424557559377,2.877565622329712,14.579554557800293,129.19921875,country
-0.8450851440429688,33.3335075378418,-0.00024364837736357003,2.3788957595825195,0.002366171218454838,1.4936161041259766,0.3916565775871277,0.2921261787414551,0.48716917634010315,0.23638182878494263,0.48716917634010315,0.23638182878494263,2387.97203880899,588.0501503576145,2716.6177620554517,345.2071485501846,5391.869097574681,1282.7154021031754,19.403496163876934,5.3795347393778075,0.02692101150751114,0.025716766715049744,0.03206615322393581,0.16445366841640677,0.14562668700183606,0.17682564307280216,0.11766617745161057,0.022288043051958084,0.08704434636020882,0.035701332760299895,3.1997737884521484,13.880728721618652,103.359375,country
-0.3270286023616791,34.15733337402344,0.0033330554142594337,2.6877143383026123,0.001618271111510694,1.7162725925445557,0.40311959385871887,0.2868688404560089,0.563849687576294,0.23211364448070526,0.563849687576294,0.23211364448070526,2530.4998439482647,626.4748195621297,2491.290219955262,365.33146689516656,5070.286613163428,1350.9132729983733,18.29888083871277,3.9787615905751683,0.0456399992108345,0.05097772553563118,0.013858316777879333,0.13408690930542586,0.12888860698359136,0.162032688708083,0.09497250616550446,0.038286834955215454,0.13428527407192575,0.04712216435979457,2.043972969055176,11.371158599853516,135.99917763157896,country
0.924858033657074,50.467472076416016,0.0037954202853143215,2.7882986068725586,0.0013208012096583843,1.5510766506195068,0.36009690165519714,0.29212290048599243,0.2945409417152405,0.2796308100223541,0.2945409417152405,0.2796308100223541,1729.7885870910534,749.3064448375856,2247.6077330866415,551.104846100424,3359.5210878589037,1728.9914651135493,21.60676997782452,4.760075573200273,0.00807161070406437,0.018902897834777832,-0.01749451443956827,0.2745845831158349,0.14429883073818311,0.17607439749545498,0.11364317685365677,0.03761051595211029,0.06650367966937355,0.03920999111209752,3.1361207962036133,14.960179328918457,78.30255681818181,country
0.25614699721336365,27.28281593322754,-0.005644362885504961,2.810922145843506,0.0005499997059814632,1.5990644693374634,0.34553658962249756,0.304408997297287,0.46693000197410583,0.24832449853420258,0.46693000197410583,0.24832449853420258,2777.4882405051285,728.3628545668748,2647.8062084161784,344.68971744208073,5622.539164461282,1397.9640812729053,18.842895933376486,4.710008180890715,0.0519135519862175,0.06109337881207466,0.0029408065925122595,0.11307289303030721,0.15433115091349636,0.18409527051066885,0.14658696949481964,0.04221653565764427,0.13297072880413766,0.05913091034776759,4.668895721435547,24.27109146118164,78.30255681818181,country
-2.326125383377075,42.82008361816406,0.002178607974201441,2.9130961894989014,-0.000699644151609391,1.8073304891586304,0.3741758167743683,0.2926975190639496,0.44060543179512024,0.2640567421913147,0.44060543179512024,0.2640567421913147,2109.417730689385,546.821887791784,1933.8314274427828,293.6028347714252,3843.893255601073,905.2622610539997,20.316065774313923,5.110752064949858,0.013799996115267277,0.02439316362142563,-0.0039763580739065095,0.16050069495604372,0.16134125388907453,0.19127730544679827,0.10329493135213852,0.033262044191360474,0.11588466139791183,0.04759764384627627,2.1787803173065186,9.242032051086426,78.30255681818181,country
-4.6710052490234375,49.30818176269531,-0.004289251286536455,2.57169771194458,0.0018163278000429273,1.4334393739700317,0.31027132272720337,0.28817856311798096,0.40162965655326843,0.27524644136428833,0.40162965655326843,0.27524644136428833,1784.0387310049896,446.8392155872026,1840.0082750714125,273.0424867929941,3556.0594456931553,938.2959844902069,21.627331083363018,5.138629419846553,0.005036105401813984,0.006894339341670275,0.06782052677156084,0.1391783472792729,0.1774582916318632,0.20562808536334484,0.090626560151577,0.03128315135836601,0.09410006706786543,0.04013074662689404,1.8683398962020874,11.629376411437988,151.99908088235293,country
-2.2895331382751465,46.554866790771484,-0.004352545831352472,3.212907075881958,-0.00014133239164948463,2.028334140777588,0.31120386719703674,0.30208835005760193,0.42829230427742004,0.2674930989742279,0.42829230427742004,0.2674930989742279,1939.8088633748253,649.51926464752,2482.5238380341193,404.2116027917231,4126.805904237964,1536.6215404387578,20.300548963995,5.6737353968046085,0.011567761190235615,0.020442817360162735,-0.01370669713117254,0.12881051133879806,0.1747730056086769,0.2068893440480647,0.11688874661922455,0.04581114277243614,0.06396371084686775,0.03403418003821703,3.6153035163879395,23.373035430908203,117.45383522727273,country
-1.7321109771728516,42.4345817565918,-0.0005483853165060282,2.5857133865356445,-0.0002537030668463558,1.8228572607040405,0.3238818645477295,0.2988673150539398,0.37531766295433044,0.27017927169799805,0.37531766295433044,0.27017927169799805,1599.911202685332,495.9675708052045,1826.2848279513296,359.5667246648145,3006.7296145410382,1091.6973994862697,19.225830607178885,4.764396769502401,0.009430901147425175,0.01813146285712719,0.047740902783589216,0.18101950534585312,0.15042413707910884,0.18042231391634136,0.14351886510849,0.04109467193484306,0.07579197481631864,0.028130328389056047,4.895531177520752,25.49881935119629,112.34714673913044,country
0.6358625888824463,47.53191375732422,6.765880243619904e-05,2.8216307163238525,-0.0008592312224209309,1.5706347227096558,0.35114315152168274,0.29233089089393616,0.36209970712661743,0.26076507568359375,0.36209970712661743,0.26076507568359375,1780.2063536153119,627.2919627073505,2036.274218634949,400.10890858020906,3875.043956641531,1365.4126415701896,22.51359249119664,8.257384545173961,0.005428595002740622,0.010469745844602585,0.06753617147289233,0.192196523880188,0.11243111514297298,0.14789474020103682,0.10936973989009857,0.031489916145801544,0.07894522186774942,0.04593055620466915,2.9130263328552246,13.749876022338867,117.45383522727273,country
-5.238301753997803,57.435935974121094,0.00423703296110034,2.2415428161621094,0.0018502605380490422,1.256661057472229,0.2746507227420807,0.30938273668289185,0.2856749892234802,0.2849489748477936,0.2856749892234802,0.2849489748477936,1553.0252624967882,611.8018310707365,1848.587709670697,368.2216067712386,3167.3210126341355,1202.5922043425421,25.226971387480795,6.648817680492857,0.001955891726538539,0.006274688057601452,0.03435925587171044,0.25949830744791375,0.15693307989189365,0.18295078096282336,0.09030824154615402,0.028782015666365623,0.0592791563950116,0.043583448794653604,2.052919864654541,12.662016868591309,64.599609375,country
-1.2335630655288696,70.53182220458984,0.001622330746613443,2.2408149242401123,-0.00046606853720732033,1.2234398126602173,0.3289262056350708,0.29622846841812134,0.24602100253105164,0.2838836908340454,0.24602100253105164,0.2838836908340454,1115.6797010252174,479.35144033914236,1662.994993523966,375.0723031164477,2347.685365610499,1210.6055670593,23.637131366714225,5.959444162013654,0.0008116065291687846,0.0028819148428738117,0.02174778388089396,0.29164320956748885,0.1620814988962526,0.1894162518307483,0.06949131190776825,0.0198111142963171,0.03546288911446249,0.024980344024464685,1.2199032306671143,6.464691638946533,71.77734375,country
0.7721987962722778,36.334083557128906,-0.0006790799670852721,2.074017286300659,0.0001580988464411348,1.4031896591186523,0.3733923137187958,0.29094237089157104,0.5149996280670166,0.23909495770931244,0.5149996280670166,0.23909495770931244,2271.851928641194,491.0071199703859,2297.3720365951876,246.36378363117464,4957.865973027842,959.2267058101057,21.606294096963328,9.349049538221175,0.009992324747145176,0.009597166441380978,0.044011760789170136,0.1671789889696955,0.15869039288214895,0.19364683152122167,0.13352710008621216,0.033587001264095306,0.10830818288379737,0.03519430968960226,4.1054606437683105,20.042116165161133,89.10290948275862,country
0.022864025086164474,51.734092712402344,0.00397079810500145,2.096046209335327,0.0008261052425950766,1.2028684616088867,0.3127268850803375,0.2983582317829132,0.30763164162635803,0.2871381640434265,0.30763164162635803,0.2871381640434265,1654.409423776694,555.6412762112062,2105.4593581100476,368.139079904834,3907.9599473426624,1332.04628183309,24.002066731936985,7.4154359446021285,0.002284964080899954,0.004112051334232092,-0.02888099038784069,0.26848896400789185,0.15058133844199612,0.1803155815196876,0.10427781194448471,0.029987089335918427,0.06018472363205723,0.024969711170126436,2.7134406566619873,16.209030151367188,75.99954044117646,country
2.8936188220977783,38.2857551574707,0.0012418346013873816,2.0996439456939697,-0.001235174247995019,1.2734906673431396,0.3571169376373291,0.29008790850639343,0.46485182642936707,0.23659268021583557,0.46485182642936707,0.23659268021583557,1881.2205095617792,401.4837786714888,2116.1645631703473,291.7280750155297,4111.442888087297,1060.6731820432192,21.970442262787824,8.766212375991119,0.00522759510204196,0.005303661338984966,-0.00808044232979074,0.18050291484035796,0.1458296537360447,0.17743776857982824,0.1549708992242813,0.038552459329366684,0.08111548663476412,0.023311309511614562,5.691535949707031,25.690109252929688,129.19921875,country
1.0629968643188477,52.1253776550293,0.005545494146645069,2.13810658454895,-0.0011377375340089202,1.1837140321731567,0.3191295564174652,0.2900107800960541,0.2636634111404419,0.28369155526161194,0.2636634111404419,0.28369155526161194,1468.4574659783875,538.5625229155107,1960.4811504411457,402.90800917756644,3212.660645664153,1403.9671777845535,25.050038037468806,7.246519527934724,0.0014034213963896036,0.0023012333549559116,-0.008363580830444986,0.299296923428217,0.16963691521071217,0.2074307764032394,0.13616843521595,0.045040473341941833,0.05492503202339521,0.03177895839752675,4.6566901206970215,23.271047592163086,80.74951171875,country
-2.0705277919769287,47.15026092529297,0.005133023019880056,2.1396024227142334,0.003525924403220415,1.207292079925537,0.3150659501552582,0.29453861713409424,0.3039276897907257,0.28072425723075867,0.3039276897907257,0.28072425723075867,1741.888486282652,572.662644639261,1985.7526618758286,399.2898519542958,3791.309273491879,1316.9259844174546,24.661545209311434,8.117358947663051,0.003680471098050475,0.010991575196385384,-0.0666533511345331,0.26519846302864564,0.18108404194487707,0.2086392753437964,0.1300695240497589,0.048536304384469986,0.07544530645784996,0.03720220431409177,4.239814281463623,20.650096893310547,67.99958881578948,country
2.9392709732055664,41.57546615600586,0.0006814111256971955,2.890376329421997,0.00032982497941702604,1.7304754257202148,0.3482300639152527,0.29431527853012085,0.3843155801296234,0.26661786437034607,0.3843155801296234,0.26661786437034607,1796.7119762329241,517.4868472868246,2148.5828916129603,355.6564605629231,4165.017763921113,1272.8293705331798,23.111113182681084,8.806048407635117,0.004507674369961023,0.0059507242403924465,-0.0066495384822608744,0.20454556464417406,0.11070502735620953,0.1514837096658462,0.16378077864646912,0.04989927262067795,0.07328712599091261,0.032089556318933066,6.661951541900635,34.02312088012695,112.34714673913044,country
1.3248039484024048,57.55978012084961,0.0013361591845750809,3.0956833362579346,-0.0004835942236240953,1.7196688652038574,0.28437814116477966,0.2973218858242035,0.25423192977905273,0.2805044949054718,0.25423192977905273,0.2805044949054718,1535.405936256092,750.8041741452868,2011.759876319906,564.8811249932567,3510.478334360499,2015.382801607486,24.847101553728542,7.842558805609827,0.0018663362134248018,0.0035375691950321198,0.030435778578267073,0.2930525406408149,0.1237803769576047,0.15562929411079837,0.14542289078235626,0.048798996955156326,0.0525349840487239,0.031109695942516075,5.409900665283203,31.273807525634766,135.99917763157896,country
2.601254463195801,54.58869552612305,0.005823071580380201,2.6202621459960938,0.0007671812199987471,1.4567843675613403,0.342101514339447,0.2970663607120514,0.20560093224048615,0.2755073010921478,0.20560093224048615,0.2755073010921478,1373.628372500732,722.2646189642528,1930.5879081818055,547.641398554225,3070.4965401138343,1846.3447473378944,24.417652442025545,7.42408199991413,0.001735457917675376,0.004252641927450895,0.07432306703490721,0.328478416322596,0.1154487041420759,0.14818029660495413,0.14097315073013306,0.04144885390996933,0.04291625882153906,0.033462551658240754,5.031336307525635,28.08024787902832,69.83741554054055,country
-0.22163552045822144,56.73458480834961,0.008267564699053764,2.4729998111724854,-0.0033642640337347984,1.432371735572815,0.3145773112773895,0.2928836941719055,0.25399133563041687,0.2820281386375427,0.25399133563041687,0.2820281386375427,1397.8552412349427,615.0726054997219,1896.1999666670188,497.74974746383555,3101.2558797672564,1662.1159386972367,24.302225648958714,7.244897247238183,0.002108752727508545,0.004610494710505009,0.061297618589462075,0.29077228607071826,0.137099817206875,0.16560882860773127,0.10720919817686081,0.03772765025496483,0.04858304028905646,0.026545364745759862,2.979238271713257,14.342610359191895,60.09265988372093,country
1.3849774599075317,38.21572494506836,-0.004861661698669195,2.274533748626709,-0.0025911328848451376,1.6759402751922607,0.3903082311153412,0.2941778004169464,0.47080326080322266,0.24284979701042175,0.47080326080322266,0.24284979701042175,2166.6058738727033,532.4691809374394,2277.452693095105,265.6064882799222,4793.95216656395,1044.320976217966,21.815555980553814,9.151828523036766,0.00868908129632473,0.010115636512637138,0.014117490900437237,0.16420078846765787,0.1545223711965164,0.19105942963301786,0.1301247626543045,0.037989214062690735,0.10233551757057231,0.03932384165474769,4.049631118774414,19.91663932800293,172.265625,country
1.4071439504623413,55.815486907958984,0.0012280847877264023,3.4332640171051025,0.0016590496525168419,1.9274020195007324,0.33393558859825134,0.3107101321220398,0.4005449414253235,0.27508944272994995,0.4005449414253235,0.27508944272994995,1614.587918187712,775.5994335757276,2016.5163398799498,575.4819492540942,3657.9216552167923,1904.3417650971608,23.41299337373442,8.00959979870085,0.0023786418605595827,0.00493363942950964,0.007476759518228071,0.2185430165977111,0.10157730511449174,0.13748915068482395,0.13140340149402618,0.04924332723021507,0.05825803303847641,0.03559296695653856,4.52152156829834,32.16122055053711,83.35433467741936,country
-3.3512320518493652,60.632110595703125,0.01078946515917778,1.9044032096862793,0.0009924893965944648,0.9870985150337219,0.2634865939617157,0.3045026957988739,0.25292646884918213,0.28333941102027893,0.25292646884918213,0.28333941102027893,1511.6824075794034,444.65449397256197,1865.1117334500523,381.89938532107857,3237.6494865683003,1126.0707336173784,25.028638316713828,6.513589365628377,0.0010740074794739485,0.0026531564071774483,0.032381607888164535,0.2871277829585528,0.19415522908194477,0.2238775576329165,0.08254984021186829,0.03175703063607216,0.06007520966260634,0.025862668230930835,1.792714238166809,11.410297393798828,66.25600961538461,country
-5.7943596839904785,70.5251235961914,-0.0004486233810894191,2.8086376190185547,0.001945462659932673,1.5158698558807373,0.282783567905426,0.3096362054347992,0.268691748380661,0.2901061177253723,0.268691748380661,0.2901061177253723,894.5392325301151,402.6338207435855,1195.985254819635,317.5840292853519,1639.8291921947505,925.9816203243904,24.262003397147662,5.721414006421317,0.0003061182505916804,0.0015493774553760886,-0.005465171322800083,0.2623650623634758,0.1434135335293335,0.1742499278540897,0.11052864789962769,0.06233120709657669,0.0386682497099768,0.021038074796274533,3.7283215522766113,27.760160446166992,123.046875,country
1.6522008180618286,43.39444351196289,-0.003246167441830039,2.6984035968780518,0.0005978982662782073,1.7908037900924683,0.32066836953163147,0.28449419140815735,0.4358040392398834,0.24421937763690948,0.4358040392398834,0.24421937763690948,1701.9620057889877,330.78230570648265,1709.5446449055712,246.27006832739036,3244.6606841828598,775.8530362312733,22.52505760124194,8.18255938446526,0.0024664883967489004,0.002464898396283388,0.030937235019319626,0.1774219851528549,0.13696702099953778,0.17738749088917188,0.13644498586654663,0.03816751018166542,0.09890433161736273,0.026538035189024242,3.999650239944458,17.21238899230957,112.34714673913044,country
-6.611849308013916,86.268310546875,0.0029211852233856916,3.0864555835723877,0.0005429430748336017,1.663712501525879,0.3213205635547638,0.2964056432247162,0.2832379937171936,0.29072505235671997,0.2832379937171936,0.29072505235671997,858.1117097118749,534.0104901722129,1238.2195319306607,413.436959374525,1446.105305611949,1251.2241892561963,22.637732772269022,5.827946523959163,0.0006599184707738459,0.002781081944704056,-0.054802686954035715,0.2677742208460484,0.12927726405206302,0.15398322811606802,0.0554165281355381,0.03509575128555298,0.035363948907579275,0.024617110673210506,1.0023962259292603,7.027368068695068,64.599609375,country
-3.417626142501831,64.87788391113281,-0.0013881308259442449,2.799363136291504,-0.0005024949205107987,1.707060694694519,0.34928929805755615,0.29980799555778503,0.36253902316093445,0.27388668060302734,0.36253902316093445,0.27388668060302734,1131.076903032162,439.95255051748137,1458.695646588428,401.03094675877327,2216.987316016531,1149.5008509894587,22.7912925038533,6.224466134344982,0.0010249490151181817,0.002221187110990286,-0.029205695408508092,0.2114898641305539,0.1563786058161236,0.18212884059696816,0.08345240354537964,0.04015599936246872,0.050235945959010056,0.022838087331616477,1.9911967515945435,11.671369552612305,172.265625,country
-0.7189926505088806,61.033782958984375,-0.004037558566778898,2.1876983642578125,0.0002463421260472387,1.2632906436920166,0.3521479070186615,0.2936064600944519,0.3284914195537567,0.29940444231033325,0.3284914195537567,0.29940444231033325,1327.7101968688287,417.9437760799486,1632.7341671284426,261.58735999850484,2755.833658098898,848.3144759257677,24.3666147396372,6.482175569309323,0.0008333049481734633,0.002042204374447465,0.030710859431332508,0.2563017043246671,0.19633717825131422,0.2231585672906543,0.08714102953672409,0.046941518783569336,0.06107367495649652,0.03181112453107174,2.2479066848754883,19.17054557800293,112.34714673913044,country
0.8956140279769897,40.670658111572266,0.0074451076798141,2.5294198989868164,0.0005999694112688303,1.6288076639175415,0.3651997148990631,0.2937816083431244,0.4871477782726288,0.24145866930484772,0.4871477782726288,0.24145866930484772,1934.7410487910734,500.022643691877,1970.0805807414333,314.08132233147523,4048.308802204176,1117.0652951444054,22.85456745374841,8.52062398930236,0.004280627239495516,0.004326892085373402,0.018603910084067525,0.15398939669647563,0.16828997873092758,0.1978014785550529,0.14430227875709534,0.05292057618498802,0.09472278615622583,0.03780862036325661,5.015824317932129,34.50643539428711,112.34714673913044,country
-8.014423370361328,59.258399963378906,0.0019802970346063375,2.0011544227600098,0.004289750941097736,1.0802233219146729,0.2926345467567444,0.2926025390625,0.3251555860042572,0.282010555267334,0.3251555860042572,0.282010555267334,1261.49873667509,577.7860557206682,1396.397737418483,454.484820631116,2422.3354684781034,1249.7111194392023,24.72970103462161,6.9913417113975305,0.001079619862139225,0.001912585343234241,0.011593099052151678,0.22456405565043838,0.18192413047628783,0.213173556305513,0.11837015300989151,0.06269925832748413,0.0605177971529389,0.02984773267511054,3.917508840560913,27.406700134277344,143.5546875,country
-0.30532267689704895,41.78447723388672,-0.0015246693510562181,2.26764178276062,-0.0015844482695683837,1.5191738605499268,0.34504351019859314,0.29000845551490784,0.46862849593162537,0.25477302074432373,0.46862849593162537,0.25477302074432373,1711.3330130756567,409.28364113691094,1873.5437095350364,298.6794376928649,3556.5090949463456,1027.514845003922,22.338487279959498,8.15917466572565,0.0033323185052722692,0.004088614601641893,-0.025617988304013725,0.1837850122227197,0.17546445044934125,0.20664948349255796,0.15660792589187622,0.04873376339673996,0.08226991492652745,0.024405099921138644,5.9280524253845215,27.83702850341797,151.99908088235293,country
-2.402165174484253,52.386775970458984,0.00402682414278388,2.5079805850982666,0.0001767622452462092,1.4476455450057983,0.37485817074775696,0.2865161895751953,0.3990139067173004,0.2698049545288086,0.3990139067173004,0.2698049545288086,1548.906387363762,508.3476058494796,1823.557931123346,406.65740732860195,3289.384131199246,1264.283415324269,23.7556630479321,7.819009447896385,0.0024586343206465244,0.003497499041259289,-0.009659041941781084,0.22824922979431364,0.15467355268136296,0.18513838706802802,0.09581992775201797,0.03812204673886299,0.06973622994006187,0.02943026965917424,2.361806869506836,13.64422607421875,151.99908088235293,country
-5.561433792114258,62.252593994140625,-0.003326843027025461,2.4647650718688965,0.0013895289739593863,1.362046241760254,0.3549932837486267,0.29450803995132446,0.3336032032966614,0.28577521443367004,0.3336032032966614,0.28577521443367004,1534.0502232319088,673.035890668533,1696.9819905278118,449.8430224633,3117.7596727269433,1396.5650028322013,23.593331735600945,7.295451403766138,0.002275014529004693,0.00415444141253829,0.10760100465206049,0.22855711465041773,0.17969803738608145,0.20554728740175762,0.08229553699493408,0.05437799170613289,0.07112819025522042,0.04272733342890468,2.0312306880950928,12.504218101501465,135.99917763157896,country
3.8464064598083496,33.66563415527344,0.0007611638284288347,1.6943680047988892,0.0005599923897534609,1.3100495338439941,0.3718758523464203,0.2908267676830292,0.4494442641735077,0.2684880197048187,0.4494442641735077,0.2684880197048187,2187.1340254846773,389.96160404643865,2241.9570925418125,207.66167874754353,4840.865571980134,788.5594749246902,23.394656638274935,9.572890131311812,0.005844597704708576,0.00392702454701066,0.04135748787674219,0.16596976219388093,0.1765587917852197,0.21024337798228326,0.1796727478504181,0.053769487887620926,0.11371855060904873,0.0387194681382021,7.365085601806641,40.07601547241211,95.703125,country
-3.221820831298828,60.806697845458984,-0.007661621551960707,4.2640533447265625,0.001239233766682446,2.3634800910949707,0.29725638031959534,0.29591333866119385,0.34857428073883057,0.2740515172481537,0.34857428073883057,0.2740515172481537,1321.6158527095804,636.7604857613769,1409.9383463674692,491.44733899776094,2589.8631226435614,1347.3837933925577,23.513695503031595,7.11795678016739,0.0012220536591485143,0.0025439001619815826,0.0051813088012521045,0.20458934886148927,0.13251636743654435,0.16986552873358016,0.1282869577407837,0.052777815610170364,0.06649877042246713,0.040886469798155155,4.017337322235107,21.155838012695312,143.5546875,country
-1.0723217725753784,47.79010009765625,-9.306443098466843e-05,2.266744375228882,-0.0036314392928034067,1.3794660568237305,0.3373224139213562,0.2876497805118561,0.4464031159877777,0.25272125005722046,0.4464031159877777,0.25272125005722046,1513.0709550116753,305.8120539186776,1558.0992064311197,251.22295226395448,2922.4536869199537,687.6151098505368,23.237610751596964,7.350612621345736,0.001537779811769724,0.0015821882989257574,0.07536892804198134,0.17161994603858813,0.18531933340412532,0.21175315485752963,0.1314125657081604,0.04050222039222717,0.08782189554331013,0.022915662622911278,4.071238994598389,16.97373390197754,184.5703125,country
-4.672490119934082,79.3248519897461,0.007300159428268671,2.186378240585327,-0.00035168518661521375,1.1667245626449585,0.3762128949165344,0.3046072721481323,0.26246708631515503,0.276289165019989,0.26246708631515503,0.276289165019989,1144.8885616291911,572.2905526967143,1443.9709863470932,404.7118561745539,2223.7570353284514,1301.633421255269,21.72855769011203,5.763409929062272,0.0010809253435581923,0.0026214197278022766,-0.014282802985554593,0.28610804641055065,0.18230710541893927,0.21009256056647227,0.043314192444086075,0.03292962536215782,0.049895697384957464,0.038127870757720374,0.6488835215568542,5.447202205657959,66.25600961538461,country
-4.839881896972656,69.16519165039062,0.0041878060437738895,2.615298271179199,0.002231246093288064,1.5902163982391357,0.3103138208389282,0.29179105162620544,0.32559701800346375,0.299875944852829,0.32559701800346375,0.299875944852829,963.6542370411188,533.1313470900767,1235.645727152156,509.69812246389193,1754.931074173434,1287.5555592442165,23.589947213586314,5.995904942035872,0.0004972731112502515,0.0010563184041529894,0.120057189813042,0.2338223014830431,0.15016527533498236,0.1783555855273443,0.11524874716997147,0.0398293063044548,0.045760600952242846,0.024565079549870396,3.370544672012329,17.456911087036133,80.74951171875,country
2.1994996070861816,40.88444519042969,0.004805149510502815,3.0971763134002686,-0.0027777994982898235,1.9134827852249146,0.3872835636138916,0.29011762142181396,0.46084898710250854,0.2371867299079895,0.46084898710250854,0.2371867299079895,2049.246281139036,760.6900803253087,2188.0938980479596,465.11541769271184,4434.515876504495,1691.4354725416267,22.618819975262454,8.948290418844287,0.006542185787111521,0.007955299690365791,0.01886363516496202,0.16960514564917925,0.13661834444172363,0.1728662995869354,0.1531912088394165,0.04636369273066521,0.08936113326566125,0.04597052678213481,5.525088787078857,26.1092586517334,99.38401442307692,country
2.1527788639068604,36.41844177246094,-0.0015802959678694606,2.6873745918273926,0.003141035558655858,1.6519153118133545,0.3786434829235077,0.29024359583854675,0.4883333742618561,0.23750010132789612,0.4883333742618561,0.23750010132789612,2102.290176447949,629.3390011183454,2152.6591561071887,334.45704144212317,4417.928815164588,1329.100832953993,22.25074290484589,9.129448291267792,0.009045536629855633,0.011811118572950363,0.02671578368496188,0.15213269491055337,0.13838942626370426,0.1726965983608575,0.1678309589624405,0.05736969783902168,0.10104778434358082,0.04829663911036416,6.790940284729004,39.322017669677734,89.10290948275862,country
1.9964295625686646,34.949195861816406,-0.004571508150547743,2.522705554962158,0.0007250298513099551,1.507872223854065,0.3858901858329773,0.2902487516403198,0.5277101993560791,0.22503480315208435,0.5277101993560791,0.22503480315208435,2253.4147941386177,562.2517290348284,2261.6012389166626,295.9080213614468,4799.531148038718,1143.5973772940363,21.845061101341884,9.4477108323683,0.010749614797532558,0.01309425849467516,0.055623604829109045,0.11841115491506106,0.15809159342499582,0.18856561800091992,0.1664840579032898,0.04853133484721184,0.10606314651005413,0.04673325132644735,6.508522987365723,31.44156265258789,117.45383522727273,country
1.0581965446472168,51.10506057739258,-0.0007476276950910687,2.482078790664673,-0.0012267188867554069,1.4102256298065186,0.3184654712677002,0.29081475734710693,0.2860819399356842,0.28046339750289917,0.2860819399356842,0.28046339750289917,1436.1116636001782,547.1133615051906,1729.5519563242788,399.85470422020086,2924.4271475311775,1286.1688931033948,23.692415962808727,7.4591881302638985,0.0024577477015554905,0.00612598704174161,-0.022402256995445343,0.2739441779465454,0.1702816359281136,0.19523470043841573,0.13101260364055634,0.0427233949303627,0.059544633362335654,0.02865253263291784,4.288887023925781,21.968137741088867,143.5546875,country
0.7303856611251831,37.44544219970703,0.012488987296819687,2.5532710552215576,-0.0081704156473279,1.7085943222045898,0.3196960687637329,0.2911965250968933,0.44602081179618835,0.2537589967250824,0.44602081179618835,0.2537589967250824,1964.9561710023156,522.6096499092721,2036.4768026599284,294.28117813294057,4059.433457801624,1046.970514610034,23.723845661406163,8.479754830020262,0.006610117852687836,0.015479551628232002,0.06804248364800765,0.16552548385561486,0.1546265248926798,0.18765921081034792,0.18060894310474396,0.05861332640051842,0.0929928430732792,0.03909552416733687,7.864423751831055,41.215389251708984,86.1328125,country
2.129211902618408,48.612403869628906,-6.822385330451652e-06,2.69368052482605,-0.00020815645984839648,1.5489212274551392,0.33792003989219666,0.29539066553115845,0.25876379013061523,0.27776896953582764,0.25876379013061523,0.27776896953582764,1596.3192351340851,527.854185262225,1853.3171196002743,319.1409396703555,3291.640704303219,1086.9956400954607,24.825927782211206,7.951771290364864,0.0020869544241577387,0.0038485724944621325,0.052170390008227326,0.2963743941772273,0.14780222135831209,0.1761182330513755,0.13540726900100708,0.04336472600698471,0.06926758567768755,0.03541342159430297,4.397427558898926,22.325410842895508,73.828125,country
0.9146013259887695,44.347076416015625,-0.0033509552013128996,2.9946656227111816,0.002649097703397274,1.919386625289917,0.37219488620758057,0.2964521646499634,0.4995678663253784,0.2395925521850586,0.4995678663253784,0.2395925521850586,1879.437181005724,529.5720050841553,2085.362339170809,341.1081540008704,4031.4303015334976,1181.3977253305839,22.142996555942982,8.310801983268854,0.005283604841679335,0.01051106583327055,0.006893362461779418,0.1370769062980156,0.1511465990243069,0.18194789427532856,0.13355477154254913,0.041690923273563385,0.07828473934164733,0.030076998626659093,4.338646411895752,21.15478515625,117.45383522727273,country
-2.935917615890503,53.31247329711914,0.005345252342522144,2.4540019035339355,0.002806083532050252,1.2978813648223877,0.3285719156265259,0.2937999665737152,0.308680921792984,0.2915284335613251,0.308680921792984,0.2915284335613251,1591.310655282915,576.2850683394317,1806.6986668611933,355.11587903819964,3162.97440318663,1248.999299512011,25.217787674023814,7.163268226455942,0.002728097140789032,0.0072420150972902775,0.11238817886563247,0.23642184229466004,0.18715291938665746,0.2122390637378965,0.10857796669006348,0.052354197949171066,0.07395969281709204,0.03677351466324559,3.163942575454712,17.418025970458984,143.5546875,country
2.935189723968506,44.61747360229492,-0.008078604005277157,2.721532106399536,0.0012122654588893056,1.542163610458374,0.353653222322464,0.28941503167152405,0.3162497878074646,0.26208987832069397,0.3162497878074646,0.26208987832069397,1622.809613480337,483.72918955560317,1963.3073228704848,360.32891112292833,3527.1653177566704,1214.3515328105789,23.27379870277843,8.12144911979597,0.003074366133660078,0.004956045653671026,-0.010478822773711535,0.23513748001572746,0.14137938704380426,0.17352714499400018,0.1526181548833847,0.052175190299749374,0.06605051841647332,0.026330719573791007,5.85080623626709,33.17729187011719,103.359375,country
-0.9919037222862244,60.614524841308594,0.0069432505406439304,2.828883647918701,-0.0007187578594312072,1.5158917903900146,0.3221737742424011,0.3001187741756439,0.2564913332462311,0.2825697362422943,0.2564913332462311,0.2825697362422943,1321.763474149792,715.0415191928996,1667.4024816185888,467.511745553075,2584.125931246375,1543.461981722065,24.177861825747815,6.6590652963501515,0.001863623852841556,0.0046603321097791195,0.035255474741974616,0.2926109002380414,0.15552286840297236,0.18306843582707238,0.1046360433101654,0.04758704453706741,0.052491933729698376,0.03534638152524863,2.99241304397583,17.575801849365234,143.5546875,country
1.8438187837600708,39.496543884277344,-0.0007719057612121105,2.4626078605651855,0.0027978084981441498,1.3752880096435547,0.3713997006416321,0.2850695550441742,0.47197115421295166,0.2463759481906891,0.47197115421295166,0.2463759481906891,1927.5251167094752,520.4051821161003,1972.2404208958335,288.2995783481859,3883.6122729662125,1019.6508157715298,22.890279982308915,8.338290012855808,0.005910327658057213,0.008767912164330482,-0.010318603749968513,0.15940901808759342,0.13897160028723377,0.17026542277828813,0.14736075699329376,0.04881558567285538,0.09899685203982986,0.041782099664511935,5.206300735473633,27.22810935974121,135.99917763157896,country
-2.9153525829315186,57.174835205078125,0.006808658596128225,2.6960599422454834,0.0008153188391588628,1.4585546255111694,0.35345953702926636,0.2974773943424225,0.28084367513656616,0.29078683257102966,0.28084367513656616,0.29078683257102966,1563.3792654565407,612.1341705239133,1779.1317819389692,377.37994426960444,3233.794160564095,1242.5137271922536,24.32462135094345,6.767503664621421,0.0029521833639591932,0.00810185819864273,-0.0025646566223379457,0.28129341728119767,0.15864011242812706,0.1839475208923413,0.08944597095251083,0.04203779250383377,0.06473823895494973,0.036488594269812755,2.175049066543579,13.304217338562012,117.45383522727273,country
3.1482975482940674,32.66207504272461,-0.0006565605872310698,1.8903589248657227,-0.00011302318307571113,1.4123586416244507,0.3704410791397095,0.28400805592536926,0.555239200592041,0.2157619148492813,0.555239200592041,0.2157619148492813,2335.089633019832,425.14173123568304,2212.517869932969,242.29475457859826,4839.225184889791,789.1010675021665,21.700623434231137,9.084052921167787,0.013552610762417316,0.033616803586483,0.04480528375856617,0.12216359168561586,0.15692449996492913,0.1949118816845055,0.17643100023269653,0.029992016032338142,0.12120930611948956,0.036298214353630495,6.67425012588501,29.92979621887207,161.4990234375,country
-8.505460739135742,58.84321975708008,0.0010134869953617454,2.4403350353240967,0.0002540132263675332,1.1844663619995117,0.2510160207748413,0.3015047311782837,0.27153831720352173,0.2931332290172577,0.27153831720352173,0.2931332290172577,1537.7806406173124,582.3722412100767,1716.2300413476298,309.4451481298694,3055.5581927022913,1085.438623442297,26.710228436369583,6.4691137537295145,0.0020464961417019367,0.007391049992293119,0.04187075424087874,0.2664605902011369,0.18358381246941485,0.20897808114726002,0.09251183271408081,0.04185456037521362,0.06812788512664346,0.04342037545874413,2.313255548477173,16.6256103515625,86.1328125,country
3.437204122543335,44.12058639526367,0.0029156736563891172,2.7285990715026855,0.0008470607572235167,1.6041350364685059,0.36671873927116394,0.28988826274871826,0.3436643183231354,0.25815993547439575,0.3436643183231354,0.25815993547439575,1474.747173267392,585.7993374635206,1745.561195716807,389.82766550384105,3107.8590623187356,1238.310654502517,23.560541274443942,8.067960559051993,0.0018253448652103543,0.003246571170166135,0.10164124851827233,0.18412451507659355,0.1571122516546282,0.18695450497094,0.20668622851371765,0.054988812655210495,0.0629996102813225,0.0311626896399792,10.327188491821289,46.85367202758789,112.34714673913044,country
1.128017544746399,45.304771423339844,-0.0008804909884929657,2.84667706489563,0.00035150282201357186,1.6543397903442383,0.3288552463054657,0.30199721455574036,0.33290597796440125,0.27058982849121094,0.33290597796440125,0.27058982849121094,1557.7510489456868,643.4356419940608,1762.1920755783785,344.1739213522163,3220.9541763341067,1177.8874364700034,24.25056015414178,7.876336786917494,0.0026420396752655506,0.007050829939544201,0.02396958932833551,0.22017074458722324,0.12802050463407924,0.1639963904499182,0.1752784103155136,0.07037234306335449,0.0673669518561485,0.05866540422088645,7.99270486831665,54.52691650390625,89.10290948275862,country
4.845971584320068,38.59282684326172,2.7000489353667945e-05,2.2672102451324463,-0.0018126837676391006,1.3312296867370605,0.32575708627700806,0.29313555359840393,0.36641958355903625,0.2676478624343872,0.36641958355903625,0.2676478624343872,1754.3169300487764,570.0555030730985,1861.9497283151393,344.2599687329709,3504.9992749419953,1149.6623796699812,24.132524352448446,8.309077378383732,0.003334232373163104,0.005854806397110224,0.09177494549802942,0.1899071999717406,0.16578082725541293,0.19645915310257012,0.21801742911338806,0.058790434151887894,0.09741305346094355,0.04569029324248838,10.636811256408691,44.345272064208984,117.45383522727273,country
2.2850825786590576,49.84823989868164,0.0050615728832781315,2.6642377376556396,5.087845056550577e-05,1.4697792530059814,0.3480440080165863,0.29916003346443176,0.23898884654045105,0.2810724079608917,0.23898884654045105,0.2810724079608917,1561.0425270580388,762.667002725277,1782.6517736699686,409.17665487150595,3175.33143081134,1390.0707871233442,24.579365616766864,7.601344890335641,0.0025437779258936644,0.006983568891882896,0.04097544553480974,0.307739128327774,0.15382037596710518,0.17907862699578123,0.15302729606628418,0.05327574908733368,0.0671992821925754,0.052147304243597994,5.719709396362305,29.683074951171875,112.34714673913044,country
-0.25100404024124146,47.33304977416992,0.011073300614953041,2.342693328857422,0.003934830892831087,1.4024626016616821,0.2710435390472412,0.29482996463775635,0.3139035403728485,0.27374503016471863,0.3139035403728485,0.27374503016471863,1425.27970326378,517.742388480113,1691.0074862059766,345.9836762419156,2981.1912023274363,1093.7444310943486,25.40990238233194,7.355909489976612,0.0014176344266161323,0.004918464459478855,0.09819902844078592,0.211804337712973,0.16474959488660482,0.19568899210454602,0.17621147632598877,0.06035420298576355,0.06172207318252127,0.03097414794868093,7.874997138977051,47.33857345581055,117.45383522727273,country
3.134397268295288,33.16096115112305,-0.0008166871266439557,2.270859956741333,0.00036864326102659106,1.654310703277588,0.38091903924942017,0.2874826192855835,0.46463558077812195,0.24730196595191956,0.46463558077812195,0.24730196595191956,2157.483363148039,582.1029379160528,2160.2796737786607,296.1941148323113,4478.689752211427,1137.4683495303514,22.500388525868875,9.611279302192399,0.0075838142074644566,0.009354380890727043,-0.04688037576054252,0.11938924917920501,0.1552841712531994,0.19291033532966892,0.2207014560699463,0.06506074965000153,0.10824587321152358,0.053863966568465316,11.287949562072754,56.325984954833984,143.5546875,country
0.5960561037063599,38.60654067993164,-0.0034339858684688807,3.8065073490142822,0.0018131205579265952,2.384683847427368,0.4455777704715729,0.29633593559265137,0.4953479468822479,0.2686573565006256,0.4953479468822479,0.2686573565006256,2298.1112240567795,947.9120624733843,2566.1150752624544,438.26343241059055,4889.646293275712,1971.1131968033553,17.211931804618267,4.168795970137739,0.03387174382805824,0.049096304923295975,0.023399125132239823,0.1356342705774281,0.11875986759989587,0.1575614627968586,0.14208541810512543,0.06429163366556168,0.09652545382318953,0.08381902613943304,5.433215141296387,35.757057189941406,117.45383522727273,disco
3.9795548915863037,19.543182373046875,-0.002490740269422531,2.4872701168060303,0.00027212523855268955,1.6678709983825684,0.4105667173862457,0.2944134771823883,0.5364989638328552,0.23401302099227905,0.5364989638328552,0.23401302099227905,3292.704549878069,743.2820358322437,2768.0390848656034,371.2935327244115,6522.435342111895,1437.9290434731072,17.76213632789567,3.9805929057693095,0.08111114054918289,0.0639922097325325,0.02445269467878049,0.10707533178063079,0.1890004612123386,0.21881840193563035,0.17707453668117523,0.051123134791851044,0.1885523173483103,0.0661264090280252,6.117801189422607,30.560256958007812,117.45383522727273,disco
1.8051377534866333,22.49000358581543,-0.0011130367638543248,2.278801918029785,0.0013831156538799405,1.498323678970337,0.4119933247566223,0.29053470492362976,0.5472341179847717,0.24001114070415497,0.5472341179847717,0.24001114070415497,3592.2181145867817,705.6304304470298,3398.4114032727275,264.8013801111141,8074.817942466648,914.4381169492988,18.987601590007657,5.818348475324446,0.06655734777450562,0.04998566955327988,0.00851878036971387,0.0929311527384326,0.16254365991708744,0.19650280573176607,0.16127359867095947,0.046779293566942215,0.153338438950116,0.06718282680155808,6.03938627243042,44.30712127685547,92.28515625,disco
6.426236629486084,25.175945281982422,-0.00020709254022222012,3.1874704360961914,-0.0013127094134688377,2.230628252029419,0.49516719579696655,0.2774163782596588,0.5239155888557434,0.24537909030914307,0.5239155888557434,0.24537909030914307,3045.783197240785,885.8271412349538,2720.412267311668,373.4587823406259,6206.430158943966,1403.1096445863604,17.29815177652123,3.7300218320775786,0.057225678116083145,0.058249302208423615,0.01123998980406744,0.07534036167186157,0.1608210750033661,0.19208997631271377,0.19629128277301788,0.04562101140618324,0.1495607339559387,0.06873012648753221,8.133481979370117,43.25408172607422,129.19921875,disco
-0.11725030094385147,27.786848068237305,0.014413348399102688,2.431786298751831,-0.00658302940428257,1.4959349632263184,0.3821239471435547,0.2981749176979065,0.6953694224357605,0.17875158786773682,0.6953694224357605,0.17875158786773682,3328.4809117165955,800.4515269655467,3111.6719473592766,365.85019966092216,7195.770306155742,1391.3957193730998,18.519989713918175,4.4237775466469,0.06946797668933868,0.05626043677330017,-0.009040310576311092,0.12987854682156819,0.16520988854645982,0.1974012376323473,0.11454933136701584,0.05659446865320206,0.16901441959106728,0.07155382163235259,3.438523292541504,25.565217971801758,123.046875,disco
4.888488292694092,23.173418045043945,-0.009219120256602764,2.446617603302002,-0.0010970068397000432,1.5559161901474,0.44803377985954285,0.28590425848960876,0.5346762537956238,0.24119091033935547,0.5346762537956238,0.24119091033935547,2722.8382056047735,657.5752917091916,2569.440633678847,297.6726192098465,5472.246935614224,1293.8661111687006,18.063550582101417,4.064157233834957,0.04602311924099922,0.04553622379899025,0.019838410268531302,0.08862695422560656,0.17655006709950305,0.2062634789449999,0.20679496228694916,0.05373172089457512,0.1446281579262452,0.06178007260640079,9.092316627502441,43.754119873046875,107.666015625,disco
3.3215510845184326,21.218732833862305,0.0002993099042214453,2.1025776863098145,0.00426227692514658,1.3577673435211182,0.4740416705608368,0.2784460484981537,0.5564536452293396,0.2463155835866928,0.5564536452293396,0.2463155835866928,2848.395241985928,385.52372022063014,2490.6398551435586,281.3847356842971,5506.662886546549,911.7651206664193,17.976899927217996,3.757274874350671,0.05156068876385689,0.03126226365566254,0.003977222372956329,0.10007524758468983,0.2029069349722929,0.2340250748408576,0.19189338386058807,0.04599716514348984,0.16364521401295437,0.036600004766153424,7.665160655975342,39.52541732788086,123.046875,disco
2.8642356395721436,23.917797088623047,-0.006270098499953747,2.8486416339874268,0.0004610225441865623,1.8574601411819458,0.4315832257270813,0.2877788245677948,0.5591356158256531,0.21956570446491241,0.5591356158256531,0.21956570446491241,3099.082005849926,738.163998129457,2728.23313756183,359.4382676179551,6098.201459632395,1306.7773195171478,18.787097209533023,4.832938061644607,0.06401970237493515,0.05388626083731651,-0.0037256243970568296,0.10060360057007996,0.14119503214744566,0.18066543610415514,0.15957549214363098,0.06998542696237564,0.1402915488447409,0.0534542088605152,6.167404651641846,52.760589599609375,129.19921875,disco
3.179626703262329,23.551090240478516,0.0030356973875313997,2.697937250137329,-0.004396021831780672,1.712215542793274,0.45429056882858276,0.2946264445781708,0.6863690614700317,0.19402101635932922,0.6863690614700317,0.19402101635932922,2801.719944106093,555.629385009389,2423.6424425279492,313.54845928896486,5445.952622059036,1083.217037695864,17.832184898633695,3.8858016614467767,0.04973672702908516,0.05173611640930176,-0.032542001118005225,0.10540177003416686,0.1767959906601648,0.20476946089108686,0.19048811495304108,0.07502533495426178,0.1643124669216705,0.05600163767019623,7.991974830627441,58.87508773803711,123.046875,disco
-0.8782089352607727,28.74945831298828,-0.007445440627634525,3.264272451400757,0.002228030702099204,2.286384344100952,0.4421762228012085,0.28043654561042786,0.5621261596679688,0.2172008752822876,0.5621261596679688,0.2172008752822876,3016.9654959671584,752.819633219235,2623.440908104261,412.730254124323,5955.0381335194315,1401.0533202957508,18.9876877784655,6.3462096664202035,0.07768448442220688,0.06683386117219925,0.019118973306768483,0.11093810226836702,0.1291460948041418,0.17039991213927072,0.11894340813159943,0.04338616505265236,0.1706677028953983,0.06876910268905359,2.7894763946533203,12.166107177734375,129.19921875,disco
6.237880229949951,19.729755401611328,0.008644307032227516,2.2489848136901855,0.002248372882604599,1.3890184164047241,0.4376820921897888,0.29602470993995667,0.5950586795806885,0.24123284220695496,0.5950586795806885,0.24123284220695496,2877.4074655436298,581.0315960455632,2624.016008247831,276.45577829284156,5865.166570747535,1060.4676264799114,16.878054104920917,3.8997426471945364,0.05674033239483833,0.051689714193344116,-0.009129101125462016,0.0874743630669784,0.19540993149150973,0.2229033227794241,0.23285724222660065,0.05501871928572655,0.15030263619006187,0.05950060593233995,11.462906837463379,66.9891586303711,107.666015625,disco
1.6278504133224487,22.546913146972656,-0.002777830697596073,2.5129311084747314,0.0028502403292804956,1.7812373638153076,0.3735347092151642,0.30390313267707825,0.4710553288459778,0.2492070347070694,0.4710553288459778,0.2492070347070694,3132.9752097469195,792.2483665218838,3008.0152396758117,332.4096631420247,6864.145655089907,1201.2081597435174,19.405144814051837,6.913894325289456,0.055708423256874084,0.04966180399060249,0.042360117502115865,0.11006521075481485,0.1597903982032054,0.1924993555422483,0.1888410747051239,0.04547613114118576,0.1309711547757154,0.07372506817829894,8.045265197753906,42.22933578491211,95.703125,disco
4.639030933380127,26.532169342041016,-0.008975992910563946,3.074679136276245,-0.003301941556856036,1.9151602983474731,0.42836955189704895,0.3017749488353729,0.5562204122543335,0.24600520730018616,0.5562204122543335,0.24600520730018616,2737.358914673473,698.7191242518231,2613.804056295593,359.4631705429967,5710.012308756511,1369.324138714033,17.419902379276202,4.061777314551617,0.0435052290558815,0.050909172743558884,0.029210068779120683,0.08887668363051332,0.15184092152057788,0.1812505176555223,0.17556190490722656,0.060651469975709915,0.1314991138599537,0.06225125727166208,7.00733757019043,47.57283020019531,112.34714673913044,disco
2.2556562423706055,23.55180549621582,0.004595257807523012,2.3566195964813232,-0.00040313444333150983,1.563743233680725,0.42159122228622437,0.28627809882164,0.5774111747741699,0.23055212199687958,0.5774111747741699,0.23055212199687958,3391.3650850232443,769.0645330553434,3108.933195274144,295.85822833279906,7203.947261093387,1162.6267180113766,18.15916272950324,6.033515155805161,0.08219102770090103,0.055932581424713135,0.010682627375563695,0.09023203035076505,0.17786754258347973,0.21610929761359426,0.17077066004276276,0.048771098256111145,0.1595289992991106,0.06959103530255427,6.552853584289551,38.97830581665039,184.5703125,disco
3.0276732444763184,19.444059371948242,-0.002366527682170272,2.1476552486419678,-0.0003172494180034846,1.449790358543396,0.43621334433555603,0.27577832341194153,0.49605172872543335,0.2500632703304291,0.49605172872543335,0.2500632703304291,3087.483970853388,535.0500369905202,2812.6634814898784,241.57634378206478,6530.043847051567,979.7236944832774,18.105146995378156,3.9502519861208505,0.06962228566408157,0.047196533530950546,-0.027627359552602683,0.10738264907543088,0.18448169893402175,0.2167257628461681,0.1737232655286789,0.03441547229886055,0.156306688999613,0.05200051163441934,6.32333517074585,30.420814514160156,103.359375,disco
3.104170799255371,30.49583625793457,-0.0013910718262195587,2.6424710750579834,0.0017853814642876387,1.5552115440368652,0.41476553678512573,0.2819630801677704,0.47349900007247925,0.2434970736503601,0.47349900007247925,0.2434970736503601,2362.4116318966007,831.6140777568654,2806.8455038185907,564.3163373596152,5439.756743039443,2269.870822535574,18.926727897095358,5.778507016586195,0.032857198268175125,0.040423646569252014,0.024897315344166455,0.12916104242918852,0.1454063708073012,0.1779459075696601,0.21586056053638458,0.045994631946086884,0.09022704889307812,0.03947131714840767,10.921507835388184,55.7276725769043,123.046875,disco
5.3676676750183105,25.757598876953125,0.003193886950612068,3.051971673965454,0.0033861848060041666,2.0324413776397705,0.4351561963558197,0.28790968656539917,0.4763525724411011,0.24208754301071167,0.4763525724411011,0.24208754301071167,2520.434661747475,721.7997550288721,2562.6587965455155,427.225655334381,5334.772696659483,1560.9186099907586,17.817033088681058,4.071451401401255,0.03727187216281891,0.03765777125954628,-0.022159582865912197,0.1272721402737453,0.16451875398365723,0.19896995580549023,0.20567747950553894,0.04405120015144348,0.11424808429118774,0.04728691087204145,9.382157325744629,45.291343688964844,123.046875,disco
-1.916377067565918,35.24250411987305,-0.007947936654090881,3.527751922607422,0.0007575032650493085,2.375885009765625,0.40454408526420593,0.2817443609237671,0.6519066095352173,0.19565637409687042,0.6519066095352173,0.19565637409687042,2564.2888412274115,941.6520984293234,2669.9240408934897,542.6183843989276,5388.221942521027,1956.8838272347218,18.548729903761377,6.036576633922587,0.042947206646203995,0.04762266203761101,0.03359860158642077,0.13640971551927716,0.13365147077976844,0.17529623346560746,0.11603840440511703,0.05912316218018532,0.12072102486948956,0.06478558935426415,3.7168490886688232,32.25986862182617,123.046875,disco
2.336132287979126,29.918386459350586,0.0006828259211033583,3.5770411491394043,0.004807766992598772,2.3117079734802246,0.37013211846351624,0.29703855514526367,0.5350949764251709,0.2391490489244461,0.5350949764251709,0.2391490489244461,3043.1123946763596,674.0852078789076,3000.57859278733,333.11358267029505,6837.516427095417,1259.6635640142579,19.48393994996685,5.754231871852726,0.05836649611592293,0.05632125213742256,-0.0011903711857018165,0.09413841610643311,0.12108171024199246,0.17099037478353388,0.1387321949005127,0.04768545925617218,0.14358338771268367,0.052438724859348244,4.381313800811768,22.87862205505371,123.046875,disco
2.1243057250976562,41.88256072998047,0.001189770526252687,4.407586097717285,-0.0009146524243988097,2.6431050300598145,0.4450482428073883,0.2866438627243042,0.5804382562637329,0.22307845950126648,0.5804382562637329,0.22307845950126648,2117.6008935704253,961.1158189082929,2143.8668308789474,747.0721130157812,4198.641535854118,2173.8729281588276,18.598555903168407,4.710360673686787,0.026012176647782326,0.034704629331827164,0.006252516914064806,0.08375141163068284,0.11312145053617713,0.1576794683722373,0.1469728946685791,0.0566064715385437,0.10365534971964424,0.05282000771028832,4.946845531463623,25.999652862548828,117.45383522727273,disco
-0.30520007014274597,39.156776428222656,-0.015392748638987541,3.154074192047119,-0.00199485057964921,1.9901233911514282,0.34255820512771606,0.2954409122467041,0.5425366163253784,0.24072451889514923,0.5425366163253784,0.24072451889514923,2116.937132007475,717.6692882608351,2114.1336867953573,439.66638877830655,4349.140806264501,1406.3018061518194,20.560067608518516,4.597246448684655,0.01767110265791416,0.021644307300448418,-0.012891050016696845,0.1270408484883763,0.16446192127426787,0.19738505806454387,0.12454407662153244,0.02896084450185299,0.10326298760150812,0.047052092381873474,3.508358955383301,16.798603057861328,161.4990234375,disco
-0.19115501642227173,35.202850341796875,0.01528747659176588,2.6557235717773438,-0.003356585279107094,1.8489577770233154,0.40129315853118896,0.29649049043655396,0.4733019173145294,0.26774707436561584,0.4733019173145294,0.26774707436561584,3248.710113626103,826.631890345793,3305.0654052212344,472.1428328097893,7422.743256960557,1658.687456854765,17.43608368037529,3.9491268360250498,0.04987090453505516,0.04727242514491081,0.07530526949190601,0.11577444951307428,0.1371072562648195,0.18098481986849113,0.1113595962524414,0.04503566399216652,0.12404534029389018,0.0449765564219575,3.1510398387908936,22.365890502929688,107.666015625,disco
1.1520575284957886,25.342578887939453,0.003238862147554755,2.5452218055725098,0.0028295668307691813,1.6046732664108276,0.4353897273540497,0.29904240369796753,0.6078740358352661,0.22127793729305267,0.6078740358352661,0.22127793729305267,3708.1110849955126,895.0721768873259,3249.5970110747917,334.6255516023664,7808.475701493619,1303.3276876656337,17.802838828889175,5.7375626193571465,0.09607142210006714,0.07839519530534744,-0.004872369036586128,0.09982537666751995,0.14791302932449063,0.18241092085563507,0.13684141635894775,0.06558433175086975,0.17288668249709976,0.09125831344954809,4.9160566329956055,52.79314041137695,123.046875,disco
2.372643232345581,23.26414680480957,0.00830149743705988,3.0542421340942383,0.0023478264920413494,1.7462996244430542,0.43539392948150635,0.294489324092865,0.5053866505622864,0.2494739592075348,0.5053866505622864,0.2494739592075348,3167.5553238891907,837.028940852934,2934.880440699375,316.1007600765433,6730.133523963167,1408.369778271884,17.906613937600397,5.434459010186652,0.09094109386205673,0.08369655162096024,0.009081777966034203,0.09420776350145652,0.12938033722174427,0.1607763779396802,0.17817322909832,0.044358931481838226,0.15097822409126063,0.0811366603933173,6.8520188331604,39.22849655151367,112.34714673913044,disco
0.2055227905511856,28.749040603637695,-0.00259163579903543,2.700711488723755,-0.0015740122180432081,1.831301212310791,0.3727375268936157,0.28465011715888977,0.619683027267456,0.204619362950325,0.619683027267456,0.204619362950325,2624.814629146055,585.2873922727651,2709.8971083894817,360.41923157058324,5605.777239522912,1452.1653947466018,19.451050081725857,5.928146662282688,0.038255903869867325,0.02916170284152031,-0.03661554938435351,0.10189892344826285,0.15617702910297399,0.1936074578064956,0.14292743802070618,0.06291413307189941,0.12021650534126063,0.03888267080574622,5.240550994873047,45.27397537231445,129.19921875,disco
-4.339287757873535,39.3939094543457,-0.002568987663835287,4.291643142700195,0.000924058142118156,2.9093761444091797,0.357958048582077,0.30617964267730713,0.577392578125,0.2215808928012848,0.577392578125,0.2215808928012848,2410.17299144527,770.1396250368471,2575.783795970125,454.1335459652666,5080.412048198231,1761.255810999132,18.926315271990838,5.145929013387949,0.041408415883779526,0.05574309453368187,-0.0025805216855635162,0.14302626745346236,0.11256796243503646,0.16551409471913267,0.10787889361381531,0.05841770023107529,0.09966035564095127,0.05011315715071013,3.3628149032592773,28.71135902404785,123.046875,disco
2.972913980484009,27.261096954345703,-0.005414069164544344,2.678915500640869,-0.0005957475514151156,1.5705959796905518,0.40120935440063477,0.29362455010414124,0.49646034836769104,0.23982499539852142,0.49646034836769104,0.23982499539852142,3043.44261890053,886.8675574489537,2969.142812448396,346.92015104914543,6612.500283225783,1552.1618009812048,18.537961616123265,5.88184487435013,0.07284688949584961,0.07453035563230515,0.020825737957773312,0.09515387056370339,0.13735753546836368,0.1751266333720775,0.14299112558364868,0.03917812183499336,0.13159576203596288,0.07439473904272009,4.667171955108643,28.311443328857422,117.45383522727273,disco
2.740501642227173,45.540504455566406,0.006625204347074032,4.386480808258057,0.0013572421157732606,2.752533435821533,0.48541998863220215,0.29430919885635376,0.48256462812423706,0.2467804253101349,0.48256462812423706,0.2467804253101349,2908.67464508436,1221.0911239623238,2990.1379592166795,518.2475020200715,6348.173137054089,2121.685715719171,17.544008079550093,5.342724947195353,0.045058101415634155,0.0583421029150486,0.0036423112004519,0.08786103064751202,0.1338504793103221,0.16418504243017004,0.11559094488620758,0.058984510600566864,0.10118297745069606,0.0742663090559658,3.7461013793945312,27.691082000732422,112.34714673913044,disco
4.400787830352783,18.8128604888916,0.00033330259611830115,2.5224509239196777,-0.002759225433692336,1.660347580909729,0.48311367630958557,0.28487110137939453,0.6115326881408691,0.22103989124298096,0.6115326881408691,0.22103989124298096,3715.1863608882204,1013.2769619287425,3188.905341597431,289.7153413488826,7728.130041418938,1248.244535904534,17.073876010866105,5.33723291445174,0.11840858310461044,0.0747775062918663,0.016764057172461426,0.08525909639893019,0.1555115207724729,0.18943385316581499,0.17249633371829987,0.05813043564558029,0.19837511480085074,0.11603324381299503,6.3788981437683105,43.67951202392578,123.046875,disco
0.2731460928916931,25.17401695251465,0.011766714043915272,2.6081173419952393,-0.002062707208096981,1.6506664752960205,0.3840491771697998,0.30734145641326904,0.5907886028289795,0.21324388682842255,0.5907886028289795,0.21324388682842255,3075.0244878578837,619.94450848007,3031.615634682487,345.2536567200578,6847.716803672419,1414.2929966240379,18.88971008864504,5.614637115905057,0.058617789298295975,0.04907641187310219,-0.008534057472466348,0.0919383282674691,0.1602092432209628,0.1894215648631904,0.1475345492362976,0.05642719939351082,0.13853592662412992,0.049947668202086154,5.149388790130615,33.46302032470703,103.359375,disco
2.0802931785583496,22.627941131591797,0.004964293446391821,2.225414276123047,0.0014571259962394834,1.322916030883789,0.4501191973686218,0.2826394736766815,0.5877150297164917,0.22089219093322754,0.5877150297164917,0.22089219093322754,3167.957019535548,819.0741177855821,3047.7515848614516,283.07154963783694,6935.539964290893,1303.3898547183107,17.67390447660311,5.245821065713853,0.07531367987394333,0.056861910969018936,0.024674817285135302,0.12553279735543935,0.1609935006924324,0.19861164246050442,0.16993790864944458,0.06810466945171356,0.15077543443058777,0.07709744949443906,7.141749382019043,53.83351135253906,135.99917763157896,disco
-0.7908065915107727,25.183137893676758,0.005103748757392168,2.4993348121643066,-0.0027179927565157413,1.5721261501312256,0.41718021035194397,0.28956708312034607,0.5574341416358948,0.2293155938386917,0.5574341416358948,0.2293155938386917,3256.824592073175,623.3646623993362,2898.247907370289,305.4106859890925,6681.488136238399,1261.0424183339942,17.425509777629358,4.1509201491107195,0.08900902420282364,0.06282363831996918,0.0016485765700417585,0.13220570469305964,0.14842999930596834,0.18221146636730487,0.11573667824268341,0.05011166259646416,0.17375184285576178,0.05280381827228558,3.000000238418579,16.682552337646484,123.046875,disco
-2.416283369064331,40.45683288574219,0.006122310180217028,4.314836502075195,-0.005868242122232914,2.685279369354248,0.36840951442718506,0.3006419837474823,0.5605793595314026,0.24609032273292542,0.5605793595314026,0.24609032273292542,2446.973203805007,700.5017390030247,2449.1310646825214,464.0904147195431,4958.0408366263055,1628.0685161172148,19.72765475738338,5.769000975753026,0.030595267191529274,0.03865419328212738,0.03929597186768967,0.14686296623370618,0.09809418190891472,0.14118819625689197,0.11106248199939728,0.06635987013578415,0.12325117519818252,0.05248418729570098,3.4724957942962646,27.6323299407959,112.34714673913044,disco
5.127501010894775,29.206045150756836,0.0015969231026247144,2.909677028656006,-0.0004935854813084006,1.936493992805481,0.39188674092292786,0.2911777198314667,0.4204499423503876,0.2373364269733429,0.4204499423503876,0.2373364269733429,2450.056640885936,638.719752828337,2387.70491588244,418.5192241473342,5023.3482272331785,1342.5506404361427,19.650612588016628,4.752880759146587,0.03150263428688049,0.029944801703095436,0.010920296505802538,0.13091295070856857,0.15824304332852054,0.1929440826090424,0.15692226588726044,0.03213705122470856,0.1244871725154679,0.04078962144956128,5.248861312866211,21.187503814697266,129.19921875,disco
-0.163740873336792,23.875024795532227,-0.0003982480557169765,2.0671427249908447,-0.002286636270582676,1.297356367111206,0.357688307762146,0.29258647561073303,0.5323329567909241,0.2351059913635254,0.5323329567909241,0.2351059913635254,3653.6600399416443,564.2258009131604,3234.1174131634207,248.78310495151797,7835.304773600638,745.4458236738682,18.76705831088568,5.452177598167898,0.08834060281515121,0.05521750450134277,-0.005052250828499394,0.1193605920034905,0.21401940471171024,0.24276211999220423,0.12286360561847687,0.04482422024011612,0.18081285044470224,0.056607360522882205,3.425644874572754,19.309593200683594,129.19921875,disco
0.7997682690620422,22.624465942382812,0.0037189859431236982,2.3806324005126953,0.0008952631033025682,1.5947452783584595,0.40253880620002747,0.2865774929523468,0.5934613347053528,0.2160177379846573,0.5934613347053528,0.2160177379846573,3623.47282265526,957.3428470594141,3229.7424316853844,327.68475197957,7702.866414860064,1379.9214088795866,18.325491795263478,6.32167895249098,0.10203318297863007,0.08437317609786987,-0.021948575693097085,0.10210568726199801,0.16273910604981914,0.1952652574560973,0.15245455503463745,0.06625474989414215,0.17633637253480278,0.08559098138055381,5.751039028167725,46.59369659423828,123.046875,disco
4.501563549041748,18.943777084350586,0.006560558918863535,2.4081928730010986,-0.002265011426061392,1.6936293840408325,0.4347791075706482,0.2760982811450958,0.6378847360610962,0.19159574806690216,0.6378847360610962,0.19159574806690216,3347.8914159725437,541.2834710333093,3013.0752700610165,268.3948699564124,7057.02020419446,952.0325364241113,18.17775572457824,5.2297795669557035,0.08659029006958008,0.05613105371594429,0.031351556220240544,0.08117611304277031,0.1432257088249527,0.18733571793003814,0.17306403815746307,0.05501739680767059,0.16203007178074247,0.04992473032857326,6.520657539367676,42.35306930541992,135.99917763157896,disco
4.641892433166504,18.701875686645508,0.0024067063350230455,2.3605799674987793,-0.0008402292733080685,1.542028784751892,0.4544588625431061,0.28606733679771423,0.5905581116676331,0.22457195818424225,0.5905581116676331,0.22457195818424225,3637.157091722293,697.6321424922365,3198.9280541157386,247.22808655681,7770.988276718387,1005.5520552783017,17.171126226209743,4.985572259450961,0.11579359322786331,0.06982088834047318,-0.03355671192612949,0.07341362841787472,0.16129673065043804,0.1938697297773004,0.16394664347171783,0.06029156222939491,0.19001126860982212,0.07170260970224263,5.952051162719727,51.12360382080078,129.19921875,disco
-1.2739982604980469,26.3913631439209,0.010227533988654613,2.508145809173584,0.0004561038804240525,1.4759620428085327,0.3706023097038269,0.29456427693367004,0.5806163549423218,0.22205811738967896,0.5806163549423218,0.22205811738967896,3353.4041591983114,749.5779564441538,2986.9225933221205,334.20460069348394,7042.789638014791,1328.5799425018574,18.606058873586306,5.386677284148673,0.08233943581581116,0.06540829688310623,0.012287466065152257,0.1349943826552766,0.16948655902460671,0.20099477090393475,0.1130877211689949,0.043434880673885345,0.16820212804524362,0.07508175574420592,2.906397581100464,17.706096649169922,123.046875,disco
2.9013030529022217,36.479087829589844,0.007318885065615177,3.0924243927001953,0.0007033497677184641,1.9257105588912964,0.34106072783470154,0.2985366880893707,0.512215793132782,0.22594356536865234,0.512215793132782,0.22594356536865234,2328.0941748431023,581.2127515619255,2431.626228701913,506.60545982000144,4866.670443010441,1400.9827507284613,20.155231400582966,5.127260519268364,0.021303048357367516,0.023291965946555138,0.062012107387542974,0.12065844462953185,0.1454312292724051,0.1791774607960884,0.12429802119731903,0.0361097976565361,0.10115843121616395,0.028203723818170476,3.55769681930542,20.636987686157227,112.34714673913044,disco
2.8414645195007324,30.603736877441406,0.0025783039163798094,3.0551352500915527,0.0032793008722364902,2.125622272491455,0.4208204448223114,0.2883252799510956,0.6593753695487976,0.18749584257602692,0.6593753695487976,0.18749584257602692,2606.2991274506444,639.1522457477892,2534.060693426273,355.99772132201963,5354.906263594838,1242.855655885219,18.72346744518849,5.445433063949483,0.04097479209303856,0.0420675203204155,0.004693098661238091,0.06613668260736415,0.13677370847562864,0.173739968361068,0.14512969553470612,0.0755772665143013,0.1264267026778809,0.0492677723323505,5.716426849365234,54.10031509399414,135.99917763157896,disco
1.6316181421279907,43.13934326171875,-0.006729145999997854,3.014183282852173,0.0015254729660227895,1.6873996257781982,0.3556801974773407,0.29927608370780945,0.3745015859603882,0.283110111951828,0.3745015859603882,0.283110111951828,1776.2078695953194,786.9542782544156,2452.39520455993,555.140153584914,3874.369482761746,2176.129748324654,20.75575401015901,5.935510766374149,0.011969014070928097,0.02393675222992897,0.005988594549736321,0.20354357499856893,0.11847135789765849,0.15331064068404981,0.1753912717103958,0.0585317499935627,0.05384424243522815,0.036511934773104916,7.946053504943848,49.593143463134766,161.4990234375,disco
1.3179391622543335,30.592924118041992,-0.007664611097425222,2.9308671951293945,-0.0004826267249882221,1.6728683710098267,0.3940458595752716,0.2878042459487915,0.48940181732177734,0.23974750936031342,0.48940181732177734,0.23974750936031342,2403.5943006159314,553.0299290733072,2394.759734193427,388.33923977313447,4900.7438641966355,1279.6985559201735,18.058731441873345,4.243223260997249,0.03793543949723244,0.034701623022556305,0.01985745927077366,0.13007805060463992,0.17146811471493364,0.2081119316875257,0.13595318794250488,0.04370829090476036,0.12164094221287702,0.04013853121317477,4.089796543121338,16.813251495361328,103.359375,disco
4.000949382781982,30.146799087524414,0.014858659356832504,3.332963228225708,-0.0001310847292188555,1.9083890914916992,0.4201968014240265,0.29267966747283936,0.5678642988204956,0.2186567336320877,0.5678642988204956,0.2186567336320877,2875.4360880726217,1129.124792228151,2761.0276574989916,731.6816930343933,6020.828480731583,2426.5366914598762,19.202755485195773,4.832632440741522,0.0449657216668129,0.04616493731737137,0.037137111852641604,0.10585393638537374,0.1465992534674706,0.1827454154372309,0.17365671694278717,0.04939548671245575,0.1347388129592034,0.07237231866032515,6.755087375640869,41.40829086303711,129.19921875,disco
-0.9698424935340881,33.243629455566406,-0.005705537740141153,3.846891164779663,-0.001134998514316976,2.659742832183838,0.36688584089279175,0.2919725775718689,0.5430335998535156,0.22779464721679688,0.5430335998535156,0.22779464721679688,2330.184617913994,702.4390766714091,2437.1730406230477,494.96039986210985,4644.4354630401685,1748.406443286407,18.544655535971785,5.038040080755454,0.0332714281976223,0.039128951728343964,0.014923265807244832,0.1461224090553336,0.13620769651346845,0.18131611653898175,0.14888450503349304,0.054482731968164444,0.10958987396075019,0.04038928023400177,5.210515975952148,25.68568992614746,123.046875,disco
1.485188364982605,35.778053283691406,-0.009148027747869492,3.3159120082855225,0.00014014063344802707,1.985849142074585,0.407295823097229,0.28732189536094666,0.6281565427780151,0.20354989171028137,0.6281565427780151,0.20354989171028137,2248.030510146551,916.6285634881349,2368.674846952351,571.588510167703,4609.5460117278135,1932.9077058159723,18.071211211880513,5.458071635894413,0.03886890038847923,0.0557401217520237,0.02341319579808085,0.10395791360783373,0.13571823755917956,0.1671915945992974,0.13538005948066711,0.05301060527563095,0.10971902491782676,0.06585477861357578,4.606410980224609,32.59330749511719,123.046875,disco
0.13624542951583862,42.46723556518555,-0.0029427767731249332,3.3103585243225098,-0.002293060068041086,2.0543410778045654,0.37654733657836914,0.3056909739971161,0.6112487316131592,0.21520718932151794,0.6112487316131592,0.21520718932151794,2259.6134225197134,527.851311800397,2273.017281182031,370.7581050567009,4889.502632866879,1220.750829048389,21.81687906824086,9.172476165133682,0.008596089668571949,0.010393435135483742,0.03606057099862662,0.09500877209259187,0.13237490161293786,0.16812161682664725,0.11295762658119202,0.0548115074634552,0.11419814626836813,0.04784424179231711,3.3204503059387207,22.144712448120117,123.046875,disco
-12.54489803314209,71.14708709716797,0.002628680784255266,1.8995027542114258,5.6234341172967106e-05,0.9881642460823059,0.2205650806427002,0.304703027009964,0.301420122385025,0.284401535987854,0.301420122385025,0.284401535987854,1710.9750338855315,646.9635881489035,1620.237854066107,343.5742183417835,3238.8652049195184,1101.0910516528709,23.704603417447803,6.23109353408554,0.00216136546805501,0.006349791772663593,0.06029437349417846,0.20978101775508343,0.24900484524018318,0.27844313797980463,0.046983007341623306,0.03277938440442085,0.08700922636310905,0.05299181927771193,0.6578220725059509,7.330061912536621,123.046875,disco
0.47690314054489136,38.49631118774414,-0.0014500400284305215,2.737206220626831,0.0008220790768973529,1.8523147106170654,0.4097577929496765,0.30060163140296936,0.5155143141746521,0.25048407912254333,0.5155143141746521,0.25048407912254333,2617.4957475639508,587.164597165696,2156.5789823965347,310.1994443856735,4986.227183330917,1077.135947365828,21.72216517008276,9.280613939007317,0.011352279223501682,0.014057580381631851,0.003921335747819404,0.11742857403028406,0.15324584695777718,0.18723938346768676,0.11226137727499008,0.040885861963033676,0.15433765951276102,0.057614203117626654,2.724891185760498,19.407947540283203,99.38401442307692,disco
2.4495115280151367,33.6197509765625,0.003967848140746355,3.595790147781372,0.0021598367020487785,2.1294634342193604,0.421246737241745,0.29243600368499756,0.5056503415107727,0.26026782393455505,0.5056503415107727,0.26026782393455505,2396.988699228778,751.705536211847,2208.6154032949166,366.64214853950233,4920.578392365139,1324.4168668540701,21.569062672732695,9.86021808029795,0.013203487731516361,0.017898058518767357,-0.011630100696187194,0.162009160511586,0.12161972657884619,0.1606617397584929,0.20944751799106598,0.08500925451517105,0.13527580904389017,0.07364665179775771,10.591984748840332,60.48158264160156,123.046875,disco
3.8850271701812744,32.29185104370117,0.0025830911472439766,2.108999013900757,-0.00011804243695223704,1.3963773250579834,0.4511324167251587,0.26596176624298096,0.49971431493759155,0.24546949565410614,0.49971431493759155,0.24546949565410614,2376.0247896611013,442.57821382416614,2258.317118856743,260.97002695933753,5006.06171149942,956.4698128288642,21.46111772711108,9.748750021893047,0.012514198198914528,0.009337452240288258,0.04291732070182959,0.10830349431678034,0.16423216945782607,0.1971587979239843,0.15894556045532227,0.042359039187431335,0.12873971323955916,0.03609539862383918,5.5150556564331055,21.145153045654297,107.666015625,disco
1.2910077571868896,34.34516525268555,-0.003985549323260784,2.2738375663757324,0.0016119664069265127,1.4817665815353394,0.46042802929878235,0.26461416482925415,0.5189323425292969,0.24351006746292114,0.5189323425292969,0.24351006746292114,2650.7330123265738,454.80920178122517,2308.757448778505,231.3407076624502,5370.86048524507,842.713305315325,20.47706757520566,9.510642150011716,0.018404513597488403,0.012475456111133099,0.04467737832035477,0.11131958345034804,0.14763300965085363,0.18508311852770987,0.10630638897418976,0.035164546221494675,0.15762987601508122,0.04219049947921854,2.4160196781158447,10.387051582336426,107.666015625,disco
-1.7074978351593018,34.796356201171875,0.00478930352255702,2.56766939163208,0.001408867770805955,1.6638884544372559,0.4163390100002289,0.27991119027137756,0.6366310119628906,0.20468679070472717,0.6366310119628906,0.20468679070472717,2590.895265318272,506.28413060580357,2163.026313215459,259.04248798138246,5061.243667071491,973.5687066503089,21.20638784124024,9.944420639330685,0.012711700983345509,0.010345805436372757,0.006314464934507316,0.11705338590396722,0.17849096902728667,0.21044176083248134,0.12528949975967407,0.044799499213695526,0.16977497522718485,0.05170602925531263,3.1752309799194336,13.937112808227539,123.046875,disco
4.148467540740967,44.30434036254883,0.004918072372674942,4.061967372894287,0.0009815497323870659,2.304466962814331,0.4678340554237366,0.28389614820480347,0.6471313834190369,0.2092936486005783,0.6471313834190369,0.2092936486005783,3078.4715203424153,1109.3434301290492,2709.9647708913444,385.70442727772473,6405.67828043431,1333.8125370350788,20.93067168315555,11.20115756679171,0.009862091392278671,0.00816376507282257,-0.006139403872787657,0.07145910216558896,0.12764693755882306,0.1674949404752916,0.17254400253295898,0.07300465553998947,0.15421266253383603,0.09952156086402433,7.479105472564697,57.94858169555664,135.99917763157896,disco
-5.35877799987793,58.7789306640625,0.001899725291877985,3.2743735313415527,-0.0005164284957572818,2.116558313369751,0.4013172686100006,0.30773237347602844,0.5549734234809875,0.24951213598251343,0.5549734234809875,0.24951213598251343,2565.721387688884,908.5226813984652,2533.545587108637,336.56751738583904,5520.260613036543,1464.2287359449151,21.527026791461715,8.233540226099512,0.012317253276705742,0.015405525453388691,0.036217268050447005,0.09906194350210933,0.14154844876923714,0.1728489378084679,0.05214793235063553,0.025790488347411156,0.11460297032095901,0.07462067943529209,0.743438184261322,6.731991767883301,112.34714673913044,disco
3.275434970855713,40.652584075927734,0.005119126755744219,2.9073145389556885,-0.0021472349762916565,2.1057631969451904,0.46316418051719666,0.2796252965927124,0.5504137873649597,0.22425934672355652,0.5504137873649597,0.22425934672355652,2108.2221109107227,494.55642177338507,2072.441784892783,346.5909784186445,4398.119267510151,1053.3300222289404,20.78413999461565,9.10809848788796,0.006460082251578569,0.0066819884814321995,0.039934948158044624,0.10345025917475272,0.14346777590012014,0.18489069596497082,0.12146718055009842,0.04311192408204079,0.11039008120649652,0.04176129223989711,3.3505373001098633,21.80532455444336,129.19921875,disco
-0.6773509383201599,53.96149826049805,0.002884713001549244,2.8705294132232666,0.0031821143347769976,2.338517427444458,0.35841092467308044,0.30149710178375244,0.5475476980209351,0.22834481298923492,0.5475476980209351,0.22834481298923492,1755.0626026809584,564.6004679402199,2043.0329118120305,361.30019178706783,3815.532045297999,1284.9249682073394,20.708901932976197,8.101960368319654,0.004343454726040363,0.006299357861280441,0.017097781983011505,0.11899102085852774,0.13467651203318085,0.17564239583024968,0.07617770880460739,0.029746409505605698,0.07692752138921113,0.03753710586681101,1.5146559476852417,8.768162727355957,89.10290948275862,disco
-2.0559611320495605,46.73957824707031,0.0038264563772827387,2.669954299926758,0.0006742154364474118,1.705623984336853,0.3701102137565613,0.2881840765476227,0.555475115776062,0.22144249081611633,0.555475115776062,0.22144249081611633,1937.5108828466305,360.1011169636635,2099.6513207178596,257.54657089663675,4163.010995957801,933.708918328973,20.63401018585864,8.143096457847765,0.006416246294975281,0.004981368780136108,0.01637763243416192,0.10651024651186337,0.13116950085501256,0.17119679292801085,0.07616043090820312,0.023161839693784714,0.0924305454853055,0.023812962347756,1.391433835029602,5.875662803649902,117.45383522727273,disco
1.0219767093658447,40.76402282714844,-0.00386824575252831,3.3867719173431396,-0.001314232125878334,2.461437225341797,0.41731998324394226,0.2980842888355255,0.6310604214668274,0.21007001399993896,0.6310604214668274,0.21007001399993896,2218.099825491157,624.8428530002809,2245.304793079398,314.2226090720175,4744.0410994598315,1166.3987903146206,21.330190610374597,9.41395371889978,0.008888918906450272,0.011481203138828278,-0.0012380019145005125,0.08164239351341455,0.12360020216105043,0.1779796580818559,0.12218138575553894,0.04816353693604469,0.11094558137567673,0.06027076016609382,3.692883253097534,21.33682632446289,129.19921875,disco
0.9041467308998108,41.157569885253906,0.0021755171474069357,3.818615198135376,-0.003975169267505407,2.5162289142608643,0.4037923514842987,0.30118662118911743,0.5923951864242554,0.22038719058036804,0.5923951864242554,0.22038719058036804,2280.0273192565046,762.9716907485445,2270.0535108917884,390.17794261138835,4829.1746913971865,1528.253015942512,20.815583477926573,9.19738059879373,0.014039594680070877,0.01790774241089821,-0.0014102509475293727,0.10517213457911588,0.10230547778132877,0.1446269780622995,0.11690514534711838,0.05354480445384979,0.11017558488012374,0.06896586554740962,3.516798973083496,22.882726669311523,123.046875,disco
1.670810580253601,44.276161193847656,-0.0044105141423642635,3.273637294769287,0.0012865441385656595,2.3936991691589355,0.4349042475223541,0.28174275159835815,0.5276803970336914,0.2263045758008957,0.5276803970336914,0.2263045758008957,1974.5076873650016,592.5015269469307,2089.6314580753333,424.860912864752,4249.843262851653,1400.465672951527,21.347114602490308,8.758092759046487,0.0063943020068109035,0.007580896839499474,0.04860465705205255,0.12146004585986346,0.13292707319339594,0.17836539310702804,0.11445441842079163,0.040772944688797,0.09297320608565351,0.041204843203510845,3.1951043605804443,17.054065704345703,129.19921875,disco
0.28856292366981506,37.87409210205078,-0.008015110157430172,3.9544260501861572,-0.006181649398058653,2.679558753967285,0.3233034908771515,0.32249873876571655,0.6684327125549316,0.2037690430879593,0.6684327125549316,0.2037690430879593,2549.269756774819,695.078336134321,2485.5245481826305,368.5253036675965,5583.144893779002,1395.3905452410743,21.878422127239414,10.07394215281693,0.009791452437639236,0.010540432296693325,0.04763872580165414,0.13415053777208086,0.12063056520256894,0.1654314893541978,0.184339702129364,0.09847664833068848,0.11583368075696056,0.05042695707178485,9.517278671264648,92.5579833984375,123.046875,disco
2.257546901702881,39.75058364868164,0.0034619872458279133,3.78045654296875,-0.002626296365633607,2.2580695152282715,0.4269852340221405,0.2965814471244812,0.602100133895874,0.223176047205925,0.602100133895874,0.223176047205925,2387.679352105526,660.6909571697464,2191.294481593389,315.7779032249114,4919.995513703596,1186.2188524167655,20.997151129099265,9.601024821520538,0.008995612151920795,0.010325001552700996,0.030445438078752496,0.09682869263812108,0.12621822195048615,0.16341806955223528,0.1510787159204483,0.09201920032501221,0.12762833526682135,0.06211223744246142,6.5293684005737305,66.78678131103516,107.666015625,disco
8.427160263061523,28.884851455688477,-0.00029684213222935796,3.2625722885131836,-0.00019793050887528807,2.3525445461273193,0.5480853319168091,0.27058374881744385,0.6394335627555847,0.21183337271213531,0.6394335627555847,0.21183337271213531,2583.5803998593105,663.6360800913602,2626.6021176827144,351.12247791051044,5856.390083472303,1245.5604497274805,19.959912324039394,9.916383361839785,0.0162189994007349,0.019509462639689445,-0.0009161991297894814,0.049669348076194796,0.12397257122693375,0.17451832133739195,0.29373231530189514,0.11058805137872696,0.0997170007975638,0.05809251219473973,22.51445198059082,214.90667724609375,129.19921875,disco
1.166828989982605,54.837257385253906,-0.007722990587353706,4.703311443328857,0.002811483107507229,3.4226033687591553,0.38833552598953247,0.31757915019989014,0.3588356673717499,0.2494819462299347,0.3588356673717499,0.2494819462299347,2144.867078927163,715.1528041572228,2403.8472224133425,398.62961279482874,4947.807152697216,1507.7690391155134,21.693030366856043,8.916727236572022,0.005141352768987417,0.006328491494059563,0.07924200895619914,0.1482910482803142,0.09912729657782068,0.16257354097940835,0.09218350052833557,0.031151022762060165,0.0648764531370843,0.03661561542599661,2.074650764465332,14.732823371887207,123.046875,disco
5.596818923950195,41.6556396484375,-0.0029521514661610126,3.5501487255096436,-0.0006927932845428586,2.263721466064453,0.47089672088623047,0.29269757866859436,0.5537170767784119,0.23305557668209076,0.5537170767784119,0.23305557668209076,1887.0062144326305,561.9770463134363,2190.841931924479,323.8456188603686,4363.138220979554,1292.7437021416213,20.52688658261343,9.24061814602032,0.005695655941963196,0.0118175083771348,-0.0029787522539996116,0.1222818062151262,0.1257615414710994,0.16407121156249457,0.1852918267250061,0.0745866596698761,0.07361868897428461,0.0449081307787439,8.794717788696289,66.34545135498047,129.19921875,disco
3.1575675010681152,34.822837829589844,0.001551393885165453,3.4201698303222656,-0.0009875785326585174,2.5037288665771484,0.45075881481170654,0.2841130495071411,0.6278265714645386,0.2077113389968872,0.6278265714645386,0.2077113389968872,2492.590012831398,698.0767259436675,2277.5289395936366,334.5617257274453,5114.010839617169,1227.5349597458494,21.447716010913386,10.030977659402767,0.013160799629986286,0.01232887338846922,0.009407462084465698,0.08554006529063266,0.13594835913292752,0.17530212041507884,0.16955868899822235,0.06248873844742775,0.13856991371809746,0.06313711090046187,6.4987077713012695,34.465816497802734,135.99917763157896,disco
-1.3945279121398926,37.595523834228516,0.0004630270996131003,2.110840082168579,0.0011702349875122309,1.447126030921936,0.3649280369281769,0.2852645814418793,0.5411790013313293,0.24154222011566162,0.5411790013313293,0.24154222011566162,2541.894374434493,508.6888800124051,2289.5008819088134,251.6098001888666,5183.456668720998,945.2161048837702,21.240193659462435,8.909920662063723,0.016229141503572464,0.013876056298613548,-0.00037384710324236834,0.12239288062040458,0.18014474686037027,0.2151709016865897,0.09131898730993271,0.030679667368531227,0.14323520881670534,0.05301219828979466,1.8615425825119019,8.544721603393555,99.38401442307692,disco
-0.022920329123735428,34.547542572021484,0.003550034947693348,2.5069785118103027,-0.0026628493797034025,1.6488807201385498,0.41615787148475647,0.2838970124721527,0.4854079484939575,0.25392472743988037,0.4854079484939575,0.25392472743988037,2956.079112286355,721.0518134011324,2599.631125753222,287.6343650874411,6131.50048488254,1098.9377541771562,21.921420237487368,9.495283052652816,0.02163555659353733,0.01715739816427231,-0.05510775394411541,0.11820028216853493,0.16100713291639968,0.19666940527480614,0.10675535351037979,0.04099598154425621,0.1626135168938515,0.0743956703196745,2.642550468444824,18.981626510620117,107.666015625,disco
0.9638713598251343,41.16588592529297,-0.003242403268814087,1.9501203298568726,0.002355094300583005,1.2493261098861694,0.38936835527420044,0.2875979542732239,0.5837637186050415,0.23284021019935608,0.5837637186050415,0.23284021019935608,1931.0406859349848,434.2281928606603,2209.134861932978,207.9278346686055,4516.06060125435,842.4905265188692,20.31642864188936,8.503459084449135,0.006107894238084555,0.005283848848193884,0.034816016573363716,0.09986804991014786,0.19711967602747413,0.22621363772708902,0.11154942214488983,0.04162358492612839,0.0836037195475638,0.03576661668971664,3.034254789352417,17.800594329833984,107.666015625,disco
1.579720377922058,35.22124099731445,-0.0053352126851677895,2.2732927799224854,0.0017975795781239867,1.4878333806991577,0.45552781224250793,0.2664572298526764,0.5193977952003479,0.24424582719802856,0.5193977952003479,0.24424582719802856,2449.2386358180374,460.8469192791283,2311.514117756808,251.28040589355004,5184.522503987819,931.4114418214605,20.29219728235806,9.375339305590357,0.014654930680990219,0.01039703469723463,0.04381236131747253,0.1123820512293695,0.1502288330539748,0.18571828128118809,0.11097852885723114,0.037293221801519394,0.13458360523008508,0.03890252352221482,2.8217146396636963,12.7991361618042,107.666015625,disco
0.39477214217185974,36.22542953491211,-0.001145625370554626,2.4186367988586426,-0.0025174005422741175,1.5168911218643188,0.4355713129043579,0.28667840361595154,0.5388850569725037,0.24476978182792664,0.5388850569725037,0.24476978182792664,2809.0680167308506,598.5803586732377,2531.020800907524,225.9248405040599,6001.635119090777,850.7884287523483,21.16991062881446,9.774194214613535,0.01965736411511898,0.015608018264174461,-0.007487158314075582,0.09039017257581361,0.16119930575391686,0.19196432115038808,0.09810152649879456,0.039563436061143875,0.155900310566512,0.06834432843384748,2.2972826957702637,17.458972930908203,112.34714673913044,disco
-2.387526512145996,41.4257698059082,0.0010388160590082407,3.032170295715332,-0.0009394434746354818,2.123465061187744,0.4342931807041168,0.2872530519962311,0.4975659251213074,0.2526615560054779,0.4975659251213074,0.2526615560054779,2902.9084645115768,673.8897816874188,2302.244809669843,279.25148097554967,5470.108067629785,1061.601424523833,21.462174912370138,9.02408361562672,0.01939072646200657,0.019361572340130806,-0.004595604300793347,0.13968543447225598,0.1281691445104936,0.17354310725029734,0.0844922885298729,0.03979325667023659,0.18406730350928074,0.07712601019569983,1.6319037675857544,11.318674087524414,135.99917763157896,disco
-1.0657310485839844,36.10542297363281,-0.007731716148555279,2.531663179397583,-0.0005731029668822885,1.5953378677368164,0.4463350176811218,0.27587223052978516,0.5655884146690369,0.240166574716568,0.5655884146690369,0.240166574716568,2847.3774256059246,561.4130674666421,2460.224228637339,228.4382370841952,5925.935834632395,869.785200117301,20.815071262151847,9.824094709744525,0.021343553438782692,0.016314109787344933,0.028031547861371874,0.11416279189239524,0.1386373588595483,0.1741496289351796,0.09550542384386063,0.04157331958413124,0.17634505812548337,0.06719855283357536,2.146170139312744,12.576984405517578,112.34714673913044,disco
0.29455018043518066,30.272430419921875,0.009657513350248337,2.497762441635132,-0.002753870328888297,1.5508239269256592,0.40280696749687195,0.2838476896286011,0.5129687786102295,0.2527368366718292,0.5129687786102295,0.2527368366718292,2648.809544128405,515.824059422826,2384.074867259157,227.5015547356889,5546.0321767147625,865.8305991727718,21.278156600993256,10.196199114481418,0.016671501100063324,0.0135140810161829,0.01648781560609222,0.13743385060654145,0.15548707735197326,0.1869967066378166,0.17759282886981964,0.06946639716625214,0.15107338795436967,0.05437721561242023,7.272961616516113,37.77366256713867,112.34714673913044,disco
1.8069775104522705,35.35835647583008,0.006737755611538887,2.471911668777466,-0.0023054154589772224,1.5116629600524902,0.42920199036598206,0.2882401645183563,0.6299647092819214,0.19898073375225067,0.6299647092819214,0.19898073375225067,2690.503166212552,467.6888860590259,2480.383035220588,225.78613792755658,5775.486525250145,786.2859777764469,21.177870393143472,9.893934898359438,0.015071861445903778,0.010316968895494938,0.017109816674926597,0.08229473564780644,0.17916148527428943,0.20600391272771437,0.11088396608829498,0.03571649268269539,0.12989565206883216,0.04327527230718993,2.852522373199463,16.8256893157959,135.99917763157896,disco
-3.1550798416137695,38.93374252319336,6.005290197208524e-05,2.7622129917144775,0.0013099370989948511,1.6674373149871826,0.3531820476055145,0.2954478859901428,0.6320343017578125,0.20241814851760864,0.6320343017578125,0.20241814851760864,2251.7610160342974,476.5694863316671,2164.9531342533487,281.008247201196,4557.353391005656,1054.1783769697843,21.93861689391693,8.941069588139984,0.00803403090685606,0.007357537746429443,0.013231396272616852,0.15563075281913713,0.1719592060221954,0.2019172776035027,0.12421887367963791,0.05132342129945755,0.12186072542053364,0.04010167500302628,3.828238010406494,20.41427230834961,129.19921875,disco
3.107954740524292,33.44540023803711,-0.005181263666599989,2.6817526817321777,0.0013219614047557116,1.7448632717132568,0.4157387614250183,0.2898734211921692,0.5270682573318481,0.24371206760406494,0.5270682573318481,0.24371206760406494,2309.274600517877,607.9429817782235,2278.1626470496617,310.71450902415074,4945.325754966648,1228.0624794142045,22.120447495430927,9.627923105273448,0.00917012244462967,0.010156492702662945,0.061626802871930286,0.11845505153763462,0.14828498341852706,0.18350973633463974,0.20657509565353394,0.07055342942476273,0.11758099502126837,0.05351976881752156,9.996676445007324,66.52549743652344,117.45383522727273,disco
-3.6906843185424805,52.10916519165039,0.005847190506756306,2.8073158264160156,0.0011665859492495656,1.837100863456726,0.3319344222545624,0.3034166693687439,0.49294379353523254,0.2632991075515747,0.49294379353523254,0.2632991075515747,2218.89166415782,571.3402800977503,2307.129643752943,367.7773772231449,4882.1333812173725,1383.4397072848033,21.304940762518044,8.095687563637433,0.007876915857195854,0.009421763941645622,0.004509711321829824,0.15517260918478262,0.15437356119737417,0.19566571169802627,0.06821811944246292,0.03773391619324684,0.09612456496519721,0.046455103185844164,1.3597532510757446,10.332869529724121,129.19921875,disco
-0.027377953752875328,46.81648635864258,0.0038433815352618694,3.2045845985412598,-0.004391868598759174,1.8316823244094849,0.45299530029296875,0.29458311200141907,0.6155925393104553,0.22174036502838135,0.6155925393104553,0.22174036502838135,2292.3432384956623,655.108256333489,2348.2576081037582,312.9507447347057,5038.586340813515,1337.0102682197453,20.996288584141123,9.464190547301076,0.01059737615287304,0.011242622509598732,-0.022964970760577245,0.08726701933529188,0.10831591399938177,0.15580873534389758,0.08474545925855637,0.04214037209749222,0.09976307219160867,0.053861041493325365,1.9971158504486084,17.638845443725586,123.046875,disco
-5.388864994049072,58.09686279296875,-0.0022828986402601004,2.763261556625366,0.0008959458209574223,2.069892168045044,0.38872718811035156,0.30324864387512207,0.5504574179649353,0.24278384447097778,0.5504574179649353,0.24278384447097778,2144.4212945283607,750.5396260429563,2414.5894493235623,322.76985724519693,4958.257334414879,1537.2074493476157,21.80856640369552,8.363226434210246,0.007199052255600691,0.008859933353960514,-0.061308962100086746,0.1346261494903957,0.11569476805900444,0.1640741204617733,0.059196580201387405,0.032267458736896515,0.08474190956109823,0.04930393307270676,1.0268561840057373,10.676225662231445,99.38401442307692,disco
-5.283276081085205,57.07474136352539,0.0003445071342866868,4.883493423461914,-0.0019213990308344364,2.754908800125122,0.3584931492805481,0.3073922395706177,0.5353850722312927,0.2549540102481842,0.5353850722312927,0.2549540102481842,2292.7794270588493,784.2167740589138,2208.6856602596486,398.1106315057534,4741.368184454756,1477.013091126874,22.328167688237826,8.44906991676076,0.008552138693630695,0.01324213482439518,0.038845486306734386,0.11760732566016045,0.11146194256772204,0.15769668559050842,0.07869996875524521,0.048014599829912186,0.11640202049497293,0.0678283736376499,1.8629857301712036,15.15544319152832,86.1328125,disco
2.8470842838287354,34.882930755615234,-0.008674757555127144,3.8839969635009766,-0.00018217178876511753,2.458388328552246,0.42271745204925537,0.2934240698814392,0.6649747490882874,0.19876155257225037,0.6649747490882874,0.19876155257225037,2577.207725556345,920.827122877641,2387.48142237022,466.3690757980348,5419.988829575116,1643.4671003107667,20.888129097298208,9.489209288981204,0.02389112114906311,0.042402490973472595,0.02061107601932437,0.09690625709082376,0.12756384423586445,0.16758043088655428,0.18085704743862152,0.08563869446516037,0.1381975662219644,0.07750676187526111,8.486085891723633,62.29515075683594,123.046875,disco
-1.512727975845337,50.77378463745117,-0.004439758602529764,3.664942979812622,-0.0022757500410079956,2.3352580070495605,0.41418319940567017,0.30007126927375793,0.5365241765975952,0.2500556409358978,0.5365241765975952,0.2500556409358978,1959.0741388861084,680.3495299785491,2210.6474517094857,375.60552160210716,4352.013565382105,1528.7560204406839,20.336256524713335,8.590395408069032,0.007170482538640499,0.0103309890255332,0.005056278214565995,0.1308931699987206,0.13140262780757872,0.16823535008491972,0.08756794780492783,0.0329899899661541,0.08998536289153132,0.05412825398680591,1.9739855527877808,11.29230785369873,117.45383522727273,disco
-3.6485371589660645,56.23259735107422,-0.00028237683000043035,4.851577281951904,0.002729365834966302,2.954454183578491,0.5036078095436096,0.2972121834754944,0.6986541748046875,0.1987285166978836,0.6986541748046875,0.1987285166978836,2455.249157769272,754.7392688175792,2100.247454271527,298.6081147369734,4726.57972012761,1179.3944007881212,19.473867008061248,8.846045281706784,0.01597757823765278,0.018681636080145836,-0.004256573100356276,0.06799250386450946,0.08436035984831469,0.13291081216512388,0.0619918592274189,0.04815426468849182,0.15141816814095127,0.08197435460373512,1.265981674194336,11.882261276245117,112.34714673913044,disco
-0.4249611794948578,48.09701919555664,-0.010226286016404629,4.349039554595947,-0.004275904037058353,2.9353525638580322,0.5680954456329346,0.27989378571510315,0.754446268081665,0.16617561876773834,0.754446268081665,0.16617561876773834,3004.2823843648266,911.2488224178742,2745.823220302523,236.4324734974895,6576.211923125725,895.8475315333825,19.391637275350398,10.301162632688547,0.021903298795223236,0.02109822817146778,0.002620227720001502,0.03969130935313242,0.11908030221135536,0.16923322616030187,0.08919603377580643,0.055099572986364365,0.1586842311968291,0.09795355151053968,2.4751288890838623,24.7618350982666,123.046875,disco
1.5216506719589233,42.64546203613281,0.0053303055465221405,3.4304099082946777,7.450805424014106e-05,2.2889392375946045,0.39516931772232056,0.2888762950897217,0.49872928857803345,0.23624856770038605,0.49872928857803345,0.23624856770038605,1867.9449473321624,641.2348861025396,1875.1005955510293,367.1347775062925,3804.782097411543,1194.4028674486176,22.349473648523343,8.233252361219762,0.004331200383603573,0.00558068510144949,0.050928726010162635,0.13634718064224513,0.1583715508105683,0.1976138581132626,0.16524070501327515,0.05387410894036293,0.09446561714520495,0.04593054471359888,6.257750034332275,29.422014236450195,123.046875,disco
0.8781881928443909,39.25795364379883,0.001458830782212317,2.143770933151245,-0.0009667969425208867,1.4712523221969604,0.38466447591781616,0.29918625950813293,0.5546167492866516,0.22837913036346436,0.5546167492866516,0.22837913036346436,2139.9275394701567,576.9130364029891,2190.4788401887386,313.6480892786742,4527.826423379495,1267.0378617145527,21.99495605049851,9.299362140893288,0.008280523121356964,0.008752639405429363,0.016168862811969113,0.0950635324037421,0.17639092309177307,0.20671702011301946,0.1192207932472229,0.02924562804400921,0.1002388915071539,0.0499597017902103,3.256222724914551,16.66327476501465,107.666015625,disco
1.5903712511062622,37.9819450378418,0.006367236375808716,2.285515308380127,-0.0007871476700529456,1.4286115169525146,0.39797428250312805,0.2855485677719116,0.6268238425254822,0.2092202752828598,0.6268238425254822,0.2092202752828598,2238.5348872355758,401.31360747911725,2023.290677402401,217.55208935118208,4384.238428527407,753.2111625272902,22.04682047846449,8.603220075105465,0.00716952420771122,0.005499132443219423,0.04556624150812213,0.10093915106360925,0.17163907852209706,0.20212349586630704,0.1190052330493927,0.05426306277513504,0.13140618957849962,0.03793605195258232,3.516397714614868,30.788528442382812,123.046875,disco
0.3229096829891205,42.8310432434082,0.0024093398824334145,3.0926952362060547,0.005594910122454166,2.2684452533721924,0.42975032329559326,0.2793716788291931,0.5218839645385742,0.2312103658914566,0.5218839645385742,0.2312103658914566,2128.9326621445252,571.3407264217385,2108.8986957351976,396.89781917270403,4423.058147386166,1302.6472909195495,21.361978298377437,8.802220090251666,0.008842351846396923,0.009410104714334011,0.04969797117359546,0.11957963510375196,0.14773769537976514,0.18862231316767297,0.1002926304936409,0.03168967738747597,0.11182509184068058,0.04071939485912352,2.282823324203491,9.756178855895996,129.19921875,disco
0.07907436788082123,40.257747650146484,0.003992343787103891,2.390514373779297,-0.006055754143744707,1.5542339086532593,0.48534542322158813,0.276954710483551,0.6795420050621033,0.20015022158622742,0.6795420050621033,0.20015022158622742,2574.459664277503,657.7990362883958,2396.431955074073,309.73574327785985,5458.62535799739,1211.5841290686685,20.41215540440173,9.408338184718316,0.01774405501782894,0.016715697944164276,0.00949734634820025,0.11062546276612648,0.14400242537015542,0.18428155027486245,0.09060119092464447,0.05365009605884552,0.14611353804137664,0.06483502099162555,2.443981647491455,21.570674896240234,129.19921875,disco
1.9889992475509644,44.28239822387695,0.001423629350028932,4.735719203948975,0.0034594465978443623,2.8908843994140625,0.41658926010131836,0.30878809094429016,0.5541271567344666,0.24639758467674255,0.5541271567344666,0.24639758467674255,2038.0233320076643,786.6249246384435,2079.8453102333197,500.40017902177306,4205.2946794337295,1643.4316764424627,21.776084639668326,8.411994905257927,0.009239199571311474,0.02397340163588524,0.043874807746221905,0.11855965443363943,0.09373861908229361,0.13763132268057132,0.17357677221298218,0.10127349942922592,0.09160579200502707,0.05521379724366545,8.50263786315918,77.00422668457031,99.38401442307692,disco
1.6593810319900513,41.24299240112305,-0.006133584305644035,2.991774082183838,-0.0023491987958550453,1.8404422998428345,0.37081536650657654,0.29167604446411133,0.5026183724403381,0.2285875380039215,0.5026183724403381,0.2285875380039215,2457.290836676926,659.5811250971168,2400.458463665014,353.36200300400515,5267.457810687355,1352.4765975368364,21.31225955095295,9.250250743149701,0.010790837928652763,0.009313948452472687,-0.002491523896974853,0.1452509214998443,0.13430967830396082,0.17157788017961642,0.10665763914585114,0.03714005649089813,0.11746997051430781,0.04936828365468202,2.680323839187622,15.596216201782227,117.45383522727273,disco
1.2598108053207397,36.84114456176758,0.007427415810525417,3.157280921936035,-0.0013815031852573156,2.112614154815674,0.4082244634628296,0.2868778705596924,0.6345406770706177,0.21976475417613983,0.6345406770706177,0.21976475417613983,2460.976249719337,700.2426837685076,2302.764572147056,341.46301147037735,5018.7851199971,1373.9398489527603,21.456780870909114,9.482153749020371,0.0127177182585001,0.01352427527308464,0.021887731383902684,0.07472024627497592,0.14225431624464907,0.18546533033496712,0.15328684449195862,0.06024862080812454,0.13702236803944315,0.06137659636156873,5.513570308685303,35.53993606567383,107.666015625,disco
0.9846178293228149,42.762939453125,-0.0024524712935090065,2.437009811401367,0.00013861664046999067,1.5313936471939087,0.4170990586280823,0.28009530901908875,0.472774475812912,0.22660253942012787,0.472774475812912,0.22660253942012787,2207.5083642922987,547.1049605850058,2353.468828901274,296.27116475741843,5074.241861223898,1089.44721965138,21.298322079784924,9.220557635552051,0.007287011481821537,0.005907631944864988,0.039541634744915885,0.10912326367504492,0.14066610904349822,0.17320025902665143,0.09929446130990982,0.030415572226047516,0.09355627356438515,0.034793897752055526,2.4116134643554688,15.580451965332031,135.99917763157896,disco
-0.5838050246238708,48.14945602416992,-0.005656451918184757,4.020541191101074,0.0011665037600323558,2.4871573448181152,0.4680444598197937,0.29699423909187317,0.6128190159797668,0.2209412306547165,0.6128190159797668,0.2209412306547165,2487.3290420447815,756.1292881158579,2276.752800711623,416.53620503554635,5008.401552983613,1418.2294652871121,22.057600451486223,8.785283703950347,0.010375801473855972,0.012826614081859589,0.030337559807225765,0.0964081547529572,0.12494372562196801,0.16202957917202065,0.098395437002182,0.052848465740680695,0.11803151283352668,0.06673438896293425,2.567375898361206,21.94953155517578,123.046875,disco
1.7876285314559937,44.11656188964844,0.0011262508342042565,2.921586275100708,0.0017101698322221637,2.095012903213501,0.4166196882724762,0.2864212393760681,0.5856449007987976,0.22453844547271729,0.5856449007987976,0.22453844547271729,2481.7391882072357,608.2583877143666,2178.6360814569034,263.7579750747341,4956.558659458382,907.4861086854128,21.980952934922392,9.15021817878098,0.008760365657508373,0.009578689001500607,0.026559837372027217,0.08098951085792759,0.14975567984031063,0.18571642917383877,0.09197086840867996,0.04092402383685112,0.13436042331303172,0.05812311899708115,1.9746354818344116,15.427423477172852,103.359375,disco
1.0022926330566406,37.58935546875,0.0009272818570025265,3.081740140914917,-4.004047514172271e-05,2.3351376056671143,0.4149751663208008,0.289907306432724,0.5340962409973145,0.23621688783168793,0.5340962409973145,0.23621688783168793,2825.987251028338,561.5179048107955,2680.4123913874064,261.0318431374207,6233.179503969693,1003.0356853071806,22.184026044548272,9.428122245050835,0.0170168224722147,0.01714770868420601,-0.05398031402685883,0.11526275000472443,0.11467950008454202,0.16747126736153373,0.10806800425052643,0.04724433645606041,0.12045063865525908,0.047792877568777065,3.0389068126678467,29.452821731567383,129.19921875,disco
-0.12603595852851868,36.95271301269531,0.0019459928153082728,2.4270026683807373,-0.003520372323691845,1.4376908540725708,0.44101816415786743,0.2872089445590973,0.6058435440063477,0.22350619733333588,0.6058435440063477,0.22350619733333588,2418.030526971729,594.1424808483317,2432.294029126342,287.601091728298,5386.464979698376,1188.945911726531,21.15248774708495,9.890170346021685,0.013120313175022602,0.012863503769040108,0.0006512588712004653,0.09764759368392564,0.13817371380366295,0.19025707579253706,0.12263539433479309,0.03950149565935135,0.11256940919856923,0.051871172749135726,3.6179604530334473,21.836467742919922,123.046875,disco
-0.12603595852851868,36.95271301269531,0.0019459928153082728,2.4270026683807373,-0.003520372323691845,1.4376908540725708,0.44101816415786743,0.2872089445590973,0.6058435440063477,0.22350619733333588,0.6058435440063477,0.22350619733333588,2418.030526971729,594.1424808483317,2432.294029126342,287.601091728298,5386.464979698376,1188.945911726531,21.15248774708495,9.890170346021685,0.013120313175022602,0.012863503769040108,0.0006512588712004653,0.09764759368392564,0.13817371380366295,0.19025707579253706,0.12263539433479309,0.03950149565935135,0.11256940919856923,0.051871172749135726,3.6179604530334473,21.836467742919922,123.046875,disco
0.28607243299484253,36.73944854736328,0.0049039507284760475,3.2567756175994873,0.0005169204086996615,2.1597211360931396,0.46079349517822266,0.29187795519828796,0.6610100865364075,0.20240291953086853,0.6610100865364075,0.20240291953086853,2668.0004395576575,646.9759461623977,2351.252049555612,328.37794167678385,5475.470551315981,1250.7024583919294,19.5132044798474,10.110161694408545,0.022121582180261612,0.018608659505844116,0.02567282060111979,0.0951457636407308,0.12309292165280789,0.16747377325404175,0.12520436942577362,0.049680113792419434,0.147308750845901,0.05376990088333853,3.384340763092041,19.108278274536133,117.45383522727273,hiphop
5.867610454559326,33.69552230834961,-0.008666301146149635,4.123325824737549,0.00022580863151233643,2.6991705894470215,0.45720744132995605,0.3001229763031006,0.332306444644928,0.2547408640384674,0.332306444644928,0.2547408640384674,2808.925771808596,969.1751988652852,2441.4166757299236,397.77398146159805,5528.454221650232,1441.124684212152,22.359916573087393,9.927779559314603,0.012016533873975277,0.02047211304306984,-0.03242484494391574,0.1605831184543992,0.1835254851347353,0.21003053531740193,0.28538304567337036,0.08297007530927658,0.09770647537219644,0.07165936104502389,18.73512840270996,165.9772186279297,92.28515625,hiphop
-1.8768823146820068,59.485408782958984,0.0029436915647238493,4.069734573364258,0.0015802268171682954,2.6236021518707275,0.40424495935440063,0.3036940097808838,0.5012457966804504,0.2590945363044739,0.5012457966804504,0.2590945363044739,1490.683575771141,795.9721712640174,1910.490628858794,483.2868362584592,3095.0940196309457,1845.8600796011385,20.4950589196107,8.073849016158034,0.0030678168404847383,0.00610224436968565,-0.03265787318201633,0.12699651435326337,0.13865404467497972,0.16412704715260037,0.09347894042730331,0.033537156879901886,0.05871157192575406,0.049811052666069396,2.2936899662017822,13.696491241455078,99.38401442307692,hiphop
5.488016605377197,32.58458709716797,-0.00708627188578248,4.262950897216797,0.0014125925954431295,2.588327169418335,0.467244416475296,0.3030484914779663,0.5063424706459045,0.25308454036712646,0.5063424706459045,0.25308454036712646,2492.9547227672974,703.7237315294673,2330.1743629992484,441.39718574670695,5125.735027552204,1345.5650152971998,19.667526378676264,9.164496604925617,0.017566563561558723,0.0284698698669672,-0.009526951884846329,0.10756526343276535,0.1339427259343163,0.16727759131905062,0.26632264256477356,0.11611923575401306,0.10350127489365817,0.04778517781257181,17.89350700378418,145.92465209960938,92.28515625,hiphop
2.2208335399627686,47.915687561035156,-0.003029403043910861,6.08378267288208,-0.0009793350473046303,3.7326977252960205,0.4493425786495209,0.3057953715324402,0.467276394367218,0.2698672115802765,0.467276394367218,0.2698672115802765,2372.6884690482993,1035.103714628166,2359.40948237905,605.9558605372488,5060.011295044229,2084.1681734288427,21.286729511678516,8.953536882023947,0.0213774461299181,0.04469647631049156,0.002864102340048626,0.08550089483049794,0.09769209817101543,0.13038086554022885,0.20046541094779968,0.1240294873714447,0.0998514386359242,0.07825579419844424,12.5977783203125,135.7324981689453,95.703125,hiphop
7.272514343261719,27.57006072998047,-0.002234353218227625,2.4776270389556885,-0.001978848362341523,1.6267584562301636,0.49074357748031616,0.28530630469322205,0.568200409412384,0.25147441029548645,0.568200409412384,0.25147441029548645,2709.1715224983186,498.0490462313749,2510.848005701867,220.22015597847025,5794.946345707656,702.0936978780732,19.47361178493682,10.349289698123366,0.018465280532836914,0.02231346257030964,0.010985270343351013,0.05683611649704685,0.18293587138259412,0.20811833527397045,0.26158612966537476,0.0734429806470871,0.12458309164733179,0.05111310731413429,15.912613868713379,101.41486358642578,71.77734375,hiphop
4.899419784545898,33.65369415283203,-0.0004375672433525324,4.63688325881958,0.002300337888300419,3.2097368240356445,0.464274525642395,0.2985142469406128,0.5955737233161926,0.2318967878818512,0.5955737233161926,0.2318967878818512,2858.1926146109076,982.7110018497556,2639.930294665962,404.2813194879802,6048.0988752537705,1500.9411122924078,19.516205141963002,9.903920435522334,0.02696598321199417,0.04011649265885353,-0.0011109422108260343,0.06390792392987611,0.11304853475265385,0.15295782257887428,0.2705450654029846,0.12672528624534607,0.12817024059841453,0.09665488936159111,19.598583221435547,151.99673461914062,99.38401442307692,hiphop
5.504905700683594,34.843711853027344,-0.0010318210115656257,3.823260545730591,-0.00016345945186913013,2.4860825538635254,0.432659387588501,0.29760539531707764,0.5540048480033875,0.25452831387519836,0.5540048480033875,0.25452831387519836,2047.1754195666026,705.4364965684736,2269.4488308988634,457.8000060660833,4553.073396262326,1563.77359394349,20.74005229427989,9.246403202910818,0.012202845886349678,0.02326788753271103,0.025429379673007426,0.09634848775276744,0.15002406360310624,0.1827489001744631,0.2638739049434662,0.09720643609762192,0.07863669458139985,0.05050011279780793,17.954492568969727,122.57475280761719,123.046875,hiphop
-0.9167292714118958,41.20361328125,0.0047975145280361176,4.004767417907715,-0.002417901298031211,2.4838380813598633,0.4536116123199463,0.29669931530952454,0.4572417736053467,0.277011513710022,0.4572417736053467,0.277011513710022,3070.837758466109,945.5696801747408,2349.664526925648,322.68486609856177,5754.494566596578,1256.1802342892179,21.341573934704684,9.932303631103544,0.02120884694159031,0.024081528186798096,0.01049757480826776,0.11308792005294312,0.14288550406189482,0.17516739442208215,0.14181587100028992,0.08861150592565536,0.17704972387374324,0.10082143296644414,5.878655910491943,67.113037109375,172.265625,hiphop
5.321192264556885,39.50678634643555,-0.0034776655957102776,3.8297648429870605,0.0024042692966759205,2.6668195724487305,0.5605886578559875,0.2747044265270233,0.5885579586029053,0.2518538236618042,0.5885579586029053,0.2518538236618042,2200.1104645288874,990.9673047766861,2285.5671614469156,506.30760376139153,4792.170223227233,1843.0773502802526,18.628868192161796,9.40901830301999,0.01529755536466837,0.026845356449484825,0.023281165396786162,0.09011282968165993,0.1081872720842383,0.1460164350336776,0.21565283834934235,0.09988116472959518,0.09830917983855375,0.08603044540078515,12.82887077331543,84.36465454101562,103.359375,hiphop
2.682832956314087,33.556297302246094,0.004051917232573032,2.193502426147461,0.00020871903689112514,1.690558910369873,0.427253395318985,0.2950747609138489,0.6437288522720337,0.2104317545890808,0.6437288522720337,0.2104317545890808,2284.3411891351216,491.07031366701864,2116.5943117834095,206.18927121751514,4663.012638667344,810.6923513964464,20.237804347395446,9.899973770614901,0.009084698744118214,0.007873648777604103,2.919209065250696e-05,0.06858341190184415,0.1706967030505232,0.20627653481059488,0.17160548269748688,0.07665371149778366,0.12542634921210363,0.04901950362332947,7.6715216636657715,64.59123992919922,95.703125,hiphop
3.0500123500823975,36.647518157958984,-0.00021163909696042538,2.9728755950927734,-2.9078473744448274e-05,2.1730871200561523,0.4440467953681946,0.29190951585769653,0.5768460631370544,0.23839439451694489,0.5768460631370544,0.23839439451694489,2095.493684451654,656.0109279180517,2241.001468555677,332.88027099886943,4581.942543684745,1310.6285147415322,20.479877473106498,9.68192708805921,0.008221304044127464,0.012323863804340363,-0.004171895333427181,0.08669364164250914,0.14613873735241675,0.1790102620983246,0.20370934903621674,0.08127894997596741,0.09415142534319412,0.05849937726030152,10.845788955688477,68.28426361083984,135.99917763157896,hiphop
5.154358863830566,36.17863464355469,-0.0012824245495721698,2.4946603775024414,-0.0007483905064873397,1.6615856885910034,0.3587992191314697,0.30094578862190247,0.5595895648002625,0.24999302625656128,0.5595895648002625,0.24999302625656128,1976.8724759558752,464.49185881184366,2110.123008273574,294.11470278161096,4277.396769866589,1030.66231182108,20.919051304845773,9.32242091295806,0.005247962195426226,0.00565343676134944,0.013416804195317997,0.07245753760221867,0.19322852068744598,0.22087410740088526,0.19884692132472992,0.06461892277002335,0.08725355580529776,0.033505757982663226,9.842269897460938,57.49441909790039,99.38401442307692,hiphop
-0.9100403189659119,51.15495300292969,0.003858657553792,2.438591718673706,0.0011270877439528704,1.889670729637146,0.3403329849243164,0.3098830580711365,0.5708005428314209,0.22590570151805878,0.5708005428314209,0.22590570151805878,1798.6768468891007,696.217071169519,1688.0838761796335,674.96244575334,3626.8209152044665,1698.219802104594,20.371262612161004,8.509883899806571,0.005796478595584631,0.009294587187469006,0.018552801496420954,0.0945559211069103,0.15595985873694593,0.19986525354113122,0.1366313248872757,0.03244362771511078,0.09662455288089714,0.03754333209735379,4.265823841094971,22.733505249023438,103.359375,hiphop
3.6273910999298096,35.39756774902344,0.0015210286946967244,2.7843899726867676,0.0009864118183031678,1.5864923000335693,0.4897945523262024,0.2707590162754059,0.533247172832489,0.22880622744560242,0.533247172832489,0.22880622744560242,2436.5700963303734,515.6772914947162,2117.3243435959766,310.14606000680834,4774.86705381743,942.7011266200498,20.91204057798668,9.79883656644522,0.011409841477870941,0.017929071560502052,0.01557512116411269,0.1108177716217939,0.15574689582377393,0.18401311329385237,0.1851305067539215,0.06126569211483002,0.1338294693783836,0.045157043152217656,7.639395236968994,45.03258514404297,135.99917763157896,hiphop
2.2939677238464355,34.71400833129883,0.004212580155581236,2.263956308364868,-0.0019151541637256742,1.7746261358261108,0.4238453805446625,0.28724002838134766,0.6210241317749023,0.21714438498020172,0.6210241317749023,0.21714438498020172,2397.1443316338414,535.2243005243303,2346.275923200658,252.20088751841087,5283.620203288138,976.4268384037222,20.37027681391465,9.72945674707272,0.01238478347659111,0.013492041267454624,0.03358694962519228,0.07440904362895878,0.15704266810928894,0.19053526753210348,0.14012908935546875,0.06378909200429916,0.11600965837683681,0.05019355317590363,5.229186534881592,40.943199157714844,198.76802884615384,hiphop
3.0333197116851807,36.442100524902344,0.0040044463239610195,3.884334087371826,0.0025362977758049965,2.571850538253784,0.4674127995967865,0.3016972541809082,0.5402471423149109,0.2676434814929962,0.5402471423149109,0.2676434814929962,2432.633895056764,776.6746126363718,2247.3131091664304,331.56999645395723,4919.146176225348,1222.3577786291007,20.761628474058885,9.520809028286523,0.01712775230407715,0.030141742900013924,0.030588554104516306,0.10824551169792675,0.12958791748832735,0.16564869567125362,0.20773114264011383,0.10588569194078445,0.11039989970030936,0.07459266899776947,12.008892059326172,118.19795989990234,99.38401442307692,hiphop
4.706564903259277,35.12145233154297,0.0006468128995038569,3.0905375480651855,0.0015243234811350703,1.944700002670288,0.48113080859184265,0.2911752760410309,0.6225534081459045,0.2034742683172226,0.6225534081459045,0.2034742683172226,2145.045444983045,483.6414316121165,2358.7536603738904,285.6888823470081,4956.067376015081,990.6909128241723,19.883925745575088,9.941587260010918,0.008100132457911968,0.010190716944634914,0.01063253439645873,0.06133494277863332,0.14033664112118696,0.17267853936193367,0.19137202203273773,0.07137160748243332,0.08037456798627224,0.042379140617856005,9.430387496948242,74.605224609375,99.38401442307692,hiphop
0.22931590676307678,41.06459045410156,0.004623840097337961,3.8297481536865234,-0.004241463728249073,2.6649343967437744,0.46168428659439087,0.3111300468444824,0.6239784955978394,0.23075151443481445,0.6239784955978394,0.23075151443481445,2677.2014312905194,1001.4425947967763,2337.2949947868146,320.62146697005943,5366.388973227233,1332.9171063377603,20.583243276549904,10.145742089950991,0.014568287879228592,0.019283268600702286,-0.0006503288176929211,0.0603366511215699,0.1531848049892021,0.18355576755335679,0.16548869013786316,0.08454310894012451,0.14572457463263727,0.10307802215489517,7.579815864562988,62.26500701904297,143.5546875,hiphop
4.131893157958984,35.110233306884766,-0.008982235565781593,3.9769673347473145,-0.0019193509360775352,3.1918182373046875,0.43206802010536194,0.3034418225288391,0.6372085213661194,0.22091415524482727,0.6372085213661194,0.22091415524482727,2470.3099575217398,911.2803924485808,2410.202245371045,626.9780757809149,5255.716969076276,1903.8706156660471,18.89889671927091,8.710167855326825,0.02559012733399868,0.04147215932607651,-0.0023813201572309567,0.07148367267809931,0.11830589621472906,0.1560469370282178,0.2258465588092804,0.10862859338521957,0.10013617495649652,0.05665931799701098,13.177852630615234,103.05366516113281,99.38401442307692,hiphop
3.895920991897583,41.88595962524414,0.003940816968679428,3.9524643421173096,0.003472513286396861,2.62711238861084,0.4902496635913849,0.28711551427841187,0.355340838432312,0.27550095319747925,0.355340838432312,0.27550095319747925,2678.1366851461185,683.7100276279999,2262.4928742758884,305.3944415407391,5267.091429814385,1022.275976484823,23.33954932939632,9.557913798669201,0.009436449036002159,0.017630936577916145,0.00542321798639118,0.14008675975019066,0.14601238726169635,0.1740460634063371,0.17585226893424988,0.07527808845043182,0.1080872667730085,0.07583870330118699,7.8041911125183105,82.95397186279297,117.45383522727273,hiphop
6.261691093444824,30.932161331176758,-0.009536253288388252,2.568068504333496,0.000727491220459342,1.6320239305496216,0.43007925152778625,0.29043227434158325,0.5409980416297913,0.227876678109169,0.5409980416297913,0.227876678109169,2405.8304964260956,722.3579184145214,2268.6671782842473,301.0572196168639,4987.576131090487,1151.7439314454184,20.717159913319055,10.231776154280947,0.012310384772717953,0.014790297485888004,0.012192128315695532,0.05314919023279501,0.1958912218623637,0.22402351212153868,0.24181972444057465,0.0732823833823204,0.11971916086620263,0.06388740174691601,13.697100639343262,78.06255340576172,99.38401442307692,hiphop
2.0726635456085205,41.332237243652344,0.0017448317958042026,3.515923500061035,-3.986493175034411e-05,2.120898485183716,0.43952956795692444,0.29433169960975647,0.5173290371894836,0.23481863737106323,0.5173290371894836,0.23481863737106323,2025.649761830973,712.3330583866725,2272.737037431509,381.3512639188785,4603.509054161833,1466.266274850379,20.599181429960716,9.355688414901813,0.007165632210671902,0.012195815332233906,-0.019005787659989122,0.08423088382995744,0.14795321641384368,0.17324653350395394,0.17348304390907288,0.07910357415676117,0.07539659162316319,0.05045244842883275,8.2998628616333,57.929134368896484,99.38401442307692,hiphop
4.520757675170898,32.12680435180664,-0.0029061995446681976,2.1386358737945557,-0.0024673065636307,1.3717834949493408,0.38104769587516785,0.287305623292923,0.5179315209388733,0.2484169751405716,0.5179315209388733,0.2484169751405716,2240.289987222754,500.73247804987716,2193.9809559449823,253.8087751191906,4728.4366050065255,956.9280827004989,21.210882757858716,9.593765629091587,0.009587704204022884,0.009271729737520218,0.017263168707087675,0.10662154028683575,0.18768430549346743,0.21713906465327837,0.1904764026403427,0.05567902699112892,0.10665716538573086,0.03604835229931065,8.505940437316895,49.2657470703125,92.28515625,hiphop
2.4693915843963623,34.42302703857422,-0.014234795235097408,3.5323445796966553,0.003921871539205313,2.487959861755371,0.4308684468269348,0.29202139377593994,0.633543848991394,0.2138122022151947,0.633543848991394,0.2138122022151947,2517.7936351466747,625.2193461689775,2163.294065311931,419.5189990248205,4926.498774198811,1245.4378694782163,19.573379664303662,9.279198202218732,0.017856568098068237,0.025742026045918465,-0.012188234382248206,0.0613741028174091,0.14361186612912072,0.17869554058948423,0.1785447597503662,0.08742047101259232,0.13885955928557617,0.05588510611809847,7.930904865264893,72.40937042236328,103.359375,hiphop
7.331833839416504,32.54360580444336,-0.006924212444573641,2.9345245361328125,-0.0012010737555101514,1.7212233543395996,0.5073395371437073,0.2808733582496643,0.49343496561050415,0.259003221988678,0.49343496561050415,0.259003221988678,2305.154160219727,708.4470628675681,2226.9679384963615,302.83400502842443,4814.935798379495,1153.861548387494,20.75098511279021,10.151845243792021,0.010845585726201534,0.012646064162254333,0.004379653741824311,0.08567268080196323,0.18157493098741864,0.20855007797964342,0.25150632858276367,0.08562212437391281,0.10742489607501933,0.06770191317713657,15.334517478942871,108.17173767089844,107.666015625,hiphop
2.4652674198150635,34.420772552490234,0.002847215160727501,4.1320343017578125,-0.0039666383527219296,2.653726577758789,0.4756115674972534,0.3000631034374237,0.6083237528800964,0.2536005675792694,0.6083237528800964,0.2536005675792694,3460.24289862119,1021.5392730197423,2917.5568063224846,332.88640608346395,7021.890286786841,1316.2349203926283,17.48555793360418,4.46309093521034,0.07172222435474396,0.07193706184625626,0.0023977501332387383,0.06561199115500091,0.14112533239631905,0.17148776525011886,0.16455323994159698,0.07931177318096161,0.17268506904625383,0.10812749230518369,7.214805603027344,77.07433319091797,103.359375,hiphop
-0.5149314999580383,36.71476745605469,-0.0011143181473016739,4.1581339836120605,0.00041982936090789735,2.6782472133636475,0.4280005097389221,0.31044310331344604,0.42161282896995544,0.2722436785697937,0.42161282896995544,0.2722436785697937,2639.343177690068,1040.7884656622593,2632.7060086732495,464.8622314843658,5633.429340662317,1806.7192533767247,17.497668849213028,4.607771691792359,0.041321009397506714,0.06291539967060089,0.012886814397731504,0.1290357881436185,0.15193636818265524,0.17983521469314234,0.13499675691127777,0.042364783585071564,0.10254357665639445,0.08603673052101674,4.462841510772705,28.272613525390625,92.28515625,hiphop
2.549717426300049,31.080848693847656,0.00973457284271717,3.176957845687866,0.00015493977116420865,2.083174705505371,0.37452632188796997,0.30432963371276855,0.46074384450912476,0.25115111470222473,0.46074384450912476,0.25115111470222473,2774.064292349821,928.2718610215107,2700.4561048453725,408.8438258347388,5745.168508011891,1753.2504346348576,17.950678528499008,4.055036535270015,0.04033844545483589,0.048472706228494644,0.029829484378036213,0.1106843437582332,0.19594579966004405,0.22350859994405484,0.15451379120349884,0.03539543226361275,0.11452140129543696,0.06611570392085997,5.323553562164307,29.85768699645996,92.28515625,hiphop
4.190990924835205,27.445966720581055,0.0005693769780918956,3.3812787532806396,-0.001279503689147532,2.3340070247650146,0.4394247531890869,0.3048103153705597,0.40648624300956726,0.24369338154792786,0.40648624300956726,0.24369338154792786,3127.2664007991543,964.83684424865,2853.6647964825183,325.0559279895391,6389.138429974198,1506.3710521473542,17.084771174052083,4.405319327857555,0.05513870343565941,0.06415779888629913,-0.006654419715514698,0.12340261818927194,0.14488796200639373,0.17844488185252583,0.1666378378868103,0.055373482406139374,0.11533292717889908,0.0777271730886799,6.576104640960693,54.488975524902344,123.046875,hiphop
4.902494430541992,18.743648529052734,0.0014529239851981401,2.252887010574341,-0.0014753404539078474,1.6917316913604736,0.5392330288887024,0.2576696574687958,0.672798216342926,0.18952186405658722,0.672798216342926,0.18952186405658722,3725.230349312218,525.4657691764157,3205.3230898123174,197.10710736443295,7642.421897658062,633.3807981300768,14.980182081526094,3.8471237515312176,0.09280453622341156,0.0490051694214344,0.006211826767417592,0.040358648571468564,0.14661696916788813,0.1785830663510225,0.1939087212085724,0.029480179771780968,0.172685781008314,0.04801867438059602,8.059075355529785,42.776641845703125,89.10290948275862,hiphop
5.425558090209961,20.564863204956055,0.012847639620304108,2.4831485748291016,0.005601358599960804,1.6502865552902222,0.47984579205513,0.28648877143859863,0.5931386947631836,0.23458416759967804,0.5931386947631836,0.23458416759967804,3084.823804546642,744.9798253617553,2970.61795564429,321.4135097670433,6779.025674825852,1469.9677101374848,17.242478886807383,4.111650223527772,0.06675584614276886,0.06581228226423264,-0.014547488291633692,0.0672449222991866,0.18378167244473195,0.2141217859555221,0.21307457983493805,0.05987829715013504,0.13644361938854488,0.0803616944853105,10.518362998962402,76.40361785888672,99.38401442307692,hiphop
2.755725145339966,44.86766052246094,0.008430050686001778,3.877500534057617,-0.002769411075860262,2.436613082885742,0.4753303825855255,0.29700881242752075,0.595964252948761,0.23703543841838837,0.595964252948761,0.23703543841838837,2145.890945678912,975.1660857035462,2441.669949507938,487.38441823122196,4529.893202670785,2002.021185381441,16.426227462644576,4.142939504136408,0.026485703885555267,0.047129131853580475,-0.002397330506350362,0.06082701770964806,0.14032944860308008,0.17240258018493335,0.1344866305589676,0.07220633327960968,0.07872191436531008,0.06621472635301993,5.37123966217041,53.09161376953125,99.38401442307692,hiphop
5.451707363128662,24.163982391357422,-0.006332721561193466,2.9275150299072266,-0.00024437287356704473,1.8995782136917114,0.4997163712978363,0.27997276186943054,0.5260758399963379,0.2747000753879547,0.5260758399963379,0.2747000753879547,2987.6879685185945,914.2033000707454,2731.835588346538,434.7418035137739,6169.817589393029,1622.344128595659,17.279432683696022,4.084343554990115,0.054582200944423676,0.05873900651931763,0.003022660234160673,0.12392656887327458,0.18205638421936676,0.21798622046269917,0.214060440659523,0.05553431808948517,0.15281550480769232,0.08802436292501786,10.163185119628906,62.9432373046875,95.703125,hiphop
6.774735927581787,17.235395431518555,0.0007439672481268644,2.301853895187378,0.0002403566613793373,1.4843217134475708,0.47114071249961853,0.28594982624053955,0.5330179333686829,0.2459557205438614,0.5330179333686829,0.2459557205438614,3191.9170162946484,507.9133819744733,2735.4354317870484,228.85123658405158,6355.537277747845,869.3656087086298,15.899627196219608,3.6526932191689987,0.08512686938047409,0.055104371160268784,-0.003038452118004032,0.07918928358003516,0.20712072079363897,0.23260420664001918,0.2274475395679474,0.052990514785051346,0.1693078753591954,0.056913537081424756,10.675442695617676,56.053794860839844,198.76802884615384,hiphop
4.5014190673828125,33.33935546875,0.0016370204975828528,3.6026718616485596,0.0020030923187732697,2.453030824661255,0.5295126438140869,0.2920050024986267,0.447449266910553,0.2534252107143402,0.447449266910553,0.2534252107143402,2827.4503871683432,1051.5775187416575,2834.132127972592,408.3466068384376,6197.057852909483,1714.6703915513567,16.914395738183927,4.00404698810751,0.04802204668521881,0.0697537213563919,0.004803910863906071,0.08690660146666454,0.16553710713983308,0.1884353172405362,0.1919010728597641,0.09200764447450638,0.103432186901341,0.0946060914924631,10.372367858886719,105.41265869140625,143.5546875,hiphop
-3.371363639831543,63.95953369140625,0.019648363813757896,4.936267375946045,-0.004130989778786898,2.6503703594207764,0.5177562236785889,0.2818922698497772,0.4319732189178467,0.2913607060909271,0.4319732189178467,0.2913607060909271,2967.147962166956,1204.463308110392,2556.787096748755,556.6272937767518,5804.4461891867895,1903.2989455335016,17.604416310860227,5.264319442024976,0.06902386993169785,0.12484142929315567,3.945111902816566e-05,0.12460876383626442,0.1118402788678423,0.1516612349947888,0.08996205031871796,0.06387290358543396,0.12188535748106061,0.10067705266522396,2.454517364501953,27.644258499145508,117.45383522727273,hiphop
-5.407212734222412,33.974239349365234,0.006935399491339922,4.615877628326416,-0.006728505250066519,2.940877914428711,0.40916329622268677,0.31305769085884094,0.5504758954048157,0.25690147280693054,0.5504758954048157,0.25690147280693054,3785.438539628473,1317.2488526495774,2835.096618166119,546.5478832946924,7074.1874001242895,2011.077881549132,17.509371836169368,4.666641204005313,0.11839275062084198,0.1238480880856514,0.013768436086946218,0.11695643615608059,0.13840675434864758,0.1733656694222898,0.15857546031475067,0.13022273778915405,0.21422600023674243,0.12122434224622954,8.98080062866211,161.97482299804688,143.5546875,hiphop
2.093662977218628,41.37373352050781,0.01432832982391119,3.680884599685669,0.00017012252646964043,2.318089246749878,0.3983515501022339,0.3084448575973511,0.45650485157966614,0.26146814227104187,0.45650485157966614,0.26146814227104187,2208.65791984026,859.7835181857521,2215.035483517546,769.8818498036173,4416.6801868785515,1821.5385198562342,17.432167073213623,4.274029506625897,0.11177744716405869,0.27521657943725586,0.014957240052168207,0.11109180515998415,0.12722912392993146,0.16636803078576956,0.26985010504722595,0.13799194991588593,0.09738436612215909,0.05132113369328526,19.510719299316406,137.0540313720703,184.5703125,hiphop
-0.35516950488090515,42.45934295654297,0.03482363745570183,4.580019950866699,-0.0015759696252644062,2.751358985900879,0.3927870988845825,0.31872260570526123,0.5351199507713318,0.26144158840179443,0.5351199507713318,0.26144158840179443,2693.217660121341,1249.8457298627952,2937.7648619296024,521.083255490692,5976.55684037642,2339.7068270362415,18.549319239400216,5.196514705763229,0.04049338772892952,0.07648167014122009,0.020588957341537234,0.09889089018468773,0.1472814315701606,0.18126573802158927,0.18449507653713226,0.09517242759466171,0.11156375769412878,0.10496262173978997,9.759379386901855,70.07394409179688,184.5703125,hiphop
-1.8803660869598389,55.00402069091797,0.025580238550901413,3.559581995010376,-0.0032356686424463987,2.0303194522857666,0.3457697629928589,0.3069301247596741,0.4571834206581116,0.291483074426651,0.4571834206581116,0.291483074426651,2457.2400884546137,1448.8307192037723,2790.1561300248936,708.2963873632351,5319.8186146129265,2874.5513581409236,20.131932652848125,5.414797763253288,0.02275613695383072,0.0585004948079586,-0.04012396023074117,0.16291565599016283,0.14959936939330823,0.18050213268743803,0.13083651661872864,0.10354522615671158,0.10350008877840909,0.11644670301687621,6.3877716064453125,87.59161376953125,80.74951171875,hiphop
2.004673480987549,31.67633056640625,0.01983792707324028,3.5201313495635986,-0.00720437616109848,2.1385977268218994,0.4254281520843506,0.302593469619751,0.5285856127738953,0.24932853877544403,0.5285856127738953,0.24932853877544403,2702.6536727978196,838.1176934296899,2666.6033742419754,391.5887110169607,5555.2972412109375,1571.2675433799322,17.831896492228527,4.660432052854387,0.05057155713438988,0.07382534444332123,-0.0074046555117121176,0.08588628718905585,0.17459003222309571,0.19998624935936585,0.18691296875476837,0.10686972737312317,0.11936627012310606,0.06715995931954685,10.26996898651123,119.14734649658203,92.28515625,hiphop
5.399186134338379,30.109161376953125,0.01821347512304783,3.6472830772399902,-0.006055958103388548,2.329528570175171,0.44941142201423645,0.30072149634361267,0.3714278042316437,0.25885921716690063,0.3714278042316437,0.25885921716690063,2896.950312515822,991.4331475261504,2759.680802283589,387.83616993530364,6007.0540549538355,1579.5167839410635,18.973016814240797,4.985822751196748,0.037005048245191574,0.05721031501889229,-0.004205967017742728,0.16576455501929555,0.1800161181103496,0.206379160588345,0.24915486574172974,0.09081991016864777,0.10171046401515152,0.07521490411595938,15.216737747192383,136.9741973876953,92.28515625,hiphop
3.579974889755249,48.25283432006836,0.0190958920866251,3.8327183723449707,-0.004092628136277199,2.466273069381714,0.4446573257446289,0.2993648946285248,0.4981861412525177,0.25595101714134216,0.4981861412525177,0.25595101714134216,1846.32383638541,956.6925490337728,2233.069353886014,682.8757338469331,3875.1690673828125,2217.4207656007616,18.32851901331765,4.313388559343645,0.01712297834455967,0.04300513118505478,0.013378102418732623,0.13523293309373757,0.14382212368857442,0.1756096047374473,0.1363637000322342,0.08918783068656921,0.061756110913825754,0.03941950854489474,6.166951656341553,76.3963623046875,89.10290948275862,hiphop
-11.282330513000488,67.6812744140625,0.018490074202418327,3.7461559772491455,-0.006011493969708681,2.2029590606689453,0.3543635904788971,0.2993119955062866,0.4091210663318634,0.28169992566108704,0.4091210663318634,0.28169992566108704,2507.355264123504,1087.6143734001273,2322.7197548637637,527.2507918918495,4457.421985973011,2012.3591505664049,19.380166923851906,4.870739241629076,0.0335882231593132,0.06316068023443222,0.028399485223870806,0.18077321454779913,0.15507522279705696,0.18518614859303464,0.03917303308844566,0.032842494547367096,0.1407455906723485,0.0933106439379873,0.5551930069923401,7.524260520935059,117.45383522727273,hiphop
-0.35516950488090515,42.45934295654297,0.03482363745570183,4.580019950866699,-0.0015759696252644062,2.751358985900879,0.3927870988845825,0.31872260570526123,0.5351199507713318,0.26144158840179443,0.5351199507713318,0.26144158840179443,2693.217660121341,1249.8457298627952,2937.7648619296024,521.083255490692,5976.55684037642,2339.7068270362415,18.549319239400216,5.196514705763229,0.04049338772892952,0.07648167014122009,0.020588957341537234,0.09889089018468773,0.1472814315701606,0.18126573802158927,0.18449507653713226,0.09517242759466171,0.11156375769412878,0.10496262173978997,9.759379386901855,70.07394409179688,184.5703125,hiphop
4.231844425201416,33.646827697753906,0.0003340912517160177,3.9020299911499023,-0.0029181584250181913,2.736640453338623,0.49239304661750793,0.28817570209503174,0.6206421256065369,0.2287595570087433,0.6206421256065369,0.2287595570087433,2306.891059607127,950.3314420714302,2601.303368421397,453.5978844932489,5000.432768996519,1927.8863045695664,17.36625048930961,4.858168626383971,0.04015317186713219,0.06440918147563934,-0.005488728569474932,0.07856368524247864,0.1299124914611611,0.162727960959436,0.22798368334770203,0.13398140668869019,0.09147097653228925,0.06353049917881837,16.071226119995117,148.8345184326172,95.703125,hiphop
4.799010753631592,29.494577407836914,-0.003339976305142045,3.8972232341766357,-0.0015465774340555072,2.335134506225586,0.44941630959510803,0.30809909105300903,0.5293937921524048,0.25494521856307983,0.5293937921524048,0.25494521856307983,3235.5558089909523,1133.4749052209675,3272.0505859825503,388.43751477241534,7337.784528621664,1633.1893585784842,17.66361509471349,5.860546739122026,0.05429503321647644,0.07681479305028915,0.011396021041016486,0.08247315254540755,0.14003931046130944,0.16969514599185528,0.24700374901294708,0.12088747322559357,0.10929758495262955,0.09606759044043267,17.238752365112305,158.35150146484375,95.703125,hiphop
3.740889549255371,37.588775634765625,0.015059559606015682,3.7572004795074463,0.0033674631267786026,2.386474132537842,0.4165361821651459,0.29828575253486633,0.5267112851142883,0.24213643372058868,0.5267112851142883,0.24213643372058868,2345.299206046104,926.1070339516672,2682.1388436073366,529.0919818586949,5395.29142800174,1910.4336482492015,16.69378501335018,4.837918389284333,0.029704824090003967,0.0383116751909256,0.018891884338831457,0.09482472263941098,0.13428387958781896,0.16572546390638124,0.23028026521205902,0.11143673956394196,0.07751058886794276,0.048889059302779245,14.946127891540527,126.16889953613281,95.703125,hiphop
6.5462846755981445,25.079559326171875,-0.0014550435589626431,3.2715508937835693,-0.0008355222526006401,2.256505250930786,0.48404431343078613,0.29175448417663574,0.571182131767273,0.2319970726966858,0.571182131767273,0.2319970726966858,3085.556031555025,792.4863327673035,3055.7315724614145,311.8795543400357,6683.5781725819315,1186.8454387979746,18.214201553015716,5.782257927041096,0.039442531764507294,0.03859758749604225,0.024080352902075372,0.0695022677092541,0.14978859079290896,0.17613852030166488,0.2887090742588043,0.07715600728988647,0.10873717553654293,0.05843932174833994,19.987607955932617,142.65260314941406,129.19921875,hiphop
4.878704071044922,42.375404357910156,0.005838202778249979,4.268674850463867,-0.0015490305377170444,2.614938735961914,0.42697060108184814,0.3097411096096039,0.4740511178970337,0.25894662737846375,0.4740511178970337,0.25894662737846375,1683.4272327515525,805.5348845884266,2427.648677691674,591.1765426805576,3618.5440382105567,2192.449117248889,18.41449918568816,5.49921989185205,0.009816812351346016,0.021341178566217422,-0.018760489520050848,0.11584746361239474,0.14398590156287813,0.1732723836080956,0.2736722230911255,0.10284620523452759,0.04243024337780356,0.03100158934275533,20.00697898864746,168.2861785888672,99.38401442307692,hiphop
4.221188545227051,34.335819244384766,0.002678314223885536,4.161445140838623,-0.0012222736841067672,2.464864730834961,0.39349403977394104,0.30581650137901306,0.4855895936489105,0.25597643852233887,0.4855895936489105,0.25597643852233887,2500.467553526264,1115.729408912174,2578.186263714857,472.75387427594774,5294.528361097013,1915.9649314949663,18.542803147245174,5.241831243744592,0.03198762610554695,0.05452542379498482,0.021073033883241356,0.09589375258818045,0.13607195817466664,0.1631775862843997,0.24395056068897247,0.08709494769573212,0.09950325973994587,0.0866613397694424,14.724557876586914,105.19335174560547,103.359375,hiphop
2.3913276195526123,43.453731536865234,0.001638404792174697,3.5750885009765625,0.0003822533180937171,2.5279154777526855,0.4612351655960083,0.29940059781074524,0.5416066646575928,0.25095388293266296,0.5416066646575928,0.25095388293266296,2595.994967867747,1171.7208188720292,2881.8281456296077,488.1823459863592,5859.520974568591,2127.4198745001645,17.712612345190642,5.790219359797104,0.03233249485492706,0.04116291552782059,0.0069144822179779426,0.07988037874260882,0.11497913544066246,0.16211898994426993,0.1099744439125061,0.040225863456726074,0.08233033642691415,0.06505187097822487,3.1131300926208496,22.70882225036621,103.359375,hiphop
3.004178762435913,43.76665496826172,0.002169498708099127,4.401863098144531,0.00031684880377724767,2.854191541671753,0.5067461133003235,0.2899288237094879,0.6689809560775757,0.18365070223808289,0.6689809560775757,0.18365070223808289,3079.2339737601815,1147.2115857340193,3220.9111449688935,490.5155192809377,7003.6118651210845,2136.2633255053775,17.752715208853243,5.950119069487869,0.05181876942515373,0.06626340746879578,-0.0036360855524140753,0.052577037259509365,0.1034713593279018,0.13939837400063845,0.10891520977020264,0.03739705681800842,0.10707709481341841,0.07017391101333255,2.99245548248291,20.105985641479492,107.666015625,hiphop
2.877013921737671,33.33150863647461,-0.0022623948752880096,3.399613857269287,0.00029234899557195604,2.2342770099639893,0.4470779597759247,0.30289703607559204,0.5861261487007141,0.2206740528345108,0.5861261487007141,0.2206740528345108,3258.307248271105,915.1346241109276,3321.339011000736,337.11805300966313,7619.44815155525,1314.563415865876,17.493491789063306,5.735927101953624,0.06035444512963295,0.06307198852300644,0.0128857180550775,0.061895938217536715,0.1412096113034567,0.17459076808828894,0.12414033710956573,0.04309026151895523,0.1262363749516628,0.07739314596591686,3.8594720363616943,24.477310180664062,112.34714673913044,hiphop
1.0048953294754028,47.46329879760742,-0.0008820136426948011,3.1565725803375244,-0.0004585307033266872,2.146440029144287,0.39055606722831726,0.31199535727500916,0.44581449031829834,0.2657540738582611,0.44581449031829834,0.2657540738582611,1735.1780888053472,724.595750664848,2055.9282768952953,380.6433863974288,3552.329022259281,1382.6469677758091,19.83752731238064,5.0361657627863865,0.01479083951562643,0.03140472620725632,-0.009512649735997572,0.12018167221801059,0.1195808210622615,0.14875693495604966,0.1337241381406784,0.0700412392616272,0.0724604843387471,0.05482722505777925,5.281660079956055,42.557884216308594,107.666015625,hiphop
4.664917469024658,34.23851013183594,-0.001558332471176982,3.306126356124878,0.0024505581241101027,2.2602741718292236,0.49160701036453247,0.2946496605873108,0.4621029496192932,0.2362598329782486,0.4621029496192932,0.2362598329782486,2355.838782301562,595.9212358121489,2497.0585103955036,335.75233837744014,5177.219867042489,1121.763599207986,17.950546037195192,5.123070954699729,0.019679905846714973,0.02166537195444107,-0.011382003620899925,0.1095345046501387,0.11948078537118406,0.15178714949347846,0.16656048595905304,0.041814401745796204,0.07014558560518175,0.03324576171934772,6.6758809089660645,49.9984130859375,99.38401442307692,hiphop
5.375027179718018,38.78482437133789,-0.0008897812222130597,3.2887866497039795,-0.00023217499256134033,2.0425596237182617,0.4006756544113159,0.31126123666763306,0.46614205837249756,0.240964874625206,0.46614205837249756,0.240964874625206,1811.510320100113,642.7394937666614,2279.639247744241,328.3941514745783,3890.7900073412125,1325.1242224686885,17.390957171308738,5.307471723630489,0.012661105953156948,0.01935426890850067,0.03138324115263028,0.07911731662062929,0.14619679700402,0.17155246923214293,0.2247038036584854,0.06415780633687973,0.051442110160479504,0.03852605817337673,12.677631378173828,111.48509979248047,89.10290948275862,hiphop
0.2017432004213333,36.593204498291016,0.0012089055962860584,4.0666279792785645,0.001982287270948291,2.5710394382476807,0.5062040686607361,0.2847580313682556,0.6400977373123169,0.2225925475358963,0.6400977373123169,0.2225925475358963,2677.746993460678,982.3104774922257,2414.5620817860026,358.459447346882,5211.751264319895,1414.624155575255,16.737375587376686,4.795779579708831,0.05557803437113762,0.07034480571746826,0.00896616645776261,0.06165468317436706,0.12745272288442513,0.15584743741313742,0.13038359582424164,0.06641263514757156,0.13613681542440062,0.09677920438461136,4.627604007720947,43.301368713378906,172.265625,hiphop
3.718477487564087,42.42161560058594,-0.0016147051937878132,3.566710948944092,-0.00021412422938738018,2.319307804107666,0.49971136450767517,0.27958613634109497,0.5967733860015869,0.2246849238872528,0.5967733860015869,0.2246849238872528,1949.4353476261645,808.4374703865801,2286.594892043858,528.6251766216775,4219.933260676479,1737.0082775052638,17.555093799000385,4.963719414648816,0.013832638040184975,0.02179037779569626,0.0003765113270055978,0.06438089487890039,0.13699894012358158,0.16600096793864144,0.15123578906059265,0.05191580578684807,0.06298488254060325,0.044138665889119126,5.866915702819824,44.14545440673828,92.28515625,hiphop
3.417257070541382,47.1900749206543,-0.0008285755757242441,4.405449867248535,-0.0013674338115379214,2.6139822006225586,0.439607709646225,0.321512371301651,0.4233495593070984,0.2550513744354248,0.4233495593070984,0.2550513744354248,1717.3394378748421,588.0645014271219,2052.4764667682657,360.83944448046685,3685.6916600203017,1185.268481008839,18.07788239345395,5.520171259437882,0.00784215610474348,0.014493526890873909,-0.04039511041567883,0.14156293686942997,0.1301948159082976,0.15794643745633535,0.18021424114704132,0.0627075582742691,0.053872942647911835,0.046785920829148724,8.4292573928833,75.91313171386719,184.5703125,hiphop
3.9330484867095947,41.25177764892578,0.00701867463067174,3.482748031616211,0.00010185309656662866,2.3057703971862793,0.47355225682258606,0.28079235553741455,0.5450756549835205,0.2313648909330368,0.5450756549835205,0.2313648909330368,1811.681664691942,570.5215710508459,2201.181650414098,343.84516627281414,3806.439138177929,1234.5552939523207,19.010990976131207,4.8988778447726835,0.011341668665409088,0.02153817191720009,0.01173850170796528,0.06462246647074268,0.1490521865085296,0.17712273130974476,0.15556879341602325,0.05664321407675743,0.0673042645494973,0.03846521411106616,6.217432975769043,45.63577651977539,184.5703125,hiphop
-0.016713248565793037,46.193885803222656,0.00018647847173269838,6.339269638061523,0.003483956214040518,3.6981027126312256,0.4718650281429291,0.30779823660850525,0.509082555770874,0.2629234194755554,0.509082555770874,0.2629234194755554,2448.908553270967,1319.1634051533829,2508.0552309058653,574.6468187054725,4929.937758301914,2408.1028392026296,17.962597808497012,5.42678262866562,0.047962263226509094,0.0785425528883934,-0.002368283268928404,0.1058243855829872,0.13106844270207846,0.16425586599576422,0.19083651900291443,0.14560875296592712,0.1095162352571539,0.09894712026808745,13.144288063049316,156.03370666503906,92.28515625,hiphop
-1.2081650495529175,36.19443130493164,-0.013547507114708424,4.551728248596191,-0.0041132038459181786,2.6691484451293945,0.44560667872428894,0.3031296133995056,0.5417003035545349,0.2633529007434845,0.5417003035545349,0.2633529007434845,2671.1443441180336,1115.6163763573259,2494.6900227127685,507.7856598211791,5320.449807859629,1886.8275993064562,18.28154404313051,5.022403214058648,0.05287770554423332,0.07702621817588806,-0.0146056005841005,0.08139214613180736,0.16148150160877647,0.1879024705591689,0.18605242669582367,0.13191665709018707,0.1221979529195669,0.08561977234291344,11.426777839660645,139.0888214111328,92.28515625,hiphop
2.2489356994628906,32.891963958740234,-0.001955064246430993,3.5491244792938232,-0.0018310723826289177,2.4799869060516357,0.40821313858032227,0.3200738728046417,0.6143640279769897,0.23992708325386047,0.6143640279769897,0.23992708325386047,2429.7567970045075,814.8904651118124,2575.167652629,368.31224647523607,5273.794534422129,1322.0910055166585,18.401440897667463,5.709071576176459,0.02711368165910244,0.0414125956594944,-0.002731331437909157,0.09581389977862995,0.14543313458298876,0.17435137860879207,0.23593708872795105,0.11898811906576157,0.07979187814191802,0.06009028922770978,15.928277015686035,173.125732421875,86.1328125,hiphop
1.5329238176345825,45.90272521972656,0.006373950280249119,5.140571594238281,-0.0008769926498644054,3.259035110473633,0.41758766770362854,0.31786003708839417,0.5607694387435913,0.25900089740753174,0.5607694387435913,0.25900089740753174,2447.017199907088,1384.5846594965103,2779.59821443409,530.0478221025045,5314.679309110354,2565.7100114262203,17.545171477800768,5.334040766103876,0.03972788155078888,0.07242009043693542,-0.008182029788110123,0.11176437725609495,0.11148019691443757,0.14522006670931026,0.20691244304180145,0.13697361946105957,0.0885514851604795,0.09530743000483881,14.268980026245117,134.69020080566406,95.703125,hiphop
0.679872989654541,40.692989349365234,-0.012476066127419472,4.5852508544921875,-0.004353000782430172,2.778069019317627,0.40981027483940125,0.30708256363868713,0.4459648132324219,0.28111279010772705,0.4459648132324219,0.28111279010772705,2245.0676185562293,868.1121161333616,2484.0931602339115,409.98516484745033,4816.043267836427,1653.6303207881447,17.984611512793872,5.211704342720155,0.028572572395205498,0.04074108600616455,-0.009335602394767068,0.1157552341763816,0.10567848543568155,0.13842504493401014,0.18972842395305634,0.12279179692268372,0.07937459215487239,0.059274883855656615,11.66819953918457,121.0464859008789,92.28515625,hiphop
2.8579094409942627,28.997331619262695,0.006179225631058216,3.6438515186309814,0.006165964063256979,2.2522189617156982,0.498336523771286,0.2923334538936615,0.5417782664299011,0.2617177665233612,0.5417782664299011,0.2617177665233612,3053.843913876579,1070.7041766796565,3025.0175849524644,439.74006451170237,6668.173522241154,1866.2659169305507,17.433356116350872,5.031487088173441,0.07231206446886063,0.09478788822889328,0.008379891927281552,0.07459839709895935,0.14283867464032232,0.1722052012259382,0.21794207394123077,0.13905951380729675,0.12687080070572312,0.09865254962852485,15.221080780029297,163.43008422851562,95.703125,hiphop
3.1901872158050537,31.934633255004883,-0.002285334747284651,4.109776973724365,-0.002077839570119977,2.5951859951019287,0.42210543155670166,0.2977208197116852,0.5505421161651611,0.23127467930316925,0.5505421161651611,0.23127467930316925,2544.7011695771357,849.1662495627145,2747.9991393027904,391.360096414502,5683.4499845925175,1568.6946227024282,16.970511950848877,4.7430804807874285,0.03886503353714943,0.04654935747385025,0.006767538948013181,0.08019537659903797,0.1277626694939296,0.15728035109947727,0.2287188619375229,0.10945246368646622,0.0956740471529389,0.05485363002406183,14.520514488220215,124.57879638671875,95.703125,hiphop
6.032684803009033,28.22747039794922,-0.0009779244428500533,3.7263660430908203,0.0008169687353074551,2.3265881538391113,0.489504337310791,0.298464834690094,0.589313805103302,0.23283275961875916,0.589313805103302,0.23283275961875916,3297.9029244411563,998.7972439990737,3138.9490189367016,293.90129414319205,7079.552627882105,1204.6047274332686,18.173710092657718,5.845802376000581,0.046457160264253616,0.05300574004650116,0.016920055411532454,0.06498091696236123,0.14754463426095454,0.1720977439509473,0.27175092697143555,0.08284340798854828,0.12088227474864656,0.08408429148117752,17.961275100708008,127.4877700805664,129.19921875,hiphop
6.10487174987793,35.30410385131836,0.0012261423980817199,4.143690586090088,-0.0014436981873586774,2.5220186710357666,0.4309188723564148,0.29856520891189575,0.4394025504589081,0.2510684132575989,0.4394025504589081,0.2510684132575989,2500.4618224971823,1114.9569889239385,3049.2102835032524,566.5877609772491,6026.957033515806,2499.016185701919,18.075849965454502,5.698119677182934,0.02572103962302208,0.045817188918590546,-0.016480147213826908,0.11759965398912853,0.11976246256529163,0.15549351201047365,0.2787717282772064,0.0746413916349411,0.06922378008990719,0.05538047004328007,19.150991439819336,119.7309799194336,95.703125,hiphop
3.698026657104492,30.175207138061523,-0.004669222515076399,3.2334301471710205,-0.0003916455607395619,2.0471763610839844,0.4037577509880066,0.3155544400215149,0.4427067041397095,0.26326003670692444,0.4427067041397095,0.26326003670692444,3185.160631320678,1155.8437079518358,3285.5638334884216,340.15134696428373,7471.421952037413,1506.8210745279723,18.657884427565854,6.008246958753425,0.04147849231958389,0.06637806445360184,-0.004524771896822429,0.11843595244275067,0.1491338420014818,0.17652128178251544,0.24696117639541626,0.09063152223825455,0.1075113743474478,0.09978959121770888,15.87161636352539,108.14412689208984,95.703125,hiphop
4.365087509155273,41.78644561767578,-0.011944884434342384,4.155455112457275,-0.0012536401627585292,2.4715073108673096,0.4379986524581909,0.30775681138038635,0.5083954930305481,0.2512189745903015,0.5083954930305481,0.2512189745903015,1821.46331961173,863.2332774006611,2522.0395257494642,556.4185460202963,4003.2772621809745,2190.248400596251,18.193651414667322,5.487944580055455,0.013421314768493176,0.02831123396754265,-0.013192235636658821,0.10611943086054544,0.14859051951794325,0.17966871732525413,0.25277790427207947,0.11684336513280869,0.051527455529775716,0.043239041828619915,18.1549015045166,166.81317138671875,99.38401442307692,hiphop
3.8310651779174805,35.15461349487305,-0.0024086066987365484,3.9920365810394287,-0.0011870750458911061,2.380594491958618,0.4225294888019562,0.3024042546749115,0.528323769569397,0.25376659631729126,0.528323769569397,0.25376659631729126,2566.9254687003345,1200.8406423854963,2942.488198790913,492.3472881441164,5932.106021606729,2151.910868060872,17.46457918376453,5.374390529434479,0.031188592314720154,0.05444905534386635,0.0076028258580926504,0.09359026258321625,0.14189042565018847,0.1716058696506511,0.300260066986084,0.11815931648015976,0.08562104239172467,0.09633430266588819,24.18016815185547,168.29701232910156,92.28515625,hiphop
4.328813076019287,30.455486297607422,-0.011310934089124203,3.3326778411865234,-0.002030000789090991,2.1539251804351807,0.47391679883003235,0.289834588766098,0.47651880979537964,0.2585850954055786,0.47651880979537964,0.2585850954055786,2774.785858823798,852.3757901797861,2712.4689217879163,342.3729636435231,5968.685821037558,1245.7374695908454,17.55796010928175,5.544295921910517,0.04358212277293205,0.044364769011735916,0.014191308066629538,0.09964271321587936,0.13302514661647383,0.1609072081631986,0.20822197198867798,0.10174480825662613,0.11074241408062645,0.06855857621650953,11.970690727233887,125.47023010253906,99.38401442307692,hiphop
1.090543270111084,33.713401794433594,0.00159178557805717,4.353100776672363,0.002791122766211629,2.6504578590393066,0.4511270821094513,0.3110271692276001,0.5301744341850281,0.25558802485466003,0.5301744341850281,0.25558802485466003,3140.9185615263345,1334.9459378377276,2849.9481075881176,369.9359694341432,6336.75704212587,1830.9712293612104,17.93249988037069,5.2680737271304,0.07667592912912369,0.10409555584192276,0.021092896653306752,0.08016118966176063,0.1643678517717252,0.18861510445692878,0.19159333407878876,0.12249771505594254,0.14681442744586234,0.1298894374165039,11.531352996826172,131.8186798095703,92.28515625,hiphop
0.1738479882478714,40.58845520019531,-0.01023879274725914,5.157912254333496,0.0038523811381310225,3.0750927925109863,0.42490169405937195,0.31291264295578003,0.4752999544143677,0.2660690248012543,0.4752999544143677,0.2660690248012543,2328.52633694279,1136.9840128869075,2627.5253121218893,608.907008085588,4935.3418761782195,2412.5241372523683,17.55194250839021,4.731924159926796,0.043775588274002075,0.08067862689495087,0.008503695320973533,0.09621634758673461,0.14267021784759054,0.16818336179764531,0.2371012568473816,0.1664462387561798,0.09665249782482599,0.0907016801486296,19.41927719116211,236.2783203125,95.703125,hiphop
2.741126537322998,25.87258529663086,0.010554957203567028,3.4033308029174805,0.0017732396954670548,2.2052910327911377,0.4611206352710724,0.29553160071372986,0.5893955230712891,0.2682247757911682,0.5893955230712891,0.2682247757911682,2987.5950110584854,973.081523559745,2900.287043266731,468.6777319820435,6404.82061611804,1892.5842331088356,17.09392013057675,4.575582848315744,0.06897781044244766,0.07799622416496277,0.03599386648675183,0.10272821756772886,0.15639628807636732,0.18292854444006584,0.23840558528900146,0.0848492980003357,0.1376235619682908,0.07938284300098632,13.53637409210205,101.89352416992188,117.45383522727273,hiphop
0.1738479882478714,40.58845520019531,-0.01023879274725914,5.157912254333496,0.0038523811381310225,3.0750927925109863,0.42490169405937195,0.31291264295578003,0.4752999544143677,0.2660690248012543,0.4752999544143677,0.2660690248012543,2328.52633694279,1136.9840128869075,2627.5253121218893,608.907008085588,4935.3418761782195,2412.5241372523683,17.55194250839021,4.731924159926796,0.043775588274002075,0.08067862689495087,0.008503695320973533,0.09621634758673461,0.14267021784759054,0.16818336179764531,0.2371012568473816,0.1664462387561798,0.09665249782482599,0.0907016801486296,19.41927719116211,236.2783203125,95.703125,hiphop
-0.6410312652587891,35.168052673339844,0.008136664517223835,4.897557258605957,-0.00416569272056222,3.1221845149993896,0.4274080693721771,0.3024815022945404,0.5835227370262146,0.24347978830337524,0.5835227370262146,0.24347978830337524,3212.057081839573,1188.319385820112,2833.5391106656207,576.2919871111608,6310.635751250725,2323.4646122260788,17.293493590143704,4.861979309597064,0.08492385596036911,0.0929938480257988,-0.015980055230040032,0.09207521567416446,0.14335697155056723,0.17371071592596418,0.15472176671028137,0.0687209814786911,0.17229266362142304,0.09909341184737541,5.663920879364014,36.95521545410156,103.359375,hiphop
1.9358848333358765,24.661834716796875,0.006796792149543762,2.9413464069366455,-0.00016823611804284155,2.088625192642212,0.4037266671657562,0.31230247020721436,0.5180164575576782,0.2459488958120346,0.5180164575576782,0.2459488958120346,3377.550728575826,905.2109078535335,2996.999028063944,369.4507704803745,6893.697603230134,1500.1023503010515,17.108875724458766,4.590034930852078,0.07904628664255142,0.07649706304073334,-0.007501743120998035,0.07705988221993255,0.18259701155572783,0.20745539988933817,0.14131808280944824,0.025490092113614082,0.15493130075406034,0.08521634789324108,4.2109222412109375,21.36333656311035,95.703125,hiphop
0.20640257000923157,60.30589294433594,-0.007277088705450296,3.797708511352539,0.0005496007506735623,2.327601671218872,0.5207126140594482,0.2934858500957489,0.6549095511436462,0.23119492828845978,0.6549095511436462,0.23119492828845978,1470.2938674326106,596.0787200484168,1954.8448319946947,424.7012237146796,3279.0005641857597,1626.868629653893,19.45909949170961,8.094759227696548,0.0033817386720329523,0.004833131097257137,-0.008485898277300783,0.08725617510335187,0.12263507211344156,0.15306850835056926,0.08635041862726212,0.05821797996759415,0.05182163270978345,0.03408489095586826,2.5301172733306885,31.29279136657715,103.359375,hiphop
2.09533429145813,40.24765396118164,-0.008147313259541988,2.3515188694000244,-0.0016291654901579022,1.5911856889724731,0.5036309957504272,0.28833678364753723,0.5386500954627991,0.2360270917415619,0.5386500954627991,0.2360270917415619,2290.9396470333063,619.1208546194597,2181.5663392997676,242.76690856691164,4820.264974713602,940.8207057922941,19.579161660033574,9.00789000183492,0.013079646974802017,0.014749199151992798,-0.010936386489951322,0.06482511381409696,0.20114237285044073,0.23067489042994974,0.1022416278719902,0.046151548624038696,0.11330995021268368,0.06973221675432668,2.8358330726623535,27.544321060180664,107.666015625,hiphop
1.238844633102417,40.13278579711914,-0.0024948022328317165,2.7374746799468994,-0.00481528602540493,1.8720433712005615,0.44784292578697205,0.292153924703598,0.4842836260795593,0.264573872089386,0.4842836260795593,0.264573872089386,2367.639173778173,559.9351788451287,2302.8831942477177,260.72245574246733,5016.46193218895,1028.7099844067739,20.695467277697702,9.244637620800638,0.011665895581245422,0.012219582684338093,-0.009325500424992327,0.09690002861695858,0.1850595820902655,0.21244640625611366,0.11062056571245193,0.05202511325478554,0.11083682267498067,0.05947786884946539,3.2778279781341553,30.634321212768555,103.359375,hiphop
-4.367804050445557,58.79955291748047,-0.0008056814549490809,3.7814407348632812,0.0007275720126926899,2.33660888671875,0.5132845640182495,0.2887023985385895,0.5352898240089417,0.2687780261039734,0.5352898240089417,0.2687780261039734,2044.2141770246922,767.6249323478331,1933.5991084288332,374.34535892048206,4074.2718831569027,1371.5535894797479,19.18926501756798,8.470362528084623,0.008696485310792923,0.012580548413097858,0.0012253897895067906,0.03877008445939996,0.14971434611393392,0.1800432906291513,0.0658654049038887,0.04480036720633507,0.10510961970707657,0.07074226350826537,1.4612818956375122,17.258079528808594,112.34714673913044,hiphop
1.1605377197265625,38.23341369628906,-0.008602339774370193,2.7568514347076416,0.000261202483670786,1.747525930404663,0.47660088539123535,0.2971469461917877,0.48868751525878906,0.23721595108509064,0.48868751525878906,0.23721595108509064,2607.8596297145214,551.9598792238559,2391.9552710738562,233.58267908157234,5534.641062300609,804.924687856008,20.525114346360912,9.865401347960532,0.014316043816506863,0.014823509380221367,0.022756431763785733,0.07817365202940339,0.18647095708214131,0.21353141430497288,0.106190524995327,0.04411850497126579,0.12721671379543698,0.0684682024424986,2.883511781692505,26.316905975341797,112.34714673913044,hiphop
0.46538931131362915,54.3182373046875,0.015784138813614845,3.2670998573303223,4.615488796844147e-05,2.16937518119812,0.47974592447280884,0.3004235327243805,0.5076995491981506,0.2337922602891922,0.5076995491981506,0.2337922602891922,2083.4389005825383,665.8217103894324,2198.235479537311,330.0898572520554,4479.439167633411,1324.6958104313107,20.126408802484182,8.54442972066485,0.006670912727713585,0.009990441612899303,-0.011151765634604929,0.08233429409104286,0.14741948780295538,0.18023282204157753,0.07905618846416473,0.04244816675782204,0.07984399168600155,0.05419795945550438,1.834568738937378,20.338159561157227,99.38401442307692,hiphop
1.6451475620269775,46.914737701416016,-0.0068613262847065926,2.4835822582244873,-0.0028152596205472946,2.222506046295166,0.5838063955307007,0.2673400640487671,0.6143323183059692,0.21328353881835938,0.6143323183059692,0.21328353881835938,2473.246187433862,714.6186646524602,2499.7054922430575,248.2655935627707,5509.702182424594,1060.146999398546,19.172377808538492,9.48740594477624,0.015356081537902355,0.02070085145533085,-0.010226492369197029,0.0685153854109392,0.1263746703976989,0.18530754140567282,0.10802321881055832,0.05234610661864281,0.08777506888051044,0.07458034545965328,3.3294146060943604,32.821998596191406,135.99917763157896,hiphop
1.6770553588867188,35.56529235839844,0.004815240856260061,2.4499123096466064,-0.0014418164500966668,1.6001404523849487,0.46022409200668335,0.292510986328125,0.6924727559089661,0.19693605601787567,0.6924727559089661,0.19693605601787567,2694.784127493891,524.6563603622394,2389.1395069826526,222.59023956339936,5599.723628280887,833.3949382502295,20.692333421827986,10.188684202468258,0.016202732920646667,0.012963938526809216,-0.010438206713953707,0.061883005194689394,0.19581532751179118,0.22711979146297853,0.11853865534067154,0.041957322508096695,0.14988572783739365,0.05603801019603268,3.1685054302215576,20.969192504882812,117.45383522727273,hiphop
3.769355535507202,35.770267486572266,0.0018530410015955567,2.6556591987609863,0.0003685172414407134,1.810573697090149,0.4984116554260254,0.29509153962135315,0.5445704460144043,0.23450346291065216,0.5445704460144043,0.23450346291065216,2669.9475361239274,581.500848912078,2396.5034787987697,266.1007962978419,5526.430800010876,967.483229304734,20.769215411552292,9.798918154026579,0.01649332232773304,0.018485678359866142,0.01761971812106509,0.07711210799937086,0.16602946584617717,0.19649931153069675,0.12068817019462585,0.044209666550159454,0.11757230943058777,0.058763025456564054,3.536911964416504,29.649179458618164,123.046875,hiphop
2.898815393447876,37.77437210083008,0.0008699678000994027,2.2132787704467773,0.0005879679229110479,1.4784818887710571,0.48257020115852356,0.2936641573905945,0.5579797029495239,0.23636898398399353,0.5579797029495239,0.23636898398399353,2272.5405031296214,471.5456727480613,2327.1482067943803,228.58525256671106,4964.2193504386605,975.9863359817441,20.252484785619274,9.384444928056034,0.011502753011882305,0.010585530661046505,0.009709295280802707,0.06847607680573234,0.21598193549987404,0.24446448427934786,0.10914599150419235,0.042247574776411057,0.10443931868716164,0.047956085515338365,3.0078907012939453,26.50702667236328,151.99908088235293,hiphop
2.5466556549072266,37.314598083496094,0.015197726897895336,2.57904052734375,-0.0019988645799458027,1.7263203859329224,0.5335999727249146,0.2714507579803467,0.6390784978866577,0.20267242193222046,0.6390784978866577,0.20267242193222046,2629.0449785113356,510.58566427792437,2350.8161857462896,227.67313964798657,5411.5703963348315,801.5182999749399,19.98011896961526,9.91901775629822,0.013539103791117668,0.011577757075428963,-0.017593865376352102,0.04735051798534813,0.18286079900894908,0.21124234954059887,0.11357390135526657,0.0433463379740715,0.1385510319992266,0.0643071654032183,3.11497163772583,26.032930374145508,103.359375,hiphop
3.410804510116577,43.57483673095703,0.0084058353677392,2.868986129760742,-0.001957476371899247,1.9184117317199707,0.47790586948394775,0.28631478548049927,0.5055955052375793,0.239365354180336,0.5055955052375793,0.239365354180336,2330.136830188641,526.4397239069602,2664.10104102517,264.53309872799235,5836.389018543358,1076.355773347746,20.883594088153558,9.48035328596594,0.007281274534761906,0.0074141486547887325,0.006634904645909685,0.06708023432486414,0.16678015515990927,0.19538841233525,0.1225821003317833,0.03984367102384567,0.07259227873646558,0.039152420588340085,3.8303096294403076,32.00176239013672,112.34714673913044,hiphop
-1.0047154426574707,50.971160888671875,-0.0015287958085536957,3.378305196762085,0.0021234434098005295,2.167332172393799,0.4766429662704468,0.2823839485645294,0.6069905161857605,0.22347894310951233,0.6069905161857605,0.22347894310951233,3185.5488967360475,652.7615740462604,2603.8793384116775,170.07979948268618,6278.469175971578,551.219311051718,21.111422019877406,9.286324115010727,0.020481610670685768,0.018328430131077766,0.010345323537083884,0.07555554055797233,0.14764160542573843,0.17883737800690977,0.06721185892820358,0.044216468930244446,0.15213151947989173,0.07452095988468649,1.4076460599899292,21.86640167236328,117.45383522727273,hiphop
3.322154998779297,49.17698669433594,0.005151010118424892,3.4620532989501953,-0.002982910256832838,2.488586902618408,0.4590272307395935,0.2988329529762268,0.4866696894168854,0.25951096415519714,0.4866696894168854,0.25951096415519714,1929.8045739109696,557.3323185040194,2249.52935658393,362.9297266020679,4412.4081215559745,1411.9468031207525,20.999813619244083,8.55388768058096,0.003651201957836747,0.004403938539326191,-0.004918662549643055,0.06453044454951258,0.1729751906829361,0.20367260671820556,0.11072535067796707,0.036489441990852356,0.05418184756863882,0.031058395587330492,3.137571334838867,28.80669593811035,151.99908088235293,hiphop
2.469529867172241,35.1326789855957,0.0019428012892603874,2.210228443145752,-0.004229140467941761,1.455320119857788,0.5625076293945312,0.2607792019844055,0.703524649143219,0.1799560934305191,0.703524649143219,0.1799560934305191,2735.685144773171,529.0822060268512,2295.5018679407126,225.5340398603478,5419.747351272476,813.4503391953201,19.41754684164533,10.118783200980964,0.01801755279302597,0.013902443461120129,0.003589386307387382,0.04638641304051635,0.18068421223690442,0.2111144725140854,0.10344427824020386,0.04233510419726372,0.1575562373114849,0.053790987098722896,2.510350465774536,20.118366241455078,112.34714673913044,hiphop
1.3722602128982544,45.53232955932617,0.0035193574149161577,2.8907246589660645,-0.0037593699526041746,1.962295651435852,0.4249074459075928,0.29583433270454407,0.6442912817001343,0.20138679444789886,0.6442912817001343,0.20138679444789886,1752.5186300565624,402.82584737835134,1811.8528990944299,262.79374627686445,3490.593845163863,852.5828740590358,19.684697000054822,8.191525634099474,0.004362169653177261,0.004753659479320049,0.015486707772723573,0.05747553450680025,0.18323362683742625,0.21254561546309167,0.11077146977186203,0.0371176041662693,0.08311732646945089,0.03024742119195659,2.9984357357025146,15.479002952575684,107.666015625,hiphop
1.9659682512283325,37.49326705932617,-0.0015671368455514312,2.173241376876831,0.00010994776675943285,1.4353123903274536,0.4740149974822998,0.2911433279514313,0.5609162449836731,0.2252260148525238,0.5609162449836731,0.2252260148525238,2582.0374965474734,588.972646244571,2526.1833702352374,199.05167196869098,5731.720664606293,786.1810807297586,20.93938954864326,9.920185365897803,0.012269695289433002,0.0115494504570961,0.030873234507405277,0.07641800709412629,0.20686040982042672,0.23753218911362553,0.11845380067825317,0.04177052155137062,0.11600512676430781,0.06467082586203919,3.5027170181274414,26.830387115478516,151.99908088235293,hiphop
2.4246432781219482,41.2062873840332,-0.0069588590413331985,2.5985703468322754,-0.00021305718109942973,1.7686936855316162,0.5334904789924622,0.2755415439605713,0.5212005376815796,0.2271796315908432,0.5212005376815796,0.2271796315908432,2538.6441653895045,552.9149129832641,2341.339361743686,221.26654959366283,5353.532335321201,793.3406459834051,20.3828514835046,9.690148116203064,0.009689215570688248,0.011070863343775272,-0.0061801186598896924,0.06811104950969823,0.16520041282704231,0.19670075380647842,0.11897815018892288,0.046440478414297104,0.10070602523201856,0.06005504571063417,3.6084842681884766,31.51974105834961,107.666015625,hiphop
-3.403195381164551,45.53128433227539,-0.016813134774565697,3.9493041038513184,-0.0027164893690496683,2.4771552085876465,0.43089398741722107,0.3082968592643738,0.5333356261253357,0.25459790229797363,0.5333356261253357,0.25459790229797363,1963.064381362766,821.9148770781544,1917.4023309206564,360.5646526095042,3798.4537005147913,1474.3238244553727,20.657462390447357,8.733124038453054,0.008347425609827042,0.014721779152750969,0.025393702809405762,0.071486705180676,0.14102590205884796,0.17460077170067942,0.1536368578672409,0.12211150676012039,0.10151491806844548,0.06607169190906619,8.814458847045898,122.84593963623047,107.666015625,hiphop
-7.567238807678223,69.65999603271484,0.0025213269982486963,2.8237812519073486,-0.003784844186156988,1.53438401222229,0.34445786476135254,0.29152724146842957,0.43205922842025757,0.2555268406867981,0.43205922842025757,0.2555268406867981,1503.9322999254405,744.7082297554456,1754.3003588891916,532.5125179507195,2799.366367278132,1638.8122097400294,17.937168718419727,4.123238570875719,0.011630688793957233,0.02485678158700466,0.04079989983225168,0.1258799605086313,0.1580084245726892,0.18923376160141112,0.04674048721790314,0.03927918151021004,0.07841653373936582,0.049455553421805916,0.8141592144966125,7.366193771362305,123.046875,jazz
-9.787290573120117,87.47503662109375,0.0023368247784674168,2.510157346725464,0.0009126710356213152,1.184317946434021,0.3280331492424011,0.2942093014717102,0.47671249508857727,0.2540868818759918,0.47671249508857727,0.2540868818759918,1266.4884313587363,549.4456243075464,1691.2917034209945,466.1839077176908,2410.6862220852668,1333.9921347134446,18.69681300694741,4.527381385132934,0.0035544296260923147,0.006874945946037769,-0.008183872858474248,0.11473700884744101,0.1770910548261998,0.21280979737484332,0.0227862149477005,0.015457515604794025,0.059293884135730855,0.032775396889800086,0.17029322683811188,1.0963612794876099,135.99917763157896,jazz
-11.73361873626709,73.68829345703125,0.0028921873308718204,2.0189011096954346,-9.581331687513739e-05,1.054020881652832,0.2677516043186188,0.2897414565086365,0.28333133459091187,0.28899747133255005,0.28333133459091187,0.28899747133255005,1064.7190883164435,401.33620916168275,1050.3578731864725,249.18330567903215,1895.8628076964908,698.9601449063991,25.911289181908995,5.508934777364315,0.00010864057549042627,0.00018579165043774992,-0.044927846783447925,0.2421372053748578,0.15305358148085163,0.18860855546916697,0.08082792162895203,0.0314999483525753,0.05785736296403712,0.030448667892770193,1.638978123664856,8.726118087768555,151.99908088235293,jazz
-5.565167427062988,83.33704376220703,-0.006543859839439392,1.332922101020813,0.0004912886652164161,0.65665203332901,0.3193742632865906,0.28464165329933167,0.36468809843063354,0.288012832403183,0.36468809843063354,0.288012832403183,813.4170141933286,304.7386633274667,1059.436025497951,469.01232377823106,1416.9114115066704,661.5558424332896,22.165451128623626,6.107293011854371,0.00037447508657351136,0.0006659540231339633,-0.01978760859947874,0.19247698148319012,0.18931795904166665,0.2238515291736516,0.05944417044520378,0.036037832498550415,0.044649978248259864,0.014461339988926679,1.1289944648742676,6.831190586090088,92.28515625,jazz
-4.460803508758545,70.82320404052734,0.0014139957493171096,2.1233136653900146,0.005987883545458317,1.170223355293274,0.17189648747444153,0.28743037581443787,0.25222980976104736,0.28237050771713257,0.25222980976104736,0.28237050771713257,1039.4057429757265,349.9304181091161,1422.0398263486102,277.45598554514544,1837.7997661687934,956.7476495456282,26.099215565070153,6.082451820911373,0.0002717801253311336,0.001702795852907002,0.04023606674372927,0.2369524056690894,0.18083564722801948,0.2050053396721095,0.10870492458343506,0.04665205627679825,0.04775035648685228,0.022852297308453902,3.2685883045196533,24.806976318359375,64.599609375,jazz
-2.029520273208618,67.51874542236328,0.0014215395785868168,3.230013847351074,-0.0012033915845677257,1.9347869157791138,0.2482219934463501,0.3104899227619171,0.3830694258213043,0.2741336524486542,0.3830694258213043,0.2741336524486542,1268.2111446452006,535.1530015304828,1545.968620055585,486.24816519629996,2486.5520433040892,1364.5676278005499,24.375137075455388,7.683732503178942,0.0007644895813427866,0.0014556560199707747,-0.025504429892287458,0.16164849315351748,0.14685041273944238,0.1768634436849458,0.10749952495098114,0.04725354164838791,0.057875111779775716,0.030111689186603712,3.086216926574707,22.591144561767578,107.666015625,jazz
-4.321077346801758,66.75718688964844,-0.005611311178654432,3.4733643531799316,0.002807870041579008,1.6921231746673584,0.2748083472251892,0.30354365706443787,0.35018545389175415,0.27125000953674316,0.35018545389175415,0.27125000953674316,1219.5124856006728,515.0171425106736,1458.8753959039157,373.03298765270455,2416.473374510586,1119.2867086276424,24.17517910841444,6.69429548739794,0.0005356249748729169,0.0011562665458768606,-0.031139446102867403,0.1820809260231961,0.1425413743018664,0.17176917420563342,0.09854782372713089,0.03684629499912262,0.048039624419953596,0.026361739893166217,2.49349045753479,15.016525268554688,135.99917763157896,jazz
-6.0338215827941895,75.10917663574219,0.00539019238203764,2.339540958404541,0.0034691630862653255,1.270741581916809,0.19718056917190552,0.30285319685935974,0.25903451442718506,0.2893550992012024,0.25903451442718506,0.2893550992012024,1169.7729218908673,346.3690793534064,1355.2739051651251,245.56944104312606,1958.322419699826,834.3960800005391,25.658452978258996,7.304694223565572,0.00018770790484268218,0.0004827112425118685,-0.03411762299260432,0.26144783449896386,0.16483603564424237,0.1894557009122891,0.09377561509609222,0.047318052500486374,0.06482660539926527,0.026591646705307476,2.4341323375701904,19.843820571899414,61.5234375,jazz
-1.2467927932739258,56.48494338989258,-0.004268183372914791,2.5401809215545654,-0.00165465846657753,1.5053249597549438,0.3573174476623535,0.30442380905151367,0.38145118951797485,0.27829861640930176,0.38145118951797485,0.27829861640930176,1304.6447662986704,417.39797966288216,1636.732175415205,343.5009836909405,2724.341556699536,1032.2589152363316,23.201582500008215,7.040249619323456,0.0008644486078992486,0.002474600914865732,0.011348030328200621,0.14498923393615248,0.1460695504124114,0.17233443757554667,0.1185242086648941,0.03753706067800522,0.04626700865235885,0.0257659690246294,3.5361270904541016,24.89791488647461,107.666015625,jazz
-5.581119537353516,78.0142822265625,-0.0038273099344223738,1.7250303030014038,0.0005392925813794136,0.9729334712028503,0.2669193148612976,0.2995836138725281,0.3004741668701172,0.2922987937927246,0.3004741668701172,0.2922987937927246,749.4465657215494,214.08637663101555,1211.2293162151411,295.812738682528,1134.090358088022,480.1398112231575,23.52408122049443,5.6619871134696895,0.00015572315896861255,0.0003318006929475814,-0.014885197156024712,0.22633656113682146,0.1811977958432174,0.2060932990167567,0.08531806617975235,0.027176018804311752,0.03168654534029389,0.011686626593343612,1.9022082090377808,12.29587459564209,107.666015625,jazz
-5.736492156982422,85.78333282470703,-0.000699073018040508,2.523477554321289,0.0017345071537420154,1.3107095956802368,0.32968154549598694,0.30237531661987305,0.28113237023353577,0.2856317460536957,0.28113237023353577,0.2856317460536957,829.6061468763725,413.64215988561676,1037.8346398077852,254.17495203852357,1554.3458730604698,849.5660156128965,23.619327256196573,5.66419211306044,0.00011610899673542008,0.0002316479803994298,0.0542620561527576,0.23436831539173106,0.1238334281090958,0.15466544352708592,0.06414245814085007,0.04062797129154205,0.03306037920533643,0.02135588472257793,1.2671282291412354,8.954756736755371,112.34714673913044,jazz
-2.959946632385254,53.03868865966797,-0.0005822437815368176,2.2134287357330322,0.0015699813375249505,1.2944027185440063,0.3004570007324219,0.2971625328063965,0.4403277337551117,0.257470965385437,0.4403277337551117,0.257470965385437,1825.7919934436604,360.633393729894,2108.13361927364,315.12407732043795,4011.2377193300463,1089.4688364600077,22.337410352706907,7.982112165408234,0.0033937152475118637,0.004476176109164953,0.03938663872850097,0.1319588689998374,0.17144884055593676,0.19508882428841484,0.07116314023733139,0.03198470175266266,0.0768886250483372,0.026846688750559063,1.3090053796768188,9.314962387084961,99.38401442307692,jazz
-5.535738945007324,65.51278686523438,0.0028350658249109983,2.495922088623047,-1.786737993825227e-05,1.356767177581787,0.3637870252132416,0.2874448895454407,0.4505249261856079,0.26081737875938416,0.4505249261856079,0.26081737875938416,1650.9582872211786,346.07261685212995,2040.7208687666034,323.9383455877562,3658.879241589327,1095.569034741854,21.28587800303608,6.974618184113222,0.002797722816467285,0.0028730113990604877,0.021593413307437765,0.1323982478007178,0.140908666164927,0.16667234109550672,0.037519317120313644,0.016544204205274582,0.06368954828886311,0.021665859911821034,0.3698044717311859,2.4713692665100098,112.34714673913044,jazz
-1.8569965362548828,57.436641693115234,-0.0017754046712070704,1.866220474243164,-0.0013662708224728703,1.2843914031982422,0.31436893343925476,0.29817870259284973,0.49410173296928406,0.2403162568807602,0.49410173296928406,0.2403162568807602,1790.2436399601108,296.5985400146316,2313.009871801148,221.37953953496265,4398.1775553763055,970.5524694216709,21.001092579252155,8.043925840833218,0.0032743788324296474,0.002951153088361025,0.021874337640038145,0.09307312031033911,0.17841206932357215,0.20594630090845986,0.05546204000711441,0.017634570598602295,0.06107594076276102,0.017872001179886007,0.788295567035675,5.578316688537598,99.38401442307692,jazz
-12.983806610107422,87.76604461669922,-0.002665919018909335,2.3369150161743164,0.0008841422968544066,1.2160018682479858,0.1986500322818756,0.2908846437931061,0.2647477984428406,0.28642070293426514,0.2647477984428406,0.28642070293426514,1171.8345898377142,408.85111188243934,1278.0267644982482,260.9510946915043,2019.0500493945765,789.761696246454,23.87677253091848,6.441320767555472,0.000288569979602471,0.0007055680034682155,0.06936309072105769,0.2564617863612742,0.14957322356662708,0.17422749091370782,0.03929026797413826,0.031961049884557724,0.06491837055297757,0.03403130068364863,0.5365216732025146,6.541689395904541,129.19921875,jazz
-2.8115429878234863,55.102394104003906,0.003189384238794446,2.389037609100342,0.0010818776208907366,1.4108853340148926,0.33296820521354675,0.30145177245140076,0.47928059101104736,0.24674195051193237,0.47928059101104736,0.24674195051193237,1782.220467473971,318.4769569972713,2061.769257168727,300.8263903097788,3811.801621864124,973.6922715392276,21.634244605001317,7.802534950297183,0.0033054971136152744,0.003388348501175642,0.023453777137910005,0.10499811068365768,0.18115537980138469,0.2062968677325989,0.062371544539928436,0.024959120899438858,0.07355637930201082,0.0253248773806333,0.9571095108985901,5.674060821533203,117.45383522727273,jazz
-5.655013084411621,67.00686645507812,-0.0017819645581766963,1.897125005722046,-0.0005500336992554367,1.0084620714187622,0.2495567947626114,0.29592400789260864,0.322970986366272,0.28349077701568604,0.322970986366272,0.28349077701568604,1465.858099684535,378.55082523992803,1738.8147828826818,242.52878324160747,2822.465015951276,859.8880900569652,23.932165797477165,7.074998929270337,0.0008416979108005762,0.0011881401296705008,0.007415169124473716,0.22001267282374845,0.17381206144008823,0.2001562742718539,0.060548145323991776,0.03573177382349968,0.06984498864075793,0.03499613202968583,1.0033762454986572,7.524582386016846,73.828125,jazz
-6.349196910858154,60.27477264404297,0.0028318343684077263,3.1455397605895996,-0.0007036554743535817,1.8643887042999268,0.3452249765396118,0.30353015661239624,0.4485210180282593,0.2618160843849182,0.4485210180282593,0.2618160843849182,1934.3602751013964,527.9187808021031,2187.2734417477054,339.0832479000749,4327.366124836862,1285.6447888773275,20.435109538085847,7.943467233896361,0.006573674734681845,0.00857992097735405,-0.006372605075461546,0.12517120421615077,0.12294634279739418,0.152134897696952,0.049843065440654755,0.030651431530714035,0.08414373670726992,0.04045854058127683,0.7628172636032104,7.695107936859131,215.33203125,jazz
-2.0007545948028564,51.97063064575195,0.005809458903968334,1.5197651386260986,0.001587142702192068,0.8960603475570679,0.3533932566642761,0.29623129963874817,0.4514259099960327,0.2488981932401657,0.4514259099960327,0.2488981932401657,1993.4129867783474,254.3791289443749,2127.1930773765243,189.80821845811735,4248.252836789443,631.5281264868917,22.08100832482348,7.396250872970457,0.004840366076678038,0.0035908047575503588,0.048635047651066216,0.0905397813240517,0.2362313187824768,0.2619656433903749,0.05222417414188385,0.017736366018652916,0.08770822759570766,0.025909169044652083,0.6642610430717468,4.781935691833496,103.359375,jazz
-3.6285364627838135,68.72801208496094,-0.0012213968439027667,1.6561520099639893,-0.0015293380711227655,1.038582444190979,0.24822334945201874,0.295634925365448,0.3716692626476288,0.28001585602760315,0.3716692626476288,0.28001585602760315,1352.8857477220745,297.71545374304515,1715.0484721550633,255.93530808508322,2713.250208454176,808.2607650409363,23.294104136941826,6.134323267411851,0.0008440198143944144,0.0011993759544566274,0.01684422471477005,0.15975149475050915,0.19235132086286755,0.22027496672195435,0.05019143223762512,0.016493305563926697,0.05545069907675947,0.01971985569930612,0.6309571862220764,3.778947591781616,184.5703125,jazz
-7.854326248168945,90.38619995117188,0.004687030799686909,2.290508508682251,-0.0020387698896229267,1.2925103902816772,0.2892725467681885,0.32225823402404785,0.31154704093933105,0.2807842493057251,0.31154704093933105,0.2807842493057251,1171.3366948620226,341.54978902419936,1678.1466293123667,285.5527551822103,2580.212317376015,925.7302071149564,20.74164244965534,6.10846085283505,0.0008922580163925886,0.0019002588232979178,0.02428836073229623,0.20469686557680405,0.16173771925981795,0.19108326353106542,0.02711336314678192,0.01672932878136635,0.03296332717034029,0.022537054333677004,0.23142418265342712,2.4388506412506104,107.666015625,jazz
-3.726480007171631,47.97688293457031,-0.00010180370009038597,1.9709523916244507,0.0018084731418639421,1.130025029182434,0.43277931213378906,0.29507631063461304,0.5168722867965698,0.25561627745628357,0.5168722867965698,0.25561627745628357,2915.2020776967365,682.6988801592718,2420.424422331274,235.3543716900288,5865.116609719403,1033.077782763295,20.70138238159923,9.439592595841662,0.018823755905032158,0.014746506698429585,7.731496053090256e-05,0.09866712212516136,0.21853914572617447,0.2501163711205825,0.04795484617352486,0.020285964012145996,0.18137212695765662,0.0859845669953026,0.5468835234642029,3.240985631942749,123.046875,jazz
-5.184490203857422,73.41102600097656,-0.001191633869893849,1.936689019203186,-0.0019514564191922545,1.127925992012024,0.2015836238861084,0.2950737774372101,0.31856968998908997,0.28274673223495483,0.31856968998908997,0.28274673223495483,1451.862124297044,428.93522318486947,1920.2708432790446,352.46982804890183,3047.4311987927786,1357.2099369293094,24.220021366346828,6.719574159096525,0.0012608285760506988,0.003286622231826186,-0.0024852381058222102,0.21311735465841078,0.17417291540204854,0.2004262160810246,0.050479739904403687,0.027130940929055214,0.051224215124709975,0.025073828196433105,0.76655113697052,8.698872566223145,129.19921875,jazz
-1.7655197381973267,51.70158004760742,-0.006062529981136322,2.014195442199707,-0.0009816325036808848,1.1672002077102661,0.22113339602947235,0.30356651544570923,0.37627074122428894,0.2737067937850952,0.37627074122428894,0.2737067937850952,1988.7524361987316,468.0012611128317,2100.2888334462386,268.21978581925106,4317.182401935905,1048.3124755328224,23.03782890778386,8.336672578273523,0.0027023358270525932,0.0038112627808004618,-0.014991558236974302,0.18321928139690277,0.1671761912646588,0.19515106891505732,0.08778411895036697,0.02978975512087345,0.08013779123163187,0.03053560693458997,1.9290730953216553,13.020232200622559,86.1328125,jazz
-2.8110299110412598,55.64124298095703,0.004011028911918402,2.5584425926208496,-0.0010634635109454393,1.421804428100586,0.349054217338562,0.30780118703842163,0.41071438789367676,0.2664186954498291,0.41071438789367676,0.2664186954498291,2034.4917204627848,560.7357511746632,2084.4823311170585,369.9440384087974,4342.462682170823,1252.522555944259,21.384944647401575,7.928448589305114,0.006010040640830994,0.008606133051216602,0.010928731563667521,0.13677237296043881,0.15439423080611123,0.17890503332760943,0.058837890625,0.028907380998134613,0.09322282240912606,0.05100009106194364,0.9278270602226257,6.262353420257568,103.359375,jazz
-4.556823253631592,61.93534469604492,-0.0024686679244041443,2.309910535812378,0.002485350240021944,1.3658390045166016,0.26815930008888245,0.31552571058273315,0.40286877751350403,0.2671303451061249,0.40286877751350403,0.2671303451061249,1697.9171784792436,404.43832775721745,2065.918166230217,321.05773051369437,3806.189333037268,1116.9529654085718,22.520231986122415,7.689928863240255,0.0023589208722114563,0.00311047094874084,-0.0027468903699360715,0.1368039365877068,0.16099118610562457,0.18866986812902115,0.06933384388685226,0.03807920217514038,0.06359853840390564,0.02714190904826831,1.4137338399887085,11.838680267333984,103.359375,jazz
-10.78681468963623,98.0088119506836,-0.0053401668556034565,1.7030380964279175,0.0007092272280715406,0.8546645641326904,0.20181763172149658,0.30879849195480347,0.26486068964004517,0.30568477511405945,0.26486068964004517,0.30568477511405945,1367.435200194705,649.8916879848421,1638.9549228243259,485.64105174227757,2631.480659077726,1604.1281259042512,25.332235967619305,6.572184660985942,0.0024506556801497936,0.009669676423072815,-0.04120962594518836,0.23068467656410188,0.19844565623660523,0.22426450726936809,0.031938858330249786,0.0177390668541193,0.05861036591260634,0.054293680266408746,0.3076712489128113,2.393519639968872,151.99908088235293,jazz
-4.450384140014648,66.6142349243164,0.0013058909680694342,1.9591435194015503,-0.0010050564305856824,1.3811805248260498,0.3251700699329376,0.30856430530548096,0.44652506709098816,0.25459811091423035,0.44652506709098816,0.25459811091423035,1769.4282675269487,325.932011757619,2113.3603976094173,275.54018806092375,3966.4393307714618,821.3513261989395,21.39805180383635,7.380093306910648,0.0026735186111181974,0.0027863276191055775,0.023254797239830236,0.10286626860712259,0.19117623570387823,0.21973411645013027,0.04059417173266411,0.015840046107769012,0.06268088686678268,0.02598084684678042,0.41729646921157837,2.808588981628418,143.5546875,jazz
-7.10672664642334,60.34709548950195,0.0007823070627637208,2.2746167182922363,0.0009008016786538064,1.3131389617919922,0.27655139565467834,0.29590559005737305,0.44257500767707825,0.2648096978664398,0.44257500767707825,0.2648096978664398,1854.1337840481792,333.8841037308483,2096.2569960443584,314.3718654011298,4031.4136478574537,1012.3168797254879,22.984348092954292,7.358651381151602,0.0032825381495058537,0.003891987493261695,0.010694103413446681,0.14533818074262853,0.18771599052492033,0.21640176134594727,0.048747774213552475,0.0246772188693285,0.07490491166376644,0.02378488890598834,0.6297399997711182,4.398289203643799,99.38401442307692,jazz
-7.718447208404541,59.07630920410156,0.0030009918846189976,2.0294649600982666,-0.0016112731536850333,1.227439522743225,0.30428433418273926,0.30207154154777527,0.45936569571495056,0.2559720277786255,0.45936569571495056,0.2559720277786255,2235.248011846126,405.8730776464416,2259.068865089602,259.37913387646034,4683.488333363544,963.2963572101648,22.15877867222424,7.507411603428203,0.006686023902148008,0.006192111410200596,-0.030631796653212008,0.11220959838275892,0.19532344872168872,0.22050258010683577,0.036320459097623825,0.01314543653279543,0.09937373114849188,0.031955559949747865,0.3207939863204956,2.0314605236053467,112.34714673913044,jazz
-11.066242218017578,78.40196228027344,-0.006923262495547533,1.470168948173523,0.0014858912909403443,0.7653542160987854,0.2351040542125702,0.29930755496025085,0.2902822494506836,0.28942906856536865,0.2902822494506836,0.28942906856536865,1687.9309171434147,508.5016168988202,1762.9877729056138,243.7167960056736,3354.8497317285382,949.8534380132169,24.307513880310367,6.414383590777338,0.0013706258032470942,0.0030724371317774057,-0.01816428075231153,0.24778066056993758,0.21050072289575947,0.2391755154888867,0.029581375420093536,0.013255623169243336,0.08464938913863108,0.05326428300968048,0.21976076066493988,1.5037051439285278,215.33203125,jazz
-5.205219268798828,62.01350021362305,-0.0009464353788644075,2.0293469429016113,-0.001249980996362865,1.2932990789413452,0.31111231446266174,0.30604198575019836,0.47605589032173157,0.2585073411464691,0.47605589032173157,0.2585073411464691,1752.7248668089467,302.5710111518077,1990.315447100089,226.92624012482273,3733.795803273637,704.3895375374191,21.457467130186778,7.2128968571750285,0.0026920754462480545,0.002034122124314308,-0.0062298078351160635,0.09150050763793191,0.19562721716380446,0.22505865750185708,0.04357781261205673,0.012985102832317352,0.07237627187258314,0.030033156955321706,0.4479014575481415,2.7444958686828613,112.34714673913044,jazz
-9.276899337768555,75.79415893554688,0.00040252748294733465,3.0495669841766357,0.002303765621036291,1.8858493566513062,0.2808254659175873,0.31530603766441345,0.42719537019729614,0.27282726764678955,0.42719537019729614,0.27282726764678955,1522.0894311198458,571.9188828063592,1909.705793787323,429.9084604914803,3252.079896860499,1538.4557680699932,20.722193170315553,7.049662518427396,0.004013847094029188,0.007841465063393116,0.012958186770877712,0.1544104133788631,0.10659491160308789,0.13706842152489412,0.040505677461624146,0.023857885971665382,0.061381069339713844,0.03409489262486046,0.5138829946517944,4.008172035217285,129.19921875,jazz
-4.144802093505859,69.93610382080078,-0.003338421927765012,3.05450177192688,-0.001248639076948166,1.724259614944458,0.2739362120628357,0.3123062551021576,0.328281044960022,0.27660465240478516,0.328281044960022,0.27660465240478516,1169.4396755831438,364.4443246027458,1498.6352447669817,227.50029024536343,2443.793730060905,901.7426312487911,21.07625814233694,6.600737432836642,0.0005813708994537592,0.0011378565104678273,-0.01229197131931868,0.18356185883131995,0.1474192943460523,0.17530892378808638,0.06974876672029495,0.04316820204257965,0.04233319134280743,0.020440394499947882,1.5459545850753784,13.303545951843262,95.703125,jazz
-0.9032085537910461,48.75796890258789,-0.0015458132838830352,3.2502872943878174,0.0007737695123068988,1.9732027053833008,0.3116558790206909,0.29970377683639526,0.40460440516471863,0.26513242721557617,0.40460440516471863,0.26513242721557617,1759.6144140848987,516.6471458922003,1779.727009111931,173.54767451990136,3574.320201475493,761.2231700452463,22.68565147524633,8.443975408004563,0.0010914738522842526,0.0010855840519070625,0.014425151281453247,0.1304238878050667,0.14349063747962,0.17626868232829462,0.12999394536018372,0.0399244986474514,0.07934929065158546,0.047444593957340776,3.719174861907959,21.282487869262695,95.703125,jazz
-4.447328567504883,73.99182891845703,-0.005108312703669071,1.9580485820770264,-0.0003810065099969506,1.1210888624191284,0.26457494497299194,0.2999677360057831,0.3145466446876526,0.28018203377723694,0.3145466446876526,0.28018203377723694,844.1729949398231,226.59875041898363,1104.4627955493106,162.17067126439093,1608.811720562645,654.5927126510048,22.180483211986502,5.112843893617149,9.279631922254339e-05,9.811997733777389e-05,0.050627178378741346,0.20477365036825143,0.19310431233592698,0.219871782878844,0.09146237373352051,0.03511714190244675,0.037725674303944315,0.011493995937902506,2.2281081676483154,13.982992172241211,71.77734375,jazz
-6.433003902435303,59.57767868041992,0.00016408058581873775,3.1765642166137695,-0.0013752810191363096,2.0497238636016846,0.3224119544029236,0.293857216835022,0.46408146619796753,0.25329145789146423,0.46408146619796753,0.25329145789146423,1481.5814852961128,532.1624236478101,1411.8576431665483,235.91403437762872,2657.4937010585845,886.0211180476632,20.870215534379028,7.062500680475916,0.000841722940094769,0.0008261310867965221,-0.02702557664803074,0.14655181566188846,0.14803179637646396,0.17715117306541672,0.08052675426006317,0.034163687378168106,0.09950288210556844,0.05653849431735461,1.4353924989700317,8.813531875610352,123.046875,jazz
-1.25031316280365,57.21076965332031,0.0025599708314985037,2.4979794025421143,-0.0003884151519741863,1.6090807914733887,0.28489020466804504,0.30367526412010193,0.338366836309433,0.2736898362636566,0.338366836309433,0.2736898362636566,1276.651309911721,351.877798353796,1570.6844362523168,320.98172806937515,2468.549419500435,971.5005971984768,22.42116124548118,6.385076277210755,0.0010283837327733636,0.002211084822192788,-0.02138461500627146,0.18472498295908626,0.14929957243103048,0.17800631820121182,0.10659270733594894,0.04551497474312782,0.05150064348897912,0.020374109163012893,3.0574679374694824,26.40503692626953,95.703125,jazz
-3.563182830810547,53.14916229248047,-0.002315381309017539,2.251882314682007,-0.0007362914620898664,1.2658779621124268,0.28566774725914,0.29718226194381714,0.38650941848754883,0.2745048403739929,0.38650941848754883,0.2745048403739929,1554.348779839451,280.5847709829228,1774.8728276480142,247.78138508222432,3216.3660885839618,699.3717793047331,23.131937412664872,6.896329677016245,0.0014900824753567576,0.0023681370075792074,0.0188722065838595,0.17080540119690743,0.18772440257348091,0.21456487043793276,0.0977495014667511,0.03380222246050835,0.06639416569992267,0.02376354282193932,2.3811964988708496,12.100393295288086,151.99908088235293,jazz
-1.3841406106948853,67.50315856933594,-0.001005502068437636,4.131280422210693,-0.0006958689191378653,2.498915910720825,0.24765107035636902,0.300315260887146,0.482675701379776,0.24833154678344727,0.482675701379776,0.24833154678344727,1311.1445630270346,380.6388183164478,1446.2128274237502,192.78296905685167,2723.742024361949,843.9821975797632,20.765759031284997,6.705898027739915,0.0004440298944246024,0.0005801302613690495,-0.005396453781380806,0.11116913250245086,0.1086041760782317,0.1643318861041887,0.08223439753055573,0.039962440729141235,0.07648568916763342,0.033810653350738226,1.7764445543289185,14.088627815246582,99.38401442307692,jazz
-2.957005262374878,56.16602325439453,-0.0044179270043969154,2.3983752727508545,0.0007472048746421933,1.3398125171661377,0.23669657111167908,0.3088812828063965,0.35948994755744934,0.2753613293170929,0.35948994755744934,0.2753613293170929,1317.0269708114588,426.62816275873155,1475.6012299441804,308.3600222020479,2778.8906725819315,1090.346231641385,21.900989997059977,6.708403921231305,0.0004990609013475478,0.001214515184983611,0.008101239004554247,0.16962401799881177,0.22196420909564477,0.24695783145943603,0.13801351189613342,0.03604575991630554,0.054847239341647334,0.024534520034008148,4.67112398147583,30.335590362548828,99.38401442307692,jazz
-3.5960919857025146,63.817684173583984,-0.004357701167464256,3.6462924480438232,-4.014061778434552e-05,2.038832426071167,0.30817124247550964,0.29915162920951843,0.46407195925712585,0.25644779205322266,0.46407195925712585,0.25644779205322266,1617.4093844354438,399.9187102282749,1568.4366650433115,133.1083867855477,3103.562413899362,664.5661368409848,21.66421774072955,6.9771940054161465,0.0008761085919104517,0.0006713259499520063,0.009715721110176809,0.13072513176398554,0.1540503439055825,0.188093435586738,0.07820093631744385,0.04079866781830788,0.10058782567188708,0.046362854030237266,1.3936102390289307,7.553646564483643,95.703125,jazz
-6.202162265777588,60.57786560058594,0.003634018125012517,2.4433465003967285,0.0003275218768976629,1.3595821857452393,0.28520119190216064,0.3012101948261261,0.37692785263061523,0.277664452791214,0.37692785263061523,0.277664452791214,1344.6201262512332,432.3022919198763,1548.9896603738453,200.68048643500714,2773.0951933185906,1058.4908105038446,22.03131929893887,6.831051328400407,0.000501019530929625,0.0004837980668526143,0.010904563906505068,0.1603779901153923,0.16077478562143505,0.1847979096989184,0.09949223697185516,0.06275409460067749,0.061185832366589324,0.029318335260144452,2.9722769260406494,24.487394332885742,73.828125,jazz
-3.0422117710113525,51.529754638671875,0.0012547728838399053,2.724238872528076,0.002284746617078781,1.4764550924301147,0.2541365623474121,0.2983561158180237,0.3839566707611084,0.2659379541873932,0.3839566707611084,0.2659379541873932,1761.2131331366036,348.01343659433536,1793.1994885944387,290.6330866769724,3462.7322451421114,829.1470646156811,23.56516339305887,7.686505554783045,0.001876592868939042,0.0027490374632179737,0.02741844912841181,0.14233016005335927,0.17320829158604564,0.20455566328980565,0.11169213801622391,0.03792363032698631,0.08571960496423048,0.028875965957266415,2.895721912384033,17.150163650512695,151.99908088235293,jazz
-1.3075424432754517,69.80867767333984,0.002982684876769781,2.6487371921539307,0.0004126368439756334,1.5807929039001465,0.2765248417854309,0.299714058637619,0.30757373571395874,0.27519720792770386,0.30757373571395874,0.27519720792770386,1004.7574201659099,355.06615225149966,1246.8335111965353,316.07561178161166,1811.2538065545243,748.9536962833273,22.872594535434366,5.649558412671437,0.00031359100830741227,0.000532852893229574,0.016540198006419073,0.21330069488412326,0.16336910167781354,0.1889322712853796,0.08646611124277115,0.0366520881652832,0.04966836148975251,0.02344791492837319,1.8679237365722656,12.309433937072754,103.359375,jazz
-4.265622615814209,67.58952331542969,0.00512347836047411,1.8103814125061035,0.0016656300285831094,1.0918914079666138,0.27866604924201965,0.30534490942955017,0.3351968228816986,0.2802034914493561,0.3351968228816986,0.2802034914493561,937.3823871861681,240.5786950774488,1186.6650247074094,150.35427304751107,1763.0913754350347,624.8702539589565,22.19299145563544,5.301568232129431,0.00016465985390823334,0.0001636391825741157,0.04948153109848859,0.18290425684733397,0.20618113468449123,0.23300899992708937,0.10030163824558258,0.035313352942466736,0.042621704007153906,0.014528245768954895,2.604595184326172,15.739398002624512,73.828125,jazz
-4.094644069671631,60.45499038696289,-0.0032559402752667665,3.162261724472046,0.0011713828425854445,1.9887762069702148,0.25042980909347534,0.30075615644454956,0.38331130146980286,0.2704814374446869,0.38331130146980286,0.2704814374446869,1295.2393474800779,286.53136690428465,1446.1536900917415,179.11130964948006,2695.60563868547,701.6313669854338,21.006394758445854,6.679911700588796,0.0005776615580543876,0.0007435767911374569,-0.004968275274630735,0.1644527312221625,0.13239522980740673,0.16658459684255764,0.11046954989433289,0.05910166725516319,0.05863604505027069,0.02044946725558263,3.5625717639923096,37.25796127319336,107.666015625,jazz
-4.001693248748779,54.88358688354492,0.001318055554293096,2.2639760971069336,-0.00034074229188263416,1.2065387964248657,0.358482301235199,0.30243104696273804,0.4591481387615204,0.25221890211105347,0.4591481387615204,0.25221890211105347,1981.9823821841665,503.1682493303356,2145.059569858149,299.76042898491085,4262.017100039879,1129.2543620293814,21.65405025989318,7.7907047836203,0.006643688306212425,0.010040371678769588,0.007775030159034175,0.1307784035860319,0.1688639140367311,0.20109822930643234,0.0538925901055336,0.02359139733016491,0.09353588130800464,0.04410160255203138,0.7726181149482727,4.110170841217041,69.83741554054055,jazz
-4.426675319671631,55.91703414916992,0.0014588284539058805,2.3219709396362305,-3.239231591578573e-05,1.1896917819976807,0.2826148569583893,0.2952030897140503,0.3741552233695984,0.272333025932312,0.3741552233695984,0.272333025932312,1748.3486883454468,363.7008747508527,1947.9220004793158,261.853211269226,3685.416874365574,882.1471636630313,22.571047042437986,7.379412037732396,0.0032705364283174276,0.00402754545211792,0.03383667907971337,0.18272601727467402,0.17057309518250707,0.19677515461376002,0.058648377656936646,0.019979018718004227,0.07930246398878577,0.025580472138196565,0.8447750210762024,5.019070148468018,129.19921875,jazz
-5.120597839355469,46.999534606933594,0.004487605299800634,2.439056158065796,-0.00045668717939406633,1.3126264810562134,0.20992806553840637,0.3076976537704468,0.3126606345176697,0.28721609711647034,0.3126606345176697,0.28721609711647034,2049.705424466469,724.3134850735131,2467.129879372664,373.7507523729311,4562.441089037123,1768.993209813639,20.560367252572192,5.257560754800654,0.006719395983964205,0.012324932962656021,-0.0038445236369339672,0.18140822692774033,0.20078977910752147,0.23002548694876232,0.18433049321174622,0.09062114357948303,0.06476844970514307,0.044023902982858555,9.652389526367188,92.37547302246094,184.5703125,jazz
6.277181148529053,24.81472396850586,-0.001020860276184976,1.8866815567016602,-0.0002146650367649272,1.2120801210403442,0.4102947413921356,0.289093554019928,0.4197136163711548,0.24289380013942719,0.4197136163711548,0.24289380013942719,2486.0099199626684,456.3146929950462,2760.0110054655725,318.17038341341225,5797.288135213589,1173.3764224699446,17.44707348083959,3.6087847685503376,0.02339956909418106,0.017167648300528526,0.02672876997325158,0.1397306425568854,0.1809649195917224,0.20921112495552047,0.19040252268314362,0.02808542735874653,0.08126299096903669,0.028618390704049167,8.33120059967041,45.74250793457031,151.99908088235293,jazz
-4.127554416656494,69.6273193359375,-0.0033862616401165724,3.062659740447998,-0.001232640235684812,1.7300218343734741,0.2739510238170624,0.31227970123291016,0.328320175409317,0.27660468220710754,0.328320175409317,0.27660468220710754,1193.6599936500752,366.0852840748163,1559.708376046556,226.4235816505083,2479.890572886456,905.0608622311154,19.566635265345084,4.823786098245904,0.0014755200827494264,0.0029988749884068966,-0.008128719293222076,0.16951290504750507,0.14709857917748334,0.17510276752538972,0.06975037604570389,0.04316765069961548,0.042435530259087396,0.02034771822463718,1.5459834337234497,13.303706169128418,95.703125,jazz
4.085211753845215,32.3115234375,-0.0003609588311519474,2.344149351119995,0.0041586956940591335,1.3798331022262573,0.36640867590904236,0.30307063460350037,0.335556298494339,0.28007814288139343,0.335556298494339,0.28007814288139343,2289.4808402193494,610.7744953412237,2592.510132215596,384.6407386140791,5243.550127456044,1398.2360282037291,19.4623606354409,4.265996128158431,0.0139194680377841,0.01628771610558033,0.04165025280981028,0.200171645108902,0.14709882258595358,0.17549324943187672,0.18829980492591858,0.06754850596189499,0.07725502618178325,0.04440951569719149,9.021954536437988,72.87108612060547,107.666015625,jazz
-0.7878062129020691,46.16476058959961,-0.0015012533403933048,3.34197998046875,0.0007595708593726158,2.0187668800354004,0.31167247891426086,0.29969316720962524,0.4046061635017395,0.26513180136680603,0.4046061635017395,0.26513180136680603,1804.7976374158895,545.7834956493907,1861.9248653104196,196.60087849458904,3646.755365429234,818.9757754591177,20.351124836063,4.810058587197798,0.003946324344724417,0.004559483379125595,0.01442523570291013,0.13042971371153275,0.14246091748407347,0.17536532940827415,0.13001708686351776,0.03994522988796234,0.07952338009957463,0.04776814056483308,3.7193896770477295,21.282466888427734,95.703125,jazz
-4.416955947875977,73.41542053222656,-0.005189369432628155,1.9550379514694214,-0.00034217722713947296,1.1204994916915894,0.264574259519577,0.2999632954597473,0.3145621120929718,0.2801792025566101,0.3145621120929718,0.2801792025566101,871.7965368873743,224.2603880101362,1205.6555880351484,165.85751752564957,1632.701418847883,657.1186776586212,20.45347281829957,4.866161870796778,0.00027038599364459515,0.0002654396812431514,0.050620715513084856,0.20476283925411645,0.1952908063730593,0.22201485203921567,0.09146158397197723,0.03511648252606392,0.03777854311678268,0.011457307919710148,2.2280633449554443,13.982650756835938,71.77734375,jazz
4.530132293701172,20.98447036743164,0.0013198775704950094,2.0639474391937256,-0.0026748827658593655,1.3134387731552124,0.372819185256958,0.2974103093147278,0.4717460572719574,0.25027763843536377,0.4717460572719574,0.25027763843536377,2976.3136721854653,519.4532660008457,3035.9683679183013,251.3463658250719,6860.818077674279,996.6057456570586,17.96572003668012,4.015418008551069,0.04091358184814453,0.03207358717918396,-0.01812966021645635,0.0924323743341735,0.16834580640147476,0.19424485044059017,0.19825299084186554,0.046381983906030655,0.11474045973557692,0.04380084180845966,9.135380744934082,55.26104736328125,123.046875,jazz
-7.210184097290039,64.47962188720703,0.003541120095178485,1.6920722723007202,0.0011692290427163243,1.0108338594436646,0.23413130640983582,0.3043579161167145,0.2820063829421997,0.28410282731056213,0.2820063829421997,0.28410282731056213,1378.6753716271073,410.22315715311305,1773.7599612811105,294.7891910750482,2584.991922400667,943.1740679994599,21.888482813378484,5.117313392316389,0.002465610159561038,0.0047734822146594524,0.015382654330066876,0.24129257411027924,0.21513926763706537,0.24751266557100324,0.07809878140687943,0.047789447009563446,0.06185877682714617,0.03640253935827578,1.9412962198257446,18.808443069458008,95.703125,jazz
-6.303727626800537,56.82781219482422,0.00013687129830941558,3.2033674716949463,-0.0013814781559631228,2.065840005874634,0.32242101430892944,0.2938600480556488,0.46402740478515625,0.252760112285614,0.46402740478515625,0.252760112285614,1545.8301777915788,534.1039328555208,1580.916969126098,238.32177758461265,2722.1682519757833,892.9850060447748,18.496244578566348,4.861377273985976,0.0031171850860118866,0.003140646032989025,-0.027034501179131504,0.1465499299979087,0.14784845955434106,0.1769198354518535,0.08052967488765717,0.03416311740875244,0.099600311774942,0.056430674124728936,1.4354029893875122,8.813212394714355,123.046875,jazz
2.195747137069702,52.3612060546875,-0.0023484535049647093,2.86326003074646,0.004066796973347664,1.8176279067993164,0.31632789969444275,0.31902599334716797,0.3221231997013092,0.27188780903816223,0.3221231997013092,0.27188780903816223,1391.5959542659566,593.9262364463193,2133.0459484799926,491.2805880429541,2913.9606228877096,1882.9582186918324,18.92523845960088,4.921490056260548,0.003990975674241781,0.008614744991064072,0.028816268918607873,0.1889002958773777,0.1306036846379316,0.15675493501734397,0.1822865903377533,0.0699789822101593,0.03801713930407464,0.026949720627562058,8.830007553100586,72.13170623779297,107.666015625,jazz
-1.0973281860351562,54.01612091064453,0.002501266309991479,2.5785470008850098,-0.00040210754377767444,1.6685134172439575,0.2849138081073761,0.3036661148071289,0.3383709192276001,0.27369073033332825,0.3383709192276001,0.27369073033332825,1427.9245373060999,421.6254113045418,1887.552795508065,390.56661136412566,2730.2785922092517,1187.290272118046,19.674918663393267,4.670282940327526,0.004628081806004047,0.010543692857027054,-0.021383544908237562,0.18471854664190313,0.14645038445778472,0.17525323938927523,0.10660699009895325,0.04551361873745918,0.05241074233855375,0.02080867949229146,3.0575432777404785,26.405038833618164,95.703125,jazz
5.406241416931152,23.118677139282227,-0.0021378479432314634,2.210298776626587,-0.000378030730644241,1.2408088445663452,0.37041935324668884,0.29100388288497925,0.4098084270954132,0.2553541362285614,0.4098084270954132,0.2553541362285614,2455.008879715117,467.2741765727301,2656.8714376589696,291.06794505058343,5469.5079601460575,1143.4359456277502,18.424307910796323,3.91166207853834,0.0274411179125309,0.024555517360568047,0.010859047342105086,0.14088048957202645,0.15337430620252554,0.17870082070724694,0.23172186315059662,0.038107000291347504,0.09425926647640061,0.03360283741221693,12.031509399414062,60.8282356262207,172.265625,jazz
-3.377227544784546,47.960819244384766,-0.002295235637575388,2.3005857467651367,-0.0007754525868222117,1.2975103855133057,0.2857120633125305,0.2971729636192322,0.4017157554626465,0.27666813135147095,0.4017157554626465,0.27666813135147095,1725.6171874007612,331.57890394715446,2091.10623750538,322.22526971219946,3504.599586716937,861.9346878045343,20.30866561849987,4.49725616062428,0.0065133958123624325,0.011002174578607082,0.018870633007102094,0.17080027976775894,0.1861144021576392,0.21285027407871288,0.097770556807518,0.033800601959228516,0.06751573980085074,0.024034950491443448,2.3813047409057617,12.100388526916504,151.99908088235293,jazz
3.8572866916656494,24.86347007751465,0.002411110093817115,1.833362102508545,0.0008265617652796209,1.2146247625350952,0.382824182510376,0.29673704504966736,0.5432307720184326,0.22687144577503204,0.5432307720184326,0.22687144577503204,2481.5395079724226,381.62749982596205,2688.38335845447,277.8306516531635,5553.985987672018,935.2707362765502,16.96178544417922,3.819149518934745,0.03377320617437363,0.024944724515080452,0.006840184062336724,0.08616148393296055,0.19936728005248708,0.22463584633206865,0.1624288260936737,0.039008188992738724,0.09874629682721713,0.031145953122604386,6.071762561798096,28.670482635498047,123.046875,jazz
4.750361442565918,35.018638610839844,-0.000770212325733155,2.369208574295044,0.0010067782131955028,1.4540350437164307,0.3798404932022095,0.28664761781692505,0.4418027102947235,0.25934383273124695,0.4418027102947235,0.25934383273124695,1574.959956587146,269.2480932631496,2069.6779972005947,307.48951748177285,3339.64492550029,829.9768454057902,18.566385533366716,3.6012547729486712,0.005701586604118347,0.004608321003615856,0.02824410974923855,0.11241680699211055,0.1325393265077704,0.16141099214482185,0.21198919415473938,0.04567002132534981,0.055842305926140756,0.0148197982208546,10.817343711853027,52.11336135864258,99.38401442307692,jazz
-1.3452486991882324,66.90186309814453,-0.0011525044683367014,4.140728950500488,-0.0006947084330022335,2.5051848888397217,0.24766147136688232,0.30031460523605347,0.4918617904186249,0.24872606992721558,0.4918617904186249,0.24872606992721558,1337.7771038204241,378.656257873602,1518.833998927628,181.71792952373838,2754.5096908533933,837.8251944996083,19.02251652175439,5.438011114426453,0.0012519165175035596,0.0015095925191417336,-0.005392513912183566,0.1111637769994269,0.10878371470918516,0.1645283704934972,0.08223485201597214,0.039962176233530045,0.07649135368329467,0.03383895021526407,1.7764374017715454,14.088440895080566,99.38401442307692,jazz
0.25495731830596924,41.55298614501953,-0.00023798913753125817,2.0405571460723877,0.0019486998207867146,1.1294118165969849,0.2577572166919708,0.29069381952285767,0.37645673751831055,0.28404226899147034,0.37645673751831055,0.28404226899147034,1579.597166735635,345.0391322843948,1854.2680441845785,234.6055481115762,2967.9326156897046,753.6362882549361,21.824464196747215,5.06869148613362,0.002356286160647869,0.0018182048806920648,0.03748763250819096,0.1882040163441845,0.18312603394706742,0.20638639966455996,0.17286154627799988,0.03935021907091141,0.0883246111723543,0.03136569784772473,6.60891580581665,29.30028533935547,129.19921875,jazz
-2.8882603645324707,55.0984992980957,-0.004459933843463659,2.4227383136749268,0.0006897305138409138,1.3540455102920532,0.23671558499336243,0.30888858437538147,0.35949429869651794,0.2753543555736542,0.35949429869651794,0.2753543555736542,1353.9940370892978,444.07413044859476,1567.0213086501287,310.5281450310868,2830.3671852341936,1119.7088117267483,19.67704064256953,4.829689332928662,0.0017953942297026515,0.004993061069399118,0.008097301909759835,0.16962121647481637,0.22180753973127432,0.24683979163860378,0.13801786303520203,0.03604153171181679,0.054932207076566125,0.024876148241050614,4.671226978302002,30.3361873626709,99.38401442307692,jazz
-6.148102283477783,59.64303970336914,0.0036025582812726498,2.465972661972046,0.00036386653664521873,1.3727047443389893,0.285203754901886,0.30120599269866943,0.3769352436065674,0.27766311168670654,0.3769352436065674,0.27766311168670654,1382.8810942210137,432.3215470675271,1643.4574817138032,192.7427192216094,2833.0734075913574,1044.7252228652226,20.012788570791724,4.726558957849191,0.001553030451759696,0.0015587422531098127,0.011041332576740096,0.16079292865095743,0.1606148811791691,0.18469521404013314,0.0994938388466835,0.06275489181280136,0.06120433645108275,0.02930164154288208,2.9722888469696045,24.487281799316406,73.828125,jazz
-2.84511661529541,45.22183609008789,0.0012363536516204476,2.765326976776123,0.002316795289516449,1.5015560388565063,0.2542487680912018,0.2983766496181488,0.383960098028183,0.26593756675720215,0.383960098028183,0.26593756675720215,2011.3793005237949,428.5376350908123,2227.911724332324,372.9348731595674,3914.071846450841,1126.6856837741616,20.610408174544432,5.428560128508722,0.008750068955123425,0.012477423064410686,0.02741671016493634,0.14232386830638266,0.1728581540966803,0.20391459149010022,0.11173481494188309,0.037918347865343094,0.08750241686001546,0.02907066310679997,2.8959391117095947,17.15007972717285,151.99908088235293,jazz
-1.158894419670105,66.4610366821289,0.003002989338710904,2.6477715969085693,0.00041407940443605185,1.5935125350952148,0.27654221653938293,0.2997126281261444,0.3075808584690094,0.27519461512565613,0.3075808584690094,0.27519461512565613,1117.2614806332522,402.334098425099,1545.152703760625,378.9590516637938,1956.4655348209108,931.2766481542228,20.562011653864054,4.928496883962372,0.0013674237998202443,0.002362423110753298,0.016539582722475302,0.21329694053113463,0.16366618548426623,0.18919942606818607,0.08647344261407852,0.03666617348790169,0.05004033135150812,0.023463545676943847,1.8679826259613037,12.30945873260498,103.359375,jazz
-4.197796821594238,66.42691802978516,0.005080280359834433,1.8291302919387817,0.0016890958650037646,1.1023815870285034,0.27725595235824585,0.3042779862880707,0.3352017402648926,0.28020161390304565,0.3352017402648926,0.28020161390304565,971.5184947924217,243.19228910324668,1301.6314592279884,157.94354353391256,1795.6992731293503,633.3298119319161,20.216922000830614,4.491718254881133,0.0005189886433072388,0.0005113008664920926,0.04948832172069356,0.18289607763912788,0.20676268920370608,0.2337737371520843,0.1003023236989975,0.03531383350491524,0.04257072336620263,0.014507041096585903,2.6046199798583984,15.739429473876953,151.99908088235293,jazz
-4.064151763916016,59.88936996459961,-0.003313165158033371,3.167745590209961,0.0011886508436873555,1.9919347763061523,0.2504290044307709,0.3007461130619049,0.3833249509334564,0.27048975229263306,0.3833249509334564,0.27048975229263306,1336.3546002724486,282.98392615305266,1554.5636044977155,192.8513984177811,2751.88673687645,697.6344622201037,18.904644976615085,4.842549368750627,0.0018658647313714027,0.0024086679331958294,-0.004718723844295138,0.16381751905610256,0.13290122184468212,0.16686881871644912,0.11046992987394333,0.05910121276974678,0.058720635150812064,0.02036768405428633,3.5625529289245605,37.25796890258789,107.666015625,jazz
-0.6368853449821472,27.77138328552246,-0.0007436346495524049,2.472508430480957,-0.0016480641206726432,1.413533329963684,0.332249253988266,0.2989550530910492,0.42490556836128235,0.25945836305618286,0.42490556836128235,0.25945836305618286,2967.826756749952,600.1910850085213,2921.8330539368476,395.04451727713706,6414.7878412304235,1430.13340856895,19.283276788267553,4.472893521081079,0.042908478528261185,0.04652653634548187,0.060674079163732776,0.13044966524548257,0.1644631733970621,0.18978774805874285,0.1331322193145752,0.0570925697684288,0.12970003746133024,0.04347452159516028,4.355210304260254,30.177217483520508,112.34714673913044,jazz
-3.360499858856201,42.37835693359375,0.0019815792329609394,2.7502264976501465,-5.319767751643667e-06,1.5665290355682373,0.29490557312965393,0.30272147059440613,0.35980430245399475,0.2714025378227234,0.35980430245399475,0.2714025378227234,2415.076791967096,714.5848377703043,2552.8255059224193,524.8387640202232,5136.026999347448,1701.5463867709552,20.87572198388285,4.72644562563704,0.020791100338101387,0.03765159472823143,0.050241575621996035,0.14976456438178481,0.12882664994221552,0.15318691365654447,0.11266223341226578,0.07019301503896713,0.09553696587393658,0.04283156617749784,3.6285972595214844,36.21624755859375,83.35433467741936,jazz
-1.6918200254440308,26.40576171875,-0.00102089939173311,2.133023500442505,-0.002376818796619773,1.2475106716156006,0.2936292290687561,0.29352161288261414,0.3769574761390686,0.2681528925895691,0.3769574761390686,0.2681528925895691,2902.237371028965,579.3955539482587,2854.7296978197974,391.2377121485374,6196.799548651392,1440.726429910159,20.035274345353525,4.719077002193263,0.04096293821930885,0.048003144562244415,0.032999675159551004,0.16634575025298226,0.1747843444408677,0.19980261036540922,0.1468888521194458,0.06432294845581055,0.12648901235015467,0.044450210357194105,5.3562445640563965,42.238624572753906,103.359375,jazz
-5.103347301483154,46.17797088623047,-0.0013181613758206367,2.343130588531494,-0.000636373006273061,1.2781376838684082,0.30321717262268066,0.29496151208877563,0.27204930782318115,0.274880588054657,0.27204930782318115,0.274880588054657,1733.7356811346049,383.62778627730967,2068.2160498614826,417.1491662738115,3379.9718020410382,1116.761520055544,21.786644299686674,5.168773888360769,0.005209365859627724,0.008252164348959923,0.08926566404242736,0.2212920397309778,0.14727106665102707,0.17172724506997442,0.1190984845161438,0.05490025877952576,0.06870037884280743,0.0276975513026328,3.699399709701538,22.3348388671875,117.45383522727273,jazz
-1.3156282901763916,26.9869384765625,0.003493921598419547,2.323646068572998,-0.0007718870183452964,1.3485106229782104,0.30742403864860535,0.29641759395599365,0.406951904296875,0.26507940888404846,0.406951904296875,0.26507940888404846,2777.8434123208845,515.716899074598,2691.227405583129,360.50859141615246,5813.698384933295,1228.3987346517335,20.14325870773257,5.086733273561518,0.030683454126119614,0.03279220685362816,-0.001183527272988406,0.11971521253490496,0.1689325603705167,0.1913626313800388,0.1457161009311676,0.05531056970357895,0.1308816554282676,0.03793251786471456,4.508182048797607,24.10779571533203,184.5703125,jazz
-4.2983527183532715,40.209476470947266,0.004806790966540575,3.047118902206421,0.005034665111452341,1.6922953128814697,0.2660948932170868,0.29834842681884766,0.33222052454948425,0.2719813585281372,0.33222052454948425,0.2719813585281372,2503.5410170407163,577.3110795614565,2598.597083896597,438.69738058451463,5155.861527515951,1517.4909318336133,21.22554954347623,5.014435788310882,0.017962561920285225,0.03268369659781456,0.03895408855558888,0.19456382413033116,0.13898810661402664,0.16252483710002308,0.11916989088058472,0.06585618108510971,0.09586928412606342,0.03756877150144127,3.93220591545105,43.9619255065918,80.74951171875,jazz
-0.9382418394088745,42.623592376708984,0.0009047837811522186,2.0284066200256348,0.001198558951728046,1.3170207738876343,0.33839836716651917,0.29083994030952454,0.490419864654541,0.25349071621894836,0.490419864654541,0.25349071621894836,2634.043115077565,600.744976523698,2728.2919813424173,344.4335082412888,5561.861495794664,1287.120057446725,20.45702312960577,4.654882231405458,0.021900994703173637,0.01950007490813732,0.0030524506690569205,0.14110077545499786,0.15903613607749514,0.1887153637390432,0.06982318311929703,0.0196651853621006,0.1078452031370843,0.03714863099412002,1.132291316986084,7.060856819152832,107.666015625,jazz
-0.5732431411743164,32.84446716308594,-0.0012047126656398177,1.97763991355896,0.0009297269280068576,1.358959436416626,0.37068408727645874,0.28375327587127686,0.487308531999588,0.23834779858589172,0.487308531999588,0.23834779858589172,3029.524006692204,464.80590509731286,2829.078711471935,254.3943455755201,6202.203666527697,1023.4586280735772,19.63777251074112,4.929903450797785,0.05067862942814827,0.0322079062461853,0.020198577427728494,0.1084382938986606,0.16805172745113253,0.19583344791763627,0.07571335881948471,0.019169384613633156,0.14034857163573086,0.0356700320966328,1.203240156173706,5.829057216644287,135.99917763157896,jazz
-1.7016301155090332,56.49524688720703,0.002190918894484639,2.856640338897705,0.002752244472503662,1.901657223701477,0.44162771105766296,0.29652878642082214,0.48305127024650574,0.2473452091217041,0.48305127024650574,0.2473452091217041,3026.5185290322397,1016.4510682804677,3302.3417210018733,423.1025084312512,7277.273396715487,1693.698275368959,17.919334322618216,4.095745294064087,0.03317376971244812,0.052061017602682114,-0.016760301798969677,0.1346901854347283,0.11080951683672126,0.1568378743267324,0.04322616755962372,0.015515592880547047,0.10012748936581593,0.06210986344861245,0.46092885732650757,3.0464348793029785,117.45383522727273,jazz
-3.0472278594970703,41.48141860961914,-0.005584241356700659,2.4360082149505615,5.9595462516881526e-05,1.5798494815826416,0.40153858065605164,0.28701555728912354,0.4692506194114685,0.24390250444412231,0.4692506194114685,0.24390250444412231,3905.0663421586682,1103.969093615346,3328.8714437290246,368.94971580991626,8036.631063297564,1595.0757431634602,17.030356907090326,3.6521678635860573,0.10719757527112961,0.07556353509426117,0.02381365858354813,0.1208431033817504,0.12696653550208034,0.15580371323692463,0.04781808331608772,0.019122440367937088,0.2066977988447409,0.10557381987848771,0.4996148943901062,2.8546106815338135,99.38401442307692,jazz
-1.2172333002090454,34.68164825439453,0.00472582783550024,2.0155086517333984,0.0015694171888753772,1.251844882965088,0.4291945695877075,0.2851558327674866,0.4985603392124176,0.24886323511600494,0.4985603392124176,0.24886323511600494,3393.080458875416,754.535819628996,3147.319911313142,325.2410859030337,7233.19944306482,1244.9044177168018,18.153238745889997,4.549494375541339,0.06243298575282097,0.04621732234954834,0.010710920212723452,0.12281464580030015,0.16440415533469713,0.18979825656581978,0.07430314272642136,0.023500479757785797,0.14964517473897912,0.060954738642949896,1.2885076999664307,7.120828151702881,107.666015625,jazz
-1.1956708431243896,45.387962341308594,0.0029122130945324898,2.192384719848633,0.002619101433083415,1.2040753364562988,0.3929949104785919,0.29436418414115906,0.39304354786872864,0.2649703621864319,0.39304354786872864,0.2649703621864319,2875.155262931994,579.5635563450821,2802.961209947392,347.08927838289156,6139.435961517546,1157.8606054194715,18.62140439941733,4.428708510005451,0.04275529086589813,0.05040375515818596,0.036207967128235055,0.15012103466603585,0.14949962276543355,0.1768558428571134,0.05166333168745041,0.021532831713557243,0.11831247281032482,0.055031363571645946,0.6585500836372375,4.226198196411133,123.046875,jazz
-2.037787675857544,36.491519927978516,-0.004747461993247271,2.116109609603882,0.0005298389005474746,1.2269325256347656,0.3254280686378479,0.2959737777709961,0.4561259150505066,0.25764963030815125,0.4561259150505066,0.25764963030815125,2860.6831509039876,564.7515521797994,2566.170784403403,317.9238182996564,5605.1610535092805,1138.1264045958737,19.30053206801073,4.6147127427084405,0.04434232786297798,0.04553423449397087,-0.007040537793172109,0.13680087987625927,0.1659073573495625,0.1931316575015508,0.07137948274612427,0.028186550363898277,0.14755912243812838,0.04775963914961599,1.1096700429916382,5.937966346740723,80.74951171875,jazz
-3.408029317855835,38.9754638671875,-0.008090903982520103,1.9976117610931396,0.0010745759354904294,1.182917833328247,0.3374713957309723,0.2828238606452942,0.40098080039024353,0.2696593403816223,0.40098080039024353,0.2696593403816223,4135.738578404693,735.5382016983564,3220.6479293446114,259.79547960414476,8257.483788156178,1094.274845106152,19.992388867443765,4.906514711281524,0.08197181671857834,0.07009811699390411,0.06807561537599806,0.17311333829615372,0.15459216500851844,0.18078505155334043,0.0523834154009819,0.02032991498708725,0.26163718097447797,0.08809333186993384,0.4952162802219391,2.519308090209961,135.99917763157896,jazz
-5.2203192710876465,82.91096496582031,-0.002166358521208167,2.463555097579956,0.0024780211970210075,1.2750099897384644,0.3423495292663574,0.3208948075771332,0.37187716364860535,0.28078708052635193,0.37187716364860535,0.28078708052635193,1846.8634833838028,855.5673973470051,2731.2712860932206,584.8227008362697,4332.179037213602,2647.6673331128873,16.765367367940097,4.3590259895543495,0.008301864378154278,0.01962069794535637,0.013436432045982565,0.15051229485361617,0.14100997940029922,0.17021441001086055,0.04578752443194389,0.034480251371860504,0.04283468979601701,0.02916023517139725,0.7741218209266663,9.323790550231934,135.99917763157896,jazz
-1.3798274993896484,50.249088287353516,-0.0003184795787092298,2.498548746109009,-4.30501822847873e-05,1.3387534618377686,0.2909685969352722,0.30954718589782715,0.38501423597335815,0.27807456254959106,0.38501423597335815,0.27807456254959106,2428.058768410789,665.0269108420883,3007.019818392754,480.19322981017996,5925.969141984484,1939.9096965579815,20.07371998507755,4.870106968489377,0.012798226438462734,0.027294328436255455,0.00029263255849925734,0.13802977900883054,0.1268139042070828,0.15844108651637442,0.09152035415172577,0.03876165673136711,0.069027032579273,0.032361115681144956,2.2466633319854736,15.586977005004883,129.19921875,jazz
-5.2586493492126465,77.2515869140625,0.0017943540588021278,1.4447983503341675,0.0009184860391542315,0.7881921529769897,0.28051286935806274,0.31188759207725525,0.2658100724220276,0.28639230132102966,0.2658100724220276,0.28639230132102966,1787.7638893804722,681.6758591238647,2485.50184386976,387.3325867418032,3905.2287444714325,1730.287402452373,20.78681909217115,6.001426756120532,0.003579501062631607,0.007180375978350639,0.023429895890741625,0.22404429656223657,0.219565104853025,0.24860085871097237,0.04503297805786133,0.028509795665740967,0.06275188212973705,0.05816267270801625,0.6164435148239136,8.321629524230957,117.45383522727273,jazz
-4.876054286956787,56.08571243286133,-0.0028239726088941097,2.033087730407715,-0.0014913247432559729,1.3997145891189575,0.27007102966308594,0.29447171092033386,0.3590174615383148,0.27660274505615234,0.3590174615383148,0.27660274505615234,1875.1521594572132,535.1627649051499,2569.4886461121373,426.1707760701516,4292.518307714618,1573.174962157176,18.782271524707266,4.730942776119037,0.009090261533856392,0.012468667700886726,0.003834903049852252,0.19386058680837945,0.1554956132449558,0.18618157687459364,0.06135448068380356,0.020401546731591225,0.054141818324632635,0.01530663325255788,0.9733969569206238,5.231670379638672,135.99917763157896,jazz
-8.5590238571167,71.45236206054688,-0.0016595411580055952,1.7480753660202026,0.0008930496405810118,0.8827794790267944,0.23098565638065338,0.29409411549568176,0.3109314441680908,0.2799000144004822,0.3109314441680908,0.2799000144004822,2959.1578862773017,1380.311476934677,2832.7603174225164,352.5196472001992,6065.55192774797,2127.3541470082655,21.3847552403094,6.638982497036657,0.008866705000400543,0.012522758916020393,-0.014267542923630413,0.21418440499596827,0.2068290241516737,0.23661119375613388,0.04091695696115494,0.02523803524672985,0.15147972254447023,0.13045628280556879,0.327591210603714,2.874868392944336,83.35433467741936,jazz
-5.8392653465271,71.19270324707031,-0.0005428014555945992,1.524924635887146,5.4615353292319924e-05,0.7887542247772217,0.27044233679771423,0.3082149028778076,0.2614612281322479,0.2828015685081482,0.2614612281322479,0.2828015685081482,2215.267218635689,1076.6626818407608,2795.00303259973,429.3800871270315,5026.545733033643,2329.036150010518,20.05166126270302,6.069270883010624,0.0071511296555399895,0.01278226263821125,0.10993200494948674,0.23135596150795382,0.21140072420673348,0.23947884655996235,0.05353498458862305,0.036359623074531555,0.07547665011117556,0.07915107275918837,0.7983478903770447,8.243613243103027,117.45383522727273,jazz
-4.100517272949219,54.93383026123047,-0.0005056229420006275,1.885155439376831,0.0013454969739541411,1.1361496448516846,0.2695406377315521,0.283378928899765,0.4100179970264435,0.2635500431060791,0.4100179970264435,0.2635500431060791,2152.8430463253017,488.8970188931723,2775.45858091221,370.7466270960121,5015.7957851471865,1634.3328855138445,21.117846849874397,4.791194509752731,0.01200191956013441,0.013818587176501751,0.03732058893051265,0.1864756964674308,0.1708394113320058,0.19866469913782783,0.04528385400772095,0.012281723320484161,0.08172045690738593,0.026545322761773307,0.4957685172557831,2.393033504486084,83.35433467741936,jazz
-9.817408561706543,89.00874328613281,-0.005522201769053936,2.9655983448028564,0.002606657100841403,1.8143088817596436,0.2373492270708084,0.30467724800109863,0.3126601278781891,0.2960812449455261,0.3126601278781891,0.2960812449455261,1077.2680007298775,481.2069469549564,1539.2702937086358,462.73370656114025,2111.702776065835,1406.3605875556066,23.870067337815637,6.1515783456773,0.0008790358551777899,0.003333016997203231,0.07082444950240346,0.2080123659959176,0.12827612541168265,0.1559791279888519,0.03976792097091675,0.02022910863161087,0.04150088517498066,0.019602003583611048,0.4688078761100769,4.401758670806885,123.046875,jazz
-2.8528714179992676,57.22034454345703,0.0036492682993412018,2.1721131801605225,-0.001900393981486559,1.3463191986083984,0.31136468052864075,0.30059197545051575,0.38638556003570557,0.2736056447029114,0.38638556003570557,0.2736056447029114,1854.6319159218997,462.87166721732154,2215.6086477855492,355.32425044893216,4282.218009081352,1327.51019165634,23.902284907532103,7.71684829123399,0.002573037054389715,0.003951821941882372,0.04339001720841594,0.14135742956581818,0.16320095705235638,0.18780540969066117,0.06815121322870255,0.026389718055725098,0.06336251691802011,0.02908234680525394,1.2120033502578735,9.336098670959473,117.45383522727273,jazz
-5.250672340393066,69.47444915771484,0.0016404384514316916,2.7458646297454834,0.001701514469459653,1.5173146724700928,0.29882609844207764,0.30529502034187317,0.35893887281417847,0.27802184224128723,0.35893887281417847,0.27802184224128723,1873.8376247337778,717.2279972960815,2083.756432490637,422.0935377627141,4008.739667923434,1632.1616566321302,24.05109147139646,7.388295467107927,0.0028740395791828632,0.005515920929610729,-0.011176676414734523,0.17262163267918826,0.1407882303855196,0.16973984837341538,0.044383853673934937,0.021491728723049164,0.07771677723801237,0.04598485298424702,0.5272225737571716,4.464155197143555,135.99917763157896,jazz
-10.165450096130371,97.85872650146484,-0.004003172740340233,2.101365089416504,-0.0003598865878302604,1.166891098022461,0.2240849733352661,0.30169856548309326,0.243521049618721,0.2914716899394989,0.243521049618721,0.2914716899394989,1176.326568022795,496.05537105853637,1753.3771368323373,432.33321506752566,2344.729338112674,1527.4481087032052,22.48381690319093,6.234167385203086,0.0010799893643707037,0.004120227415114641,0.009366974502545908,0.2712226893918812,0.16577254307989941,0.19134509525376162,0.021176667883992195,0.013560988940298557,0.039907645736658934,0.021784761642112745,0.14921441674232483,2.4853689670562744,86.1328125,jazz
-2.911151170730591,58.346435546875,0.0030121190939098597,2.527446985244751,0.0010915816528722644,1.4530726671218872,0.32782790064811707,0.3018512427806854,0.3805505335330963,0.2705543637275696,0.3805505335330963,0.2705543637275696,1885.6190151488076,547.903109423324,2230.5435545862933,325.88299553472785,4357.001341357309,1301.9594259528353,22.826484612914403,7.775253666396023,0.003422144101932645,0.005250080488622189,0.01890222704826369,0.12888792882637334,0.14565923016255142,0.17052496861654887,0.06013377755880356,0.021338731050491333,0.058131147887664346,0.03523404164560286,0.9309484958648682,6.918600559234619,80.74951171875,jazz
-6.185657024383545,76.80287170410156,0.008334219455718994,2.3652563095092773,0.0006498258444480598,1.462802767753601,0.29594263434410095,0.3104243874549866,0.38160979747772217,0.27995502948760986,0.38160979747772217,0.27995502948760986,1492.5309939204085,518.6864471391089,2014.4559100407412,407.3509750396555,3377.149003951566,1511.8838888592798,22.876532791882152,6.712249814128403,0.0016638074303045869,0.003020629519596696,0.04199078972761101,0.15433724644023253,0.14814280476933092,0.17612325207698112,0.03925510123372078,0.02056475728750229,0.046179019842420725,0.02318977673119307,0.4598158299922943,5.009763717651367,135.99917763157896,jazz
3.718201160430908,22.15916633605957,0.0018041854491457343,1.8658651113510132,-0.0004716432886198163,1.2059175968170166,0.4877040982246399,0.25971275568008423,0.5057404637336731,0.23760022222995758,0.5057404637336731,0.23760022222995758,3274.50233695886,517.8731106724505,2722.4884522973516,388.9391542615448,6408.00146824246,1299.0454681063604,18.542235110048637,7.368882204810393,0.06664538383483887,0.05619743466377258,0.025938842707184447,0.1123447734697327,0.24856326752274338,0.27679910125088136,0.11605347692966461,0.017508096992969513,0.18301936811194897,0.04675646922667426,2.592651844024658,12.903701782226562,95.703125,metal
3.4851319789886475,28.577220916748047,-0.0020975007209926844,1.4703309535980225,-0.0007816440775059164,0.9720862507820129,0.4768858850002289,0.26830238103866577,0.5515170097351074,0.21601203083992004,0.5515170097351074,0.21601203083992004,2922.918811417647,428.82934746691484,2620.94410751914,223.36576684473215,6037.132429578742,822.9082777107382,20.07733080179495,9.658526541168113,0.02912360057234764,0.03065713681280613,-0.02921355572135947,0.08885114027374053,0.23215925546238825,0.26186624543100967,0.09723436087369919,0.014782584272325039,0.1528407168406806,0.04150324780786068,1.934955358505249,8.352685928344727,78.30255681818181,metal
3.007204294204712,37.03535842895508,0.0005658782902173698,1.8597478866577148,0.00032954462221823633,1.0745563507080078,0.4327627420425415,0.2739383280277252,0.5993350744247437,0.21797247231006622,0.5993350744247437,0.21797247231006622,2198.9192293914725,382.79158522662857,2006.3317772520952,284.9596321435748,4447.472436466793,818.4150735032484,20.463837332772474,9.301700346933039,0.009348170831799507,0.00848462712019682,-0.010661041003457196,0.07838861173776898,0.22545959554756753,0.25161790249338695,0.1327282339334488,0.025321731343865395,0.12834093133700697,0.03129210682040486,3.6822509765625,12.041014671325684,112.34714673913044,metal
4.639557361602783,29.88931655883789,0.002450529020279646,1.5772240161895752,8.74395773280412e-05,1.1012495756149292,0.48765790462493896,0.28087905049324036,0.5734139680862427,0.21195803582668304,0.5734139680862427,0.21195803582668304,2752.293220771919,394.4188981854409,2205.7506246580533,171.3604437364006,5234.80827880293,648.3605463746504,20.273637268227457,10.155203728741775,0.018855230882763863,0.012261277064681053,0.015243318481549346,0.07750507022809444,0.2469258128040247,0.27749769263881696,0.15011945366859436,0.029295016080141068,0.16667346408546016,0.04730395176122916,4.25443172454834,22.70989418029785,99.38401442307692,metal
2.032641887664795,30.846773147583008,0.0017975254449993372,1.9150536060333252,-0.001015802496112883,1.254107117652893,0.6347416043281555,0.2190323919057846,0.566794753074646,0.2089124321937561,0.566794753074646,0.2089124321937561,3403.076270500999,517.500975866181,2825.1012483991854,230.95516532608832,6902.990354462732,888.5201409071898,18.49623165702928,8.577910225434932,0.06982588768005371,0.047956690192222595,0.009859020184679467,0.07547911960082956,0.22743247702104058,0.2564604077778935,0.06343695521354675,0.010384175926446915,0.19235071357791958,0.04859860585206081,0.7711696028709412,3.7039029598236084,135.99917763157896,metal
0.9006284475326538,35.47618865966797,-0.0018370196921750903,2.041344404220581,0.004186803940683603,1.3754973411560059,0.42260757088661194,0.2788538634777069,0.5548195242881775,0.20574869215488434,0.5548195242881775,0.20574869215488434,2464.5835110221647,442.0458916932454,2204.6845786304452,273.78640254715765,4952.087147440545,865.2736406256622,20.219726197663686,9.150270717120225,0.012280382215976715,0.009876653552055359,0.034097808784535166,0.13821215673065684,0.19502571262553633,0.22191868495173467,0.12173561006784439,0.0354524701833725,0.13431926116589327,0.036422003675137066,3.385237216949463,18.880287170410156,151.99908088235293,metal
-1.5625901222229004,38.46763610839844,0.000677103060297668,2.0045833587646484,0.000875343510415405,1.2385468482971191,0.43394193053245544,0.283047616481781,0.4822121560573578,0.24795497953891754,0.4822121560573578,0.24795497953891754,3237.0244682555635,588.6250105090456,2572.856199120334,271.7572224316545,6228.183401156468,979.1690503560609,21.320651867784704,8.944528698868034,0.03782949596643448,0.033792342990636826,-0.04870717094688701,0.12753260608755224,0.2193851305521065,0.24885589999656868,0.05043604597449303,0.010144636034965515,0.1980427965487239,0.057752283655064615,0.47125113010406494,2.23463773727417,123.046875,metal
-0.15485098958015442,32.899497985839844,0.001903359079733491,1.5542292594909668,0.0013686948223039508,1.0481349229812622,0.5814756155014038,0.24825632572174072,0.6398013830184937,0.19478251039981842,0.6398013830184937,0.19478251039981842,2939.593464244178,493.7963554934545,2522.764063583591,299.5926556922887,5806.928665621374,1017.5825098648352,19.75290534947654,9.267546736048667,0.03174678981304169,0.03384938836097717,0.002437050184987859,0.07678873640626627,0.25140779649273987,0.2804956298572548,0.06945513933897018,0.012554135173559189,0.16831088674593966,0.04333877723156389,0.972889244556427,5.761302947998047,151.99908088235293,metal
-0.17751605808734894,40.7244758605957,-0.002141712699085474,2.7036943435668945,-0.0012102710315957665,1.54905104637146,0.4666514992713928,0.2867632806301117,0.47168999910354614,0.2493722289800644,0.47168999910354614,0.2493722289800644,2966.0022578655708,923.2402328190606,2759.0013960891283,532.1444167151064,6189.363682297709,1800.2206519858933,19.722754703918756,6.68944458235513,0.04424393177032471,0.053265366703271866,0.041651666035433854,0.11996036563860356,0.16590485177707895,0.1917338368819267,0.058365825563669205,0.014266890473663807,0.14056155742459397,0.07107613399009521,0.7511284947395325,4.656155109405518,117.45383522727273,metal
9.440213203430176,29.867366790771484,0.0023569483309984207,1.4332692623138428,-0.00039187257061712444,0.9572171568870544,0.5270015597343445,0.24643701314926147,0.5618424415588379,0.21144002676010132,0.5618424415588379,0.21144002676010132,2250.8283209687615,310.9224425660174,2390.0458819742744,160.75664313619436,5112.253876794519,501.1725632764777,19.823936902731713,10.53933124546577,0.008612338453531265,0.004440709482878447,-0.01435917114509194,0.0816785380059034,0.2401272902121854,0.2699741948628717,0.31265729665756226,0.03238660469651222,0.09464725928074245,0.0235611867699991,22.22014808654785,93.90797424316406,112.34714673913044,metal
1.3874880075454712,31.645986557006836,-0.0020083191338926554,1.5051683187484741,-0.0013908451655879617,0.9842435717582703,0.5419299602508545,0.24561384320259094,0.5535222291946411,0.21268513798713684,0.5535222291946411,0.21268513798713684,3048.9220500098186,336.1674135118778,2358.945156910617,171.300972600418,5663.032577762471,575.3744103107446,19.93191186079851,10.389841469153406,0.0255825724452734,0.011965188197791576,-0.005288998923859654,0.09272691483386203,0.22989262659482804,0.25672005628740757,0.11807426810264587,0.012363078072667122,0.19649222979505027,0.04311500637261299,2.577456474304199,9.79941177368164,184.5703125,metal
6.5110063552856445,28.130475997924805,-0.0004190041508991271,0.9275814294815063,-0.0016328823985531926,0.6960644125938416,0.5110065340995789,0.25875067710876465,0.640292763710022,0.1935708224773407,0.640292763710022,0.1935708224773407,2699.8589074887423,209.17129646650648,2240.001110045003,122.4766601157292,5157.318724169809,402.4356264114341,20.460281288576272,10.875222863616255,0.01824333518743515,0.006728621665388346,-0.003045943143194634,0.06050987454419861,0.28401065469082465,0.3163562999871764,0.23059022426605225,0.01604986935853958,0.1714403428315932,0.028531813177210735,9.785873413085938,31.935686111450195,161.4990234375,metal
3.592841625213623,32.79102325439453,-0.00012109185627195984,1.4468967914581299,-0.0019731309730559587,0.9033170938491821,0.6050156950950623,0.22541867196559906,0.4938097298145294,0.22343569993972778,0.4938097298145294,0.22343569993972778,2803.074835916438,282.55246955705724,2183.198968154454,162.55882455476976,5262.3867663319315,575.8109747628605,20.06080059900715,9.966215720212475,0.018474295735359192,0.008937087841331959,0.03599908712703785,0.10706495715088757,0.22722497004609177,0.2570110239810611,0.11425507813692093,0.009946067817509174,0.1768272972254447,0.027387937359082837,2.310631036758423,8.77726936340332,172.265625,metal
2.6048505306243896,33.83150863647461,-0.00010704607120715082,1.5604702234268188,0.00047037561307661235,1.0251731872558594,0.6362600326538086,0.21111881732940674,0.5726926922798157,0.2047562450170517,0.5726926922798157,0.2047562450170517,3047.617764168932,340.9332342365045,2303.53262803851,135.27991862011072,5735.609297962587,544.07585263917,19.510057379158766,10.130394261054688,0.028873788192868233,0.012462793849408627,0.008310816845050249,0.07462954297714748,0.23436662771469705,0.26263524089484636,0.08627960085868835,0.012436365708708763,0.20352264899941996,0.03710871277354311,1.2778791189193726,5.0794901847839355,135.99917763157896,metal
-0.8520111441612244,40.61848449707031,-0.0001804031344363466,1.616669774055481,0.0010219578398391604,0.9897167086601257,0.5526554584503174,0.2513486444950104,0.49931439757347107,0.24920685589313507,0.49931439757347107,0.24920685589313507,2877.541876665423,306.6417182232482,2101.362825492408,185.2523764922448,5198.586533407048,591.4625693963658,20.78793128478304,9.059661034466979,0.016017943620681763,0.010581201873719692,0.030597341679115504,0.13541859640654758,0.21800776655726048,0.2469346972511214,0.0775434672832489,0.015292824245989323,0.18525232018561485,0.036712725299255865,1.0601204633712769,4.886772155761719,151.99908088235293,metal
1.1961326599121094,33.0223388671875,-0.00043874417315237224,1.4010955095291138,0.0018040462164208293,0.8967546820640564,0.48507529497146606,0.25893744826316833,0.5473894476890564,0.21731945872306824,0.5473894476890564,0.21731945872306824,2986.8439274816596,359.55112769656535,2458.8502452509774,166.15077949083107,5817.953399162558,616.4022831869146,19.910002249067162,10.17943188420549,0.022049859166145325,0.010338918305933475,0.015534940822687774,0.10325706378999859,0.23906273419469648,0.26593823445151515,0.11089659482240677,0.013621584512293339,0.16920927892981438,0.036004508263389655,2.4711825847625732,10.45691204071045,172.265625,metal
4.8164801597595215,29.59981918334961,-0.0026356105227023363,1.813150405883789,0.0009619635529816151,1.2145915031433105,0.5018879175186157,0.2607789933681488,0.6684787273406982,0.1860780119895935,0.6684787273406982,0.1860780119895935,2743.501897552695,380.5624168624385,2140.599534652953,225.36214179332868,5129.681948774652,765.4242448207136,20.157032729248762,10.846781940977726,0.025970246642827988,0.033982038497924805,-0.018343943568498045,0.05468270616174862,0.24620394323802447,0.27272866478567825,0.2696269452571869,0.042756274342536926,0.1795621253866976,0.039788887383755724,12.997708320617676,52.12250900268555,92.28515625,metal
3.3958194255828857,33.614967346191406,1.5071243979036808e-05,1.5799038410186768,-0.0020629020873457193,1.1228948831558228,0.5811617970466614,0.2421940714120865,0.6931900978088379,0.17034383118152618,0.6931900978088379,0.17034383118152618,2656.9415562858667,445.3857033724772,2337.704931468945,173.63731828256667,5327.1529124673725,734.4303676123047,18.33243591043252,10.407524730745816,0.018575191497802734,0.012479693628847599,-0.007152512261352133,0.0508306204135963,0.2168703073932674,0.24880736105163453,0.11373729258775711,0.020003316923975945,0.15871519721577726,0.046895548896749434,2.6934521198272705,12.561267852783203,107.666015625,metal
2.1376044750213623,44.24625778198242,-0.004940973129123449,1.8105478286743164,-0.0011692376574501395,1.1752524375915527,0.5555623173713684,0.24402020871639252,0.6060802936553955,0.22011977434158325,0.6060802936553955,0.22011977434158325,2291.710323082219,361.13898903530725,1583.8051705155342,185.86232784793924,3886.018729154582,558.835185480461,19.450839980467524,8.930113794076792,0.005404639057815075,0.004942864645272493,-0.027175748860544476,0.05256149065693341,0.233697387388126,0.26546060707528213,0.11836016923189163,0.01172137912362814,0.18026074898491878,0.039862395423114795,2.2169289588928223,6.421097755432129,99.38401442307692,metal
1.7307685613632202,37.224464416503906,0.002932957373559475,2.1567494869232178,9.837419929681346e-05,1.2933907508850098,0.5552690625190735,0.2495126575231552,0.6609223484992981,0.19035641849040985,0.6609223484992981,0.19035641849040985,2699.3192596794,463.39261432914833,2324.2361798620072,238.2320062503798,5384.857899960121,874.4624487205995,18.68472763645154,10.190757865415042,0.019909871742129326,0.012783643789589405,-0.00946332410279983,0.06432347788163026,0.1946788609672906,0.2215361159087627,0.10085117816925049,0.031066693365573883,0.16142736731438515,0.04752302075369126,2.1604461669921875,9.616414070129395,112.34714673913044,metal
2.819937229156494,33.69776916503906,0.0027181438636034727,1.644169569015503,-0.00019826028437819332,1.0582191944122314,0.49600765109062195,0.26994532346725464,0.6379231810569763,0.20299553871154785,0.6379231810569763,0.20299553871154785,2657.9674957731663,434.8715950090925,2345.6871620289253,180.86688409433916,5358.286959831787,769.2497517654244,18.88657970038149,10.309374606452987,0.01773853972554207,0.010881833732128143,-0.006824039764462763,0.08036867931513493,0.20181562108102824,0.2332725646207434,0.11726672947406769,0.029431413859128952,0.15234903688128384,0.045529884836894144,2.952425718307495,15.021934509277344,99.38401442307692,metal
2.913485527038574,32.09249496459961,0.0017882368993014097,1.5022701025009155,-0.0013410262763500214,0.9317435026168823,0.5255932807922363,0.2591104209423065,0.5528146624565125,0.2407933622598648,0.5528146624565125,0.2407933622598648,3046.6375964393765,400.4248139307055,2324.2741830512996,159.19971743483546,5734.984785110933,615.0638236539723,20.333899786102055,10.123534717588637,0.022081181406974792,0.012434463948011398,0.032193220983225176,0.1088977211327621,0.23448767420053698,0.26207506433605837,0.10841584205627441,0.028498245403170586,0.19154597471964424,0.050823709076731324,2.2907652854919434,16.819597244262695,107.666015625,metal
2.5611934661865234,34.353851318359375,0.0018951479578390718,1.7606468200683594,-0.008012160658836365,1.1258037090301514,0.36999747157096863,0.2820676863193512,0.5302316546440125,0.22617624700069427,0.5302316546440125,0.22617624700069427,2218.825904089443,302.0183346208734,2226.2748939203034,135.4948629343145,4780.271171693736,494.1534999241385,21.66648398468811,10.481098359893315,0.006228339858353138,0.004394449293613434,0.013936396157819247,0.1311502235795522,0.2056287898226118,0.23168129521433253,0.1987476497888565,0.051170025020837784,0.10695209783449343,0.03213602950154624,9.202345848083496,42.323402404785156,135.99917763157896,metal
6.88552713394165,31.044967651367188,-0.0036960032302886248,1.6251912117004395,0.00024856437812559307,1.1172815561294556,0.5273391008377075,0.26222479343414307,0.4918918013572693,0.23110412061214447,0.4918918013572693,0.23110412061214447,2575.3453604073143,379.31287650732384,2237.060875903494,236.36798257706226,5056.738847701567,651.6652710377552,20.79889190391551,9.612709658238893,0.013094690628349781,0.026067154482007027,0.01976074881159502,0.10335228852332526,0.18955940853279166,0.2238987658987147,0.19521450996398926,0.03573190048336983,0.131706408908546,0.041649221050623596,8.187396049499512,46.10309982299805,143.5546875,metal
8.163532257080078,30.063209533691406,-0.003147293347865343,1.5655181407928467,0.0001274131063837558,0.9942264556884766,0.47872915863990784,0.2723684012889862,0.37014248967170715,0.23385170102119446,0.37014248967170715,0.23385170102119446,2410.87784256885,459.3895475932501,2227.683409308154,256.99520678529706,4950.005437935035,876.5463328055855,20.632251968141837,10.301177311779286,0.009843235835433006,0.009117983281612396,0.03506196350709789,0.15261447467756317,0.2738290665738783,0.3036064913968374,0.23133783042430878,0.02868756838142872,0.12828881779292342,0.04233163393996194,11.313647270202637,47.24827194213867,112.34714673913044,metal
0.3104608356952667,42.543174743652344,-0.0010009140241891146,2.732529878616333,-3.7374185922089964e-05,1.8956962823867798,0.46558454632759094,0.2752583622932434,0.5571085214614868,0.2203184962272644,0.5571085214614868,0.2203184962272644,2384.6349581046015,517.7032053307282,2072.7598996233983,343.66291674185635,4584.132502084542,1070.2912138674226,19.720750300510495,8.916519293099414,0.008829811587929726,0.008948052302002907,0.030228947986156114,0.09796866805695431,0.1471666064120263,0.18320939547439413,0.10041095316410065,0.02230076678097248,0.12607323690061872,0.04494016461412032,2.135038375854492,11.705887794494629,135.99917763157896,metal
2.893136978149414,33.13199234008789,-0.004925872664898634,1.5448822975158691,-0.0021998363081365824,0.9342198967933655,0.4846417307853699,0.26985228061676025,0.5797255635261536,0.21704120934009552,0.5797255635261536,0.21704120934009552,2870.915156290069,250.14379767017277,2126.853907874827,150.21268160323612,5186.379388866734,319.3093226659901,20.491091705774867,9.599907172992266,0.013321759179234505,0.006901655346155167,0.023279361022997786,0.07620148842591876,0.24064273273530387,0.2719382349311739,0.13815899193286896,0.0225724745541811,0.1981458907337587,0.04321896959880045,3.3184666633605957,16.49048614501953,129.19921875,metal
5.118980407714844,31.130544662475586,0.002158215269446373,1.6107805967330933,-0.0013438210589811206,1.0948903560638428,0.47494634985923767,0.2738448977470398,0.6524605751037598,0.19513769447803497,0.6524605751037598,0.19513769447803497,2398.1820899923205,280.96477778589747,2218.778826799489,154.9738852293601,4866.162505891096,609.8470571117641,19.091394608605388,10.197137748168249,0.013673231936991215,0.007088222540915012,-0.02188089310574587,0.0689446822541151,0.2169931988104217,0.2473230341398675,0.16501736640930176,0.030448606237769127,0.1282435016676334,0.028503571918011637,5.79730224609375,24.01561164855957,129.19921875,metal
2.9165525436401367,29.333805084228516,0.005060576368123293,1.410115361213684,-0.0009113945416174829,0.9387978911399841,0.4810774028301239,0.2614583671092987,0.6012983322143555,0.1967518925666809,0.6012983322143555,0.1967518925666809,2789.433630096567,376.52475411382716,2247.7305241458034,206.1253398823388,5346.429542488399,797.8856626858975,20.518025717026955,10.33066520677872,0.022911734879016876,0.013416831381618977,-0.017703418686460547,0.0913314639891667,0.2681693506450633,0.2958950826085002,0.14405736327171326,0.015962785109877586,0.17988877912316317,0.03632324386685263,3.7847797870635986,13.392026901245117,135.99917763157896,metal
0.3709133565425873,36.455291748046875,0.0036470689810812473,2.21052885055542,-0.002225522417575121,1.272308349609375,0.44101473689079285,0.2819971740245819,0.46699512004852295,0.23862671852111816,0.46699512004852295,0.23862671852111816,2954.987188644721,507.05706057163786,2478.2750494604347,174.52199873328905,5928.192407736369,668.0152840754254,21.044053191782755,9.946841077153437,0.019577153027057648,0.012732945382595062,-0.0011573665434634784,0.12878506518177746,0.1580344834855291,0.18577209293230001,0.08897911012172699,0.020738953724503517,0.16328041920436967,0.05786371597781048,1.6493117809295654,7.341983795166016,123.046875,metal
6.441376209259033,39.456504821777344,0.002372411312535405,2.123380184173584,0.0011511482298374176,1.65076744556427,0.4624382257461548,0.267168253660202,0.5711724758148193,0.22219790518283844,0.5711724758148193,0.22219790518283844,1525.819725147997,451.02306178878086,1868.573833609333,369.79302438347213,3501.193909965922,1153.9833095526064,21.482235879244833,8.507374983349981,0.0021989536471664906,0.0031656050123274326,0.01989473395959373,0.08920236551307995,0.16710389630821876,0.20391458981040947,0.23018018901348114,0.042991649359464645,0.051180787171307036,0.0175369160662751,12.711858749389648,69.65184783935547,129.19921875,metal
5.663175106048584,28.973682403564453,0.005613838788121939,1.9642566442489624,-3.782345629588235e-06,1.3334202766418457,0.44637370109558105,0.2737428545951843,0.5572125911712646,0.2217787504196167,0.5572125911712646,0.2217787504196167,2566.9185833922797,408.53939184328385,2408.733063311254,199.50031304370248,5444.63627012036,760.1784263506541,20.640777122421106,10.467488529684672,0.016403615474700928,0.016170211136341095,-0.01294523165342198,0.11490101831763828,0.18510513589733812,0.21253877727449266,0.220391646027565,0.03951752185821533,0.1251472774071926,0.042530962241625156,10.566585540771484,50.34465026855469,135.99917763157896,metal
1.6153026819229126,34.397193908691406,-0.003198264865204692,1.933653712272644,0.0008957599638961256,1.20343017578125,0.43657222390174866,0.2749304473400116,0.538405179977417,0.24204333126544952,0.538405179977417,0.24204333126544952,2502.977404109766,440.9548196479412,2134.296301191332,276.2284458204244,4762.87640706569,935.7603110277914,20.99762039811714,9.29080969449958,0.012513626366853714,0.008901812136173248,0.029215189874186094,0.12013723369379511,0.21183134240827195,0.23836486906481874,0.13645851612091064,0.031792860478162766,0.1481127344354215,0.03939033181826767,3.750626564025879,19.228565216064453,117.45383522727273,metal
6.579768657684326,36.49119567871094,0.00047832561540417373,2.2860281467437744,-0.0010573831386864185,1.5928096771240234,0.4804428517818451,0.2790853977203369,0.5216023325920105,0.23397378623485565,0.5216023325920105,0.23397378623485565,2030.4879168259463,568.8012407875885,1929.8624210255596,296.2229260210608,4224.296523800029,830.2561003275558,20.66273771444842,9.611340446021362,0.007699279580265284,0.019259754568338394,0.01623389915503672,0.08704292945605863,0.18385863896889107,0.21757815854553622,0.2566889226436615,0.0354495644569397,0.09999833840873937,0.04785498325393218,14.614429473876953,77.8753433227539,123.046875,metal
-0.9598867893218994,39.95125198364258,0.0053180307149887085,2.3472177982330322,-0.002844142960384488,1.6601994037628174,0.40696465969085693,0.288291871547699,0.5026401877403259,0.2492934763431549,0.5026401877403259,0.2492934763431549,2707.018738290395,664.7472171833641,2234.822828310659,267.9192440041249,5291.122684345998,991.331026503048,20.561003968605945,9.38118004967658,0.01774359680712223,0.018675679340958595,0.037213571897854424,0.10409594677116502,0.20121974810816934,0.2287790204281269,0.09046082943677902,0.024823050945997238,0.16082730628866976,0.05771541484334453,1.7180660963058472,6.2854838371276855,161.4990234375,metal
6.997045516967773,28.93444061279297,0.00011477698717499152,1.7971731424331665,-0.0023539799731224775,0.9836828112602234,0.5015032291412354,0.27046430110931396,0.4663164019584656,0.24041402339935303,0.4663164019584656,0.24041402339935303,2836.9908685116243,490.98592758333507,2339.3829884951156,290.56850197493424,5615.31146905815,850.2066170791585,20.13954064760798,11.405293433192176,0.01887471415102482,0.011869418434798717,-0.04903754562769086,0.09702082023922799,0.2272171542767519,0.2637535866031352,0.2706926763057709,0.062471404671669006,0.16275324161349575,0.056546660512299986,14.891762733459473,75.29295349121094,117.45383522727273,metal
2.804469585418701,32.457550048828125,-0.0013239840045571327,1.721076250076294,-0.0009025504114106297,1.13846755027771,0.519074559211731,0.266301691532135,0.665249228477478,0.2041979432106018,0.665249228477478,0.2041979432106018,2685.678092352649,421.5657782303923,2317.5797699315112,185.90243082205882,5331.258043612239,737.6638978992596,19.8755310859108,10.288230324170831,0.020451541990041733,0.012719213031232357,0.0008352983337143949,0.06432439682396615,0.20137570693244872,0.230465839340251,0.11215965449810028,0.028813427314162254,0.16043343363302398,0.048916791083947364,2.667236089706421,14.030638694763184,143.5546875,metal
1.418947458267212,36.34059524536133,0.001914289896376431,1.4473135471343994,-0.002424446865916252,0.9343145489692688,0.39589715003967285,0.2865469455718994,0.5095556378364563,0.2170124500989914,0.5095556378364563,0.2170124500989914,2292.5497866867986,419.2236908514372,2149.440749324474,210.69604346339304,4820.373223607889,749.084940274661,20.677914167246247,9.346301687221706,0.010154412128031254,0.00798476580530405,-0.026802757724327376,0.11638466590843531,0.2513590024644312,0.2805926707537763,0.11196359246969223,0.018173711374402046,0.12360086463167054,0.04135149659161592,2.680049419403076,10.75307846069336,135.99917763157896,metal
-1.254325270652771,45.901275634765625,0.0009759299573488533,3.3474042415618896,0.006105536129325628,1.8200970888137817,0.47078967094421387,0.2977505326271057,0.5573351383209229,0.2584429383277893,0.5573351383209229,0.2584429383277893,2690.7078061431353,690.9753339099591,2118.809583006876,435.86437893610355,5088.622310487964,1297.3162676175123,21.70474327293975,9.692655305148488,0.010480719618499279,0.012066268362104893,0.007246050013570046,0.13397410862680534,0.1402579298853266,0.17499748339175325,0.1458260416984558,0.08354850858449936,0.14825774603634959,0.05907285771641522,5.73695182800293,62.92848205566406,95.703125,metal
2.8514084815979004,40.42269515991211,-0.0007001894991844893,1.376120924949646,-0.0008669988019391894,0.8547936677932739,0.3793880343437195,0.29080837965011597,0.3453035354614258,0.26462024450302124,0.3453035354614258,0.26462024450302124,2098.946281494044,576.810533271649,2062.9067794559082,368.16849310926483,4449.612433838457,1079.7841092126935,21.420833308848827,8.513893133287956,0.004716229159384966,0.00414864718914032,0.0014602253200481751,0.18911215744742227,0.22081606238860457,0.25280379318268287,0.15425297617912292,0.058140140026807785,0.08823464991782676,0.040243886831809385,6.098618507385254,49.74934387207031,117.45383522727273,metal
1.5384576320648193,33.48676300048828,-0.0010201239492744207,1.8222200870513916,-0.003551905043423176,1.188699722290039,0.5091966390609741,0.27428993582725525,0.6094078421592712,0.21099770069122314,0.6094078421592712,0.21099770069122314,2710.685063554155,459.5241139681392,2194.85859517659,242.11569881389286,5083.10161687935,916.9406178084183,19.985477453109503,9.590159453167495,0.021944042295217514,0.016587994992733,0.011799455915685524,0.07862360705198235,0.19375935485531146,0.22229341071941752,0.10457901656627655,0.023879237473011017,0.1665242985063805,0.04640986940326345,2.0724778175354004,9.141814231872559,107.666015625,metal
-0.4346948266029358,40.827999114990234,-0.003582002827897668,2.2565932273864746,-0.0008383090025745332,1.356836199760437,0.45704200863838196,0.2756865620613098,0.49153679609298706,0.2594181001186371,0.49153679609298706,0.2594181001186371,2269.1618713103626,368.46775170144997,1928.9447572525814,297.4026052715087,4186.5592938841355,852.3293333379559,20.77175852354242,8.555451741436933,0.009823029860854149,0.00813272874802351,0.015550583650872751,0.12510062088231577,0.16159563776420977,0.18925883690149609,0.09754964709281921,0.019055724143981934,0.1373478888727765,0.03292696822281734,1.8684773445129395,6.775796890258789,117.45383522727273,metal
0.06476080417633057,37.51028823852539,0.0003090942627750337,1.8012125492095947,-0.0030047546606510878,1.1709136962890625,0.4367055296897888,0.28524523973464966,0.5166245102882385,0.2379160225391388,0.5166245102882385,0.2379160225391388,2464.2908932653336,352.16187481582455,2037.687557797889,230.18910902268001,4549.026552983613,848.090240053983,20.946842456688913,9.015601167925613,0.012728013098239899,0.00975627452135086,0.013085598071653198,0.10765254431569904,0.1834378744387488,0.2103120335815043,0.09362836927175522,0.019680485129356384,0.15186113326566125,0.03145413156505006,1.6825027465820312,6.601558685302734,129.19921875,metal
-0.9963606595993042,41.550750732421875,-0.0008763501537032425,3.006354570388794,0.00019691298075485975,1.5716922283172607,0.4382874369621277,0.2860182821750641,0.551101803779602,0.2401004582643509,0.551101803779602,0.2401004582643509,2683.2329169635404,588.2531726096661,2126.6960341043696,409.6419638660965,4972.29638332004,1244.4424841189502,20.454830267408003,9.076882336613098,0.018872641026973724,0.0183733943849802,-0.03489623678727973,0.11495617831579942,0.14298949819825607,0.17214019586116913,0.09044641256332397,0.03339086100459099,0.17726459783449341,0.06290733665300774,1.6243070363998413,6.7735419273376465,95.703125,metal
-0.11931829899549484,34.62422180175781,-0.0001484638050897047,1.950498104095459,0.00011166058538947254,1.1324758529663086,0.4697636365890503,0.2707030773162842,0.5652708411216736,0.23262807726860046,0.5652708411216736,0.23262807726860046,2760.0463294776246,462.6533566444433,2242.641755824689,277.4587399893897,5259.580621918503,985.9546387470085,20.98028566170979,9.277458375503503,0.02005433477461338,0.012835471890866756,0.022902920415206723,0.10256125174956524,0.20057387109639913,0.22769670187603108,0.09536698460578918,0.02427387610077858,0.17120583188321734,0.04079768039652054,1.772202968597412,7.963381767272949,117.45383522727273,metal
-2.0191662311553955,46.829158782958984,0.0004519083886407316,2.9129159450531006,-0.000272004515863955,1.651832103729248,0.43037229776382446,0.28478148579597473,0.5250217914581299,0.26214662194252014,0.5250217914581299,0.26214662194252014,2390.3250702324603,605.5155954824462,2027.623777033118,345.2225873790961,4449.812277950986,1112.3705535713516,21.27382246846365,8.5551450208766,0.01107922662049532,0.013409956358373165,0.025991810649008112,0.1409804128576505,0.14243831122731493,0.17790653007646823,0.08802083879709244,0.03159584477543831,0.14432166292053364,0.06216144067691942,1.626979947090149,7.004058361053467,61.5234375,metal
6.055221080780029,27.47604751586914,0.0008556575630791485,1.3363983631134033,0.0007902886136434972,0.9349405169487,0.4823894500732422,0.2742268741130829,0.5386303663253784,0.2113071084022522,0.5386303663253784,0.2113071084022522,2795.3269859130346,309.22948980402793,2321.701947416382,168.45453097301277,5455.111432352088,546.7309237266304,20.58688483477215,10.788472177359782,0.021003946661949158,0.01759043149650097,-0.01730922503594347,0.08616094643489171,0.23781329899179454,0.26873040208177235,0.21236151456832886,0.0238062534481287,0.16367995637567673,0.03066587318478679,8.782529830932617,35.43473815917969,117.45383522727273,metal
5.79191255569458,27.205442428588867,0.004379588179290295,1.6221662759780884,0.003161049447953701,1.125430941581726,0.4311653673648834,0.2856096029281616,0.5338812470436096,0.2165805697441101,0.5338812470436096,0.2165805697441101,2908.3001309605806,392.18877820883785,2286.2525915644214,246.33470123254594,5405.816551261601,789.4760953243244,20.04402067995458,10.130357426343728,0.026372835040092468,0.02975582890212536,-2.0198670733240886e-05,0.10215699201550318,0.23450042385803893,0.26253194831495047,0.2174748182296753,0.03508150577545166,0.1781082330336427,0.041936889118408795,9.092094421386719,40.781822204589844,103.359375,metal
6.0471954345703125,26.97092628479004,-0.00129057583399117,1.4983407258987427,-0.0022504657972604036,1.0704412460327148,0.47703027725219727,0.25569212436676025,0.4932406544685364,0.21537265181541443,0.4932406544685364,0.21537265181541443,2889.070230029977,289.3092765097275,2337.44295794068,199.45092829533263,5484.788283062645,630.4278724523208,20.59244891798376,10.55000346474839,0.025779912248253822,0.029460709542036057,-0.041350970373965776,0.09886050606809037,0.22892970578406366,0.25958693178735526,0.2243993580341339,0.0320429801940918,0.1765742821925754,0.027865310514246712,9.37548828125,36.160728454589844,107.666015625,metal
6.7778778076171875,27.080116271972656,-0.000253567734034732,1.4515061378479004,-0.0004454375011846423,1.0407295227050781,0.524441659450531,0.2528310716152191,0.4857117235660553,0.21311986446380615,0.4857117235660553,0.21311986446380615,2980.0365062158285,294.8673837391712,2297.409753860625,191.38611776804746,5461.947766368185,591.4146313398115,20.289933876136608,10.764515417152934,0.027529751881957054,0.029748158529400826,0.021839295696026863,0.1010935055531074,0.24199101643016638,0.2699473420415332,0.21749426424503326,0.025610996410250664,0.19398775860402165,0.02763425490649242,8.624740600585938,35.175209045410156,99.38401442307692,metal
7.545883655548096,25.45802879333496,0.0026491868775337934,1.7102458477020264,0.00018944473413284868,1.2194122076034546,0.5023261308670044,0.2677465081214905,0.5132275819778442,0.21378834545612335,0.5132275819778442,0.21378834545612335,2986.810443330355,324.8356286463279,2408.5889201598466,238.22672524233093,5628.376277914733,720.1560863403499,19.63500337716323,10.164991606859235,0.03308222442865372,0.035810843110084534,0.019413989262791642,0.0911873079051692,0.22786744655315935,0.2543729014622872,0.24894611537456512,0.03591001778841019,0.1774496386794277,0.02942379461557521,12.0928955078125,54.060150146484375,112.34714673913044,metal
6.768771171569824,24.404624938964844,-0.0033351234160363674,1.8346171379089355,0.0007518883212469518,1.3013852834701538,0.5167161226272583,0.26855775713920593,0.5056966543197632,0.21844202280044556,0.5056966543197632,0.21844202280044556,3400.8644228665357,426.15875254418677,2458.5508972723046,221.87155506468366,6163.292352450696,690.4712493892127,19.925555901934587,10.502847960271353,0.048428941518068314,0.06210910901427269,0.016883484305979583,0.10202976672061123,0.206583540005146,0.23415926708505388,0.2261689156293869,0.035454314202070236,0.22838043189288476,0.0488136157904282,8.933440208435059,40.52858352661133,107.666015625,metal
6.719684600830078,29.682735443115234,-0.0018183180363848805,2.9235939979553223,0.000565150345209986,1.9343805313110352,0.5338698029518127,0.2635612487792969,0.5786924958229065,0.21664579212665558,0.5786924958229065,0.21664579212665558,2716.919668513006,508.7644892902835,2208.8088417462245,355.6911450860044,5123.145380927349,1015.1845156719439,18.95356679413105,9.31968992911338,0.034340523183345795,0.048805903643369675,-0.003939299457649229,0.08013410988619177,0.15944745254177478,0.1963452735940329,0.2398151308298111,0.052553825080394745,0.16219169929427688,0.045523123819062095,11.343132972717285,50.0926513671875,161.4990234375,metal
6.772674560546875,25.657575607299805,0.0023003960959613323,1.6023249626159668,0.0011801529908552766,1.1291481256484985,0.4928610026836395,0.27959927916526794,0.5716825723648071,0.20848128199577332,0.5716825723648071,0.20848128199577332,2906.6272868814203,345.0158529526865,2374.528030477664,216.16712974871905,5518.770109030597,667.8212416757228,19.883855420399147,10.275238162528042,0.02722853049635887,0.02638077922165394,0.01758512489738276,0.0932091278093629,0.23337144867993534,0.2606369686430304,0.22736318409442902,0.04450197145342827,0.1725668261794277,0.034335195082903634,10.543376922607422,54.33799743652344,123.046875,metal
6.624162673950195,25.365869522094727,3.921080133295618e-05,1.6016032695770264,0.0014194803079590201,1.0799201726913452,0.5103691816329956,0.2697485387325287,0.5093827843666077,0.21119119226932526,0.5093827843666077,0.21119119226932526,3113.773135146241,397.05956099720584,2411.5633343766262,192.47419187888988,5829.252918358468,680.5175062779084,20.046923295838067,10.757512761478376,0.03517938777804375,0.044939085841178894,-0.009628382608551983,0.09803098696287287,0.21928342765768447,0.24653238856504947,0.20701885223388672,0.02732139453291893,0.19571807932134572,0.04078747000302578,7.961857318878174,35.73567581176758,123.046875,metal
6.95248556137085,25.615903854370117,0.001809018780477345,1.7583754062652588,-0.00022080171038396657,1.336740255355835,0.499249130487442,0.2714637219905853,0.4995567500591278,0.21860015392303467,0.4995567500591278,0.21860015392303467,3108.521763898349,327.97200064135126,2361.478698580192,215.7637172648475,5699.254323158352,635.5476296005951,20.29360618669997,10.343334160222913,0.035109516233205795,0.04336995258927345,0.01240403251105409,0.1011905805945764,0.21678871965057497,0.24423169878041628,0.23246978223323822,0.0335686057806015,0.19684040869102862,0.03366792571270223,9.928715705871582,42.462562561035156,172.265625,metal
6.8716278076171875,25.48011016845703,0.001737530343234539,1.6583071947097778,-0.0033047294709831476,1.1899956464767456,0.4635242521762848,0.29180440306663513,0.5281038284301758,0.21563416719436646,0.5281038284301758,0.21563416719436646,3010.922425177517,352.30880551419716,2386.8119095662273,220.9858103480303,5633.4556491081785,692.2603913132458,20.068601744705372,10.03523609615396,0.032204754650592804,0.03661699593067169,0.0019750348765675573,0.09830076811562578,0.21710770492316409,0.244984859952639,0.24282900989055634,0.03690190985798836,0.17930646691318639,0.03496853034648471,11.512849807739258,52.98023986816406,107.666015625,metal
6.055504322052002,29.29447364807129,-0.0004899267805740237,2.5657074451446533,0.0003755516663659364,1.7058496475219727,0.48749271035194397,0.2761628031730652,0.4194462299346924,0.23444615304470062,0.4194462299346924,0.23444615304470062,2718.6937188160364,494.7790686780796,2271.302364275169,312.5671994255642,5228.837935941126,996.8643771754655,20.524985889218527,9.60658106977595,0.021016757935285568,0.030356790870428085,-0.0027288621721978695,0.15940556165582762,0.16263851427711415,0.19819330736487337,0.20710793137550354,0.03835219144821167,0.1437182031854215,0.04157170288233437,8.670284271240234,43.876155853271484,129.19921875,metal
4.441609859466553,30.559894561767578,-0.005544195417314768,1.404647946357727,0.001216549426317215,0.9031816124916077,0.46147575974464417,0.2813328206539154,0.5855905413627625,0.21417488157749176,0.5855905413627625,0.21417488157749176,2459.5208919140086,359.59028814434316,2221.3730531280544,208.73250292116106,5024.347447795823,801.3383720677846,20.201421565929458,10.549765249071932,0.014404596760869026,0.009287076070904732,0.022528084889540285,0.08444464138463209,0.2580220831032794,0.28698731720831133,0.18441163003444672,0.03200332820415497,0.1428334058391338,0.03406077012470275,7.038816928863525,25.799564361572266,143.5546875,metal
4.514593601226807,31.21062469482422,0.0035779245663434267,1.221056342124939,5.0944356189575046e-05,0.7606625556945801,0.4675233066082001,0.27224937081336975,0.5023792386054993,0.2445613145828247,0.5023792386054993,0.2445613145828247,2442.504289617461,295.8235392098532,2102.881568574062,173.78902055528602,4728.594814928944,608.6318716684065,20.405321307260483,10.337095785793188,0.013149668462574482,0.008873291313648224,0.013160393478412408,0.1150658201132229,0.26546103321590575,0.29586517888448355,0.18228553235530853,0.030078329145908356,0.14982190762761022,0.03290931925767436,6.6043314933776855,22.373483657836914,99.38401442307692,metal
2.2164785861968994,34.89688491821289,0.006095334887504578,1.4636623859405518,-0.0025253542698919773,0.8518406748771667,0.5404295325279236,0.24403658509254456,0.6317378878593445,0.2154994010925293,0.6317378878593445,0.2154994010925293,2315.2761541025193,339.4823013136369,2066.5542503748793,192.67600189376174,4615.882735462587,648.6765848069288,19.464834030664644,9.703750840837431,0.011154844425618649,0.006587286479771137,0.015172086020771273,0.08961898527333767,0.22403074470168333,0.2511251423011808,0.12571139633655548,0.025271739810705185,0.1394849218145785,0.04018811642020928,3.3321313858032227,14.56623649597168,89.10290948275862,metal
1.5384576320648193,33.48676300048828,-0.0010201239492744207,1.8222200870513916,-0.003551905043423176,1.188699722290039,0.5091966390609741,0.27428993582725525,0.6094078421592712,0.21099770069122314,0.6094078421592712,0.21099770069122314,2710.685063554155,459.5241139681392,2194.85859517659,242.11569881389286,5083.10161687935,916.9406178084183,19.985477453109503,9.590159453167495,0.021944042295217514,0.016587994992733,0.011799455915685524,0.07862360705198235,0.19375935485531146,0.22229341071941752,0.10457901656627655,0.023879237473011017,0.1665242985063805,0.04640986940326345,2.0724778175354004,9.141814231872559,107.666015625,metal
-0.4346948266029358,40.827999114990234,-0.003582002827897668,2.2565932273864746,-0.0008383090025745332,1.356836199760437,0.45704200863838196,0.2756865620613098,0.49153679609298706,0.2594181001186371,0.49153679609298706,0.2594181001186371,2269.1618713103626,368.46775170144997,1928.9447572525814,297.4026052715087,4186.5592938841355,852.3293333379559,20.77175852354242,8.555451741436933,0.009823029860854149,0.00813272874802351,0.015550583650872751,0.12510062088231577,0.16159563776420977,0.18925883690149609,0.09754964709281921,0.019055724143981934,0.1373478888727765,0.03292696822281734,1.8684773445129395,6.775796890258789,117.45383522727273,metal
0.06476080417633057,37.51028823852539,0.0003090942627750337,1.8012125492095947,-0.0030047546606510878,1.1709136962890625,0.4367055296897888,0.28524523973464966,0.5166245102882385,0.2379160225391388,0.5166245102882385,0.2379160225391388,2464.2908932653336,352.16187481582455,2037.687557797889,230.18910902268001,4549.026552983613,848.090240053983,20.946842456688913,9.015601167925613,0.012728013098239899,0.00975627452135086,0.013085598071653198,0.10765254431569904,0.1834378744387488,0.2103120335815043,0.09362836927175522,0.019680485129356384,0.15186113326566125,0.03145413156505006,1.6825027465820312,6.601558685302734,129.19921875,metal
-0.9963606595993042,41.550750732421875,-0.0008763501537032425,3.006354570388794,0.00019691298075485975,1.5716922283172607,0.4382874369621277,0.2860182821750641,0.551101803779602,0.2401004582643509,0.551101803779602,0.2401004582643509,2683.2329169635404,588.2531726096661,2126.6960341043696,409.6419638660965,4972.29638332004,1244.4424841189502,20.454830267408003,9.076882336613098,0.018872641026973724,0.0183733943849802,-0.03489623678727973,0.11495617831579942,0.14298949819825607,0.17214019586116913,0.09044641256332397,0.03339086100459099,0.17726459783449341,0.06290733665300774,1.6243070363998413,6.7735419273376465,95.703125,metal
-0.11931829899549484,34.62422180175781,-0.0001484638050897047,1.950498104095459,0.00011166058538947254,1.1324758529663086,0.4697636365890503,0.2707030773162842,0.5652708411216736,0.23262807726860046,0.5652708411216736,0.23262807726860046,2760.0463294776246,462.6533566444433,2242.641755824689,277.4587399893897,5259.580621918503,985.9546387470085,20.98028566170979,9.277458375503503,0.02005433477461338,0.012835471890866756,0.022902920415206723,0.10256125174956524,0.20057387109639913,0.22769670187603108,0.09536698460578918,0.02427387610077858,0.17120583188321734,0.04079768039652054,1.772202968597412,7.963381767272949,117.45383522727273,metal
-2.0191662311553955,46.829158782958984,0.0004519083886407316,2.9129159450531006,-0.000272004515863955,1.651832103729248,0.43037229776382446,0.28478148579597473,0.5250217914581299,0.26214662194252014,0.5250217914581299,0.26214662194252014,2390.3250702324603,605.5155954824462,2027.623777033118,345.2225873790961,4449.812277950986,1112.3705535713516,21.27382246846365,8.5551450208766,0.01107922662049532,0.013409956358373165,0.025991810649008112,0.1409804128576505,0.14243831122731493,0.17790653007646823,0.08802083879709244,0.03159584477543831,0.14432166292053364,0.06216144067691942,1.626979947090149,7.004058361053467,61.5234375,metal
2.42399525642395,37.087955474853516,0.0020945733413100243,2.4906961917877197,-0.000901241204701364,1.6270586252212524,0.46924325823783875,0.27209705114364624,0.5719397664070129,0.22264443337917328,0.5719397664070129,0.22264443337917328,2254.606986104016,426.01068454395147,2071.0284398514377,256.02141313500863,4381.532206170244,825.368300154776,20.38078823630347,8.820804876358526,0.009072599932551384,0.008000336587429047,0.01925764532098141,0.10387875639589902,0.14504853393686074,0.18011342866837804,0.13622082769870758,0.03775910288095474,0.12011605459686775,0.03843161566308377,4.134416103363037,24.08380889892578,135.99917763157896,metal
0.7310967445373535,41.4387092590332,-0.0008575370884500444,2.4032716751098633,0.0001065038813976571,1.6997305154800415,0.4630395174026489,0.27660709619522095,0.4977615475654602,0.22986362874507904,0.4977615475654602,0.22986362874507904,2302.533109168331,455.2646064912409,2069.6124853377037,264.1195111821759,4598.9875811158645,861.3146812054367,19.60592355078754,9.09165402455542,0.011573010124266148,0.009955156594514847,0.02586710474429183,0.13134944905199594,0.15923724649155732,0.19714082844949457,0.09829889237880707,0.03207191824913025,0.13070114619586234,0.04187038452418305,2.1471283435821533,8.957619667053223,161.4990234375,metal
5.706179141998291,41.6456184387207,0.0010470570996403694,1.8567358255386353,0.0001467690890422091,1.3620754480361938,0.45418450236320496,0.2826930284500122,0.5685449242591858,0.22544920444488525,0.5685449242591858,0.22544920444488525,1740.931222343514,426.38171660970477,2098.711184556225,274.63744539054903,4109.827481511021,879.3078909805755,20.420317753017827,8.998758005365405,0.002557603409513831,0.0026222201995551586,0.010566143692610332,0.0699757015588233,0.19168393690327565,0.22256375707754444,0.17353306710720062,0.02482437528669834,0.05375889706593194,0.025998268139053128,7.093289375305176,40.207679748535156,161.4990234375,metal
-3.7738523483276367,53.227996826171875,0.006100429687649012,3.2757465839385986,-0.0017349168192595243,1.8463128805160522,0.4148170053958893,0.2994220554828644,0.5947872400283813,0.2395961731672287,0.5947872400283813,0.2395961731672287,2743.073339684432,697.8489522299711,2450.8768853978645,318.0894334250079,5626.144685324826,1151.056477465943,20.069122975052736,8.74100291099072,0.017483126372098923,0.013598674908280373,0.0017852761796945938,0.0900822695829789,0.16740512417042577,0.2028343213838385,0.048833318054676056,0.027454229071736336,0.14284662304234338,0.062197348580115754,0.6894575357437134,5.92924690246582,117.45383522727273,metal
2.172581672668457,35.087646484375,0.008589665405452251,2.451251268386841,-0.0004154206835664809,1.2838411331176758,0.4800751209259033,0.28250670433044434,0.6112176179885864,0.21042566001415253,0.6112176179885864,0.21042566001415253,2807.8057561673,508.3220826480242,2407.4894835302443,209.51210452224055,5673.857467191126,795.291108162957,19.193179344082896,10.253678771807119,0.021105758845806122,0.01409861259162426,-0.013927931111842762,0.07537280181029357,0.15882149617490018,0.19192536642902155,0.1152983009815216,0.043896399438381195,0.15372966816511988,0.05469074556550247,3.1067357063293457,20.986257553100586,86.1328125,metal
4.164638996124268,30.88920021057129,0.0019360535079613328,1.4854570627212524,0.002313620876520872,0.9254823923110962,0.4454405903816223,0.28366872668266296,0.5403755307197571,0.23379026353359222,0.5403755307197571,0.23379026353359222,2339.8927465134484,351.67414211611833,2152.0353593549626,164.5488433237778,4708.18573493692,580.9060073798461,20.325666540188394,9.724637484846616,0.009822895750403404,0.006718385964632034,0.008986864392992027,0.08584770442024797,0.261743538389174,0.2917657251473924,0.19426143169403076,0.027732912451028824,0.11677021401295437,0.03929074724942852,8.13115119934082,42.46135711669922,123.046875,metal
7.775794506072998,26.531949996948242,0.003057618858292699,2.3040318489074707,0.0013389193918555975,1.4717575311660767,0.4300779104232788,0.28129276633262634,0.49015218019485474,0.2511289119720459,0.49015218019485474,0.2511289119720459,2642.0924576803404,538.8752885870776,2461.348759167464,326.18800237236815,5567.132384262616,1107.7212328952537,20.4512694281586,9.901132188840313,0.02129504084587097,0.02739606238901615,-0.020152613837355893,0.13100070451971063,0.1775074645524157,0.202752203730272,0.29335319995880127,0.047133129090070724,0.1212886093387471,0.042812373882694384,18.544897079467773,91.72145080566406,143.5546875,metal
-2.0333774089813232,53.93315124511719,-0.0020770649425685406,2.3679516315460205,-0.002078806981444359,1.5133858919143677,0.48359474539756775,0.2757284939289093,0.4803447425365448,0.2425973117351532,0.4803447425365448,0.2425973117351532,2725.3111027767286,613.6485962558554,2400.1015931750558,273.4348268200165,5496.87885187065,917.5202266486408,19.361221078970146,8.573508168521492,0.014929128810763359,0.011729611083865166,-0.0538093295980788,0.10611654494072677,0.1683094299390619,0.19696711253393892,0.04083139821887016,0.008882949128746986,0.13498352003576952,0.057892295838410074,0.3624625504016876,1.9122642278671265,123.046875,metal
6.77125883102417,33.3753776550293,-0.002595748985186219,2.229663610458374,-0.0005838139913976192,1.3907668590545654,0.4485018253326416,0.27661216259002686,0.43859368562698364,0.25593042373657227,0.43859368562698364,0.25593042373657227,2068.4834099126797,624.0104797498602,2199.4087969672987,394.63908732630114,4439.486998803654,1355.6988007899124,20.734141114170885,9.090622879685101,0.011261221952736378,0.021639849990606308,-0.02642021874474828,0.13461671534040034,0.1730282545610663,0.20245207531310172,0.2446407526731491,0.0812578946352005,0.08885850190931942,0.03932674003872884,14.529614448547363,88.32383728027344,112.34714673913044,metal
-0.5652796626091003,37.20539474487305,0.0044579459354281425,1.7083635330200195,-0.0005668710800819099,1.2921632528305054,0.49598461389541626,0.27284127473831177,0.5906702280044556,0.23052184283733368,0.5906702280044556,0.23052184283733368,2792.6082415451833,434.9081567060743,2250.712806505966,311.2716641476854,5321.340779527987,853.9783759375679,20.640421988516298,9.666505280364039,0.015646781772375107,0.010588360019028187,0.024469460650223665,0.09303279221551504,0.20848082508290217,0.23754492693717458,0.09689617902040482,0.03813078626990318,0.16249154098994587,0.05357313347167309,2.1768336296081543,19.527517318725586,143.5546875,metal
4.518105983734131,31.390548706054688,-0.0019692261703312397,1.3988208770751953,0.0004461256612557918,0.885403037071228,0.44089391827583313,0.2794918417930603,0.5533701181411743,0.21409016847610474,0.5533701181411743,0.21409016847610474,2740.9191494780016,350.8739672863755,2301.9114258838003,206.69808286846123,5408.697637217228,639.2604754700656,19.723113138977773,10.366524139433732,0.016802893951535225,0.010088754817843437,-0.004327666050632927,0.08419739232989744,0.2196875188171567,0.24920358551566335,0.14906156063079834,0.025059489533305168,0.15991871797660479,0.0347992910687611,4.498221397399902,18.40016746520996,151.99908088235293,metal
8.710502624511719,26.206398010253906,0.00124729098752141,2.3713810443878174,0.0001782009785529226,1.6906321048736572,0.5336741805076599,0.2634032070636749,0.5745382308959961,0.21887706220149994,0.5745382308959961,0.21887706220149994,2814.947126588473,603.4025362476137,2547.9267859040733,321.62791310201345,5897.1582824282195,1113.49309219309,19.313046803618487,10.039287746346867,0.03179813548922539,0.04751860722899437,-0.001126398105416609,0.07568945806796966,0.16197105642438417,0.1950099932961231,0.26946789026260376,0.04177308455109596,0.13179062137470998,0.04641504830583134,15.422456741333008,78.52783966064453,99.38401442307692,metal
2.2894184589385986,34.04072952270508,0.0022034321445971727,2.3468658924102783,0.003682689042761922,1.3376169204711914,0.4725470542907715,0.26909857988357544,0.5837066769599915,0.22147876024246216,0.5837066769599915,0.22147876024246216,2710.4946367774073,497.49585801711953,2264.267370312119,260.4234457206896,5323.439142709542,887.2193493498144,21.213894651714778,9.979816861132084,0.013698439113795757,0.009277993813157082,0.015973600768903688,0.0955209725891165,0.1818345869437798,0.2114745945012506,0.12733027338981628,0.042046818882226944,0.14385528446442383,0.04462455474041884,3.6381843090057373,26.60262680053711,123.046875,metal
4.530478477478027,32.661170959472656,0.0028694509528577328,2.3111841678619385,0.0006434184615500271,1.3809130191802979,0.4970836043357849,0.27869048714637756,0.5584011673927307,0.2257426679134369,0.5584011673927307,0.2257426679134369,2847.682766545686,557.2200508211304,2497.4780375557416,220.40660284786196,5929.641277552204,797.04106328937,20.666946931759025,10.751100906605256,0.016553491353988647,0.012120088562369347,-0.01251189693808677,0.06795916469017993,0.1618708532829664,0.19675800846117825,0.13984975218772888,0.055080536752939224,0.1440546754156999,0.053505489547683416,4.714214324951172,37.231204986572266,161.4990234375,metal
4.758281707763672,34.38792037963867,0.009065629914402962,1.711696743965149,-0.00034861735184676945,0.9757603406906128,0.5176882147789001,0.2495473176240921,0.4746869206428528,0.23363108932971954,0.4746869206428528,0.23363108932971954,2138.144345986772,311.1858912112845,1970.8392521568358,203.5830922194819,4201.114606746664,729.5839351414093,20.98240715911567,10.579204589870066,0.008285692892968655,0.006037712097167969,-0.0642722331326784,0.1235112652193176,0.21335303570591388,0.2412803830954484,0.1903364658355713,0.033394403755664825,0.12193549702726218,0.027868748310121986,7.588228225708008,26.727079391479492,151.99908088235293,metal
1.6709777116775513,34.060550689697266,-0.0010170593159273267,1.8062635660171509,0.0016766473418101668,1.2021890878677368,0.5132748484611511,0.25894734263420105,0.6385989785194397,0.2047920674085617,0.6385989785194397,0.2047920674085617,2378.4924001543222,306.480439974455,2092.421779848281,182.40201891882745,4748.421016259425,535.1324545469149,19.52621721201591,9.54948974060906,0.012349208816885948,0.00775405578315258,-0.008959816879237043,0.10309684060564754,0.20438465428624722,0.23271339192028068,0.13156159222126007,0.0386052168905735,0.1412658455384764,0.03142252095299577,3.817523241043091,19.289098739624023,123.046875,metal
3.6741323471069336,33.123748779296875,-0.0007342179887928069,2.1213936805725098,0.001101997564546764,1.2022242546081543,0.4573867917060852,0.2706618010997772,0.567945122718811,0.2321399450302124,0.567945122718811,0.2321399450302124,2340.925502580738,543.8291050165668,2140.627460806763,301.4675461797076,4716.54588031105,1046.071330381348,21.08061740905667,9.987580210932753,0.010942329652607441,0.012265816330909729,0.020150670276105374,0.08877300792658957,0.18387457761580325,0.2108347061833271,0.20857539772987366,0.032730862498283386,0.12287165264887857,0.0447828247538525,9.382412910461426,44.77641296386719,117.45383522727273,metal
6.5048627853393555,29.469697952270508,-0.0027217515744268894,2.5003554821014404,-0.0005625617341138422,1.6260181665420532,0.4805905222892761,0.2799082100391388,0.5891101360321045,0.22667963802814484,0.5891101360321045,0.22667963802814484,2522.1247438723517,486.668167868389,2275.6554221972538,340.41201548353376,5088.755539896317,1013.1705489398868,19.459148423931108,9.884073364118276,0.025869907811284065,0.03492651879787445,0.0175365367084566,0.09488805768308312,0.1606493576699283,0.1912682529329903,0.22971004247665405,0.06493312120437622,0.1385170449052591,0.0460043461894972,11.328649520874023,52.20659637451172,151.99908088235293,metal
0.9347423911094666,31.5966854095459,-0.0016625105636194348,2.12510085105896,0.00048001264804042876,1.2851545810699463,0.44114580750465393,0.2769854962825775,0.5164235830307007,0.2342766672372818,0.5164235830307007,0.2342766672372818,2647.101020975536,429.60655865396546,2256.609599766276,243.23201527092158,5304.828659730279,735.5131321226462,21.477981844245317,10.217846048929141,0.014784831553697586,0.012176398187875748,-0.007544934585113856,0.12243775736301103,0.20165754445437578,0.22994133104999237,0.15188850462436676,0.04643741622567177,0.1577129555781129,0.03945698402117076,4.900217533111572,22.711044311523438,103.359375,metal
0.8851892352104187,37.512535095214844,0.002298726001754403,2.100578784942627,-0.002460773568600416,1.3029066324234009,0.43449100852012634,0.2836263179779053,0.47610437870025635,0.23705360293388367,0.47610437870025635,0.23705360293388367,2629.8501440745704,464.68580072731964,2248.6904965784997,245.66964284447886,5190.917515588747,846.2581334978056,19.98346994609462,9.351340871355493,0.016810722649097443,0.012093027122318745,0.026382094955649863,0.1250167860794675,0.1884888781769366,0.22174024439351162,0.08825738728046417,0.018495000898838043,0.15901012966453984,0.04621988212787239,1.5589542388916016,6.188116550445557,123.046875,metal
8.328763961791992,24.357667922973633,-0.0036733169108629227,1.967684268951416,-0.00047095760237425566,1.4708293676376343,0.51662677526474,0.26887941360473633,0.540417492389679,0.2295619249343872,0.540417492389679,0.2295619249343872,3338.5301942115357,414.6757981778824,2697.1444825624217,213.95293096436424,6670.904725112384,596.4027117213972,19.09826314059035,10.657143712130308,0.04971534013748169,0.04977133497595787,-0.009190916868413024,0.09337954778275152,0.19953314226270044,0.2267622179988687,0.26713889837265015,0.03398853912949562,0.18673944436388246,0.0431946829078532,13.931690216064453,57.805458068847656,95.703125,metal
2.2425730228424072,45.965152740478516,0.007663083262741566,3.8494811058044434,-0.0015840769046917558,2.344316244125366,0.4215688705444336,0.29639992117881775,0.60626620054245,0.21911628544330597,0.60626620054245,0.21911628544330597,1988.333598338055,580.9799414336695,1987.148634247517,369.44303891928,4148.097629060325,1153.0271193362544,20.58023107677151,8.612488516481982,0.00500649306923151,0.006144409067928791,0.035965448424469644,0.08714427254144637,0.13057028701346848,0.17129511735610597,0.1332734078168869,0.05787988007068634,0.09239202677880898,0.04607205607959435,4.648717880249023,40.04710388183594,117.45383522727273,metal
7.278982162475586,41.797794342041016,-0.0013579002115875483,1.8379334211349487,1.781349965312984e-05,1.0307443141937256,0.45603951811790466,0.3012754023075104,0.3603973090648651,0.26876407861709595,0.3603973090648651,0.26876407861709595,1443.8328603987707,384.43278028468575,1727.2151796545024,233.53256387026113,3286.428103701421,702.8859808469174,20.267960122071013,8.719545246409941,0.0012951450189575553,0.002080945298075676,-0.03426788445207904,0.19383626569221604,0.15955197592342507,0.18740435819478468,0.26595938205718994,0.06463443487882614,0.046537772500966745,0.026476176405310095,17.370853424072266,113.76871490478516,151.99908088235293,metal
3.289764881134033,37.477752685546875,-0.0003296144714113325,1.736804485321045,-9.155122097581625e-05,1.2217754125595093,0.42690107226371765,0.2899811267852783,0.42319220304489136,0.23909440636634827,0.42319220304489136,0.23909440636634827,2141.580203124421,475.050969424366,2217.634537092959,252.3383013231305,4683.230201384861,897.9775648002129,21.500732497666796,9.617575729852923,0.004817986860871315,0.0032803108915686607,-0.0028377630045560024,0.13264469364318565,0.20415597902334698,0.23685764757268546,0.14654946327209473,0.019397811964154243,0.08463503903228925,0.042246118742358174,4.682084560394287,23.865478515625,89.10290948275862,metal
-0.5765884518623352,38.30442428588867,0.004384278319776058,1.8938770294189453,0.0020865437109023333,1.146487832069397,0.3801425099372864,0.2875209450721741,0.5061606168746948,0.23645557463169098,0.5061606168746948,0.23645557463169098,2323.601876230782,465.12842359841244,2263.873465274725,204.86355815837337,5018.635236912703,758.4650806369751,21.910622377753715,9.144261076966075,0.007013958878815174,0.004295660182833672,-0.021968487922806267,0.11732040418608639,0.2098468487217887,0.23664440509107112,0.11595992743968964,0.03238460049033165,0.1200435487964037,0.046222416372560256,2.909865140914917,12.822205543518066,92.28515625,metal
-1.264886736869812,35.63130569458008,0.005374266300350428,2.0344951152801514,0.004039963707327843,1.2660871744155884,0.3419780135154724,0.2987411618232727,0.4334740936756134,0.2633475959300995,0.4334740936756134,0.2633475959300995,2090.1932438829344,413.7006358200623,2065.3245236316834,269.5034181328088,4392.865032718242,840.5170663445813,21.803225311480436,9.289116147793214,0.006396975368261337,0.006776917260140181,0.022746567005708155,0.18674874317165907,0.21272763359488364,0.23848154548636505,0.16623125970363617,0.037781260907649994,0.09328588735015468,0.03307094764668023,6.415129661560059,31.092565536499023,117.45383522727273,metal
-0.35968801379203796,36.969818115234375,0.002443621400743723,1.3955570459365845,-0.0006512253312394023,0.9548636674880981,0.44442054629325867,0.28526297211647034,0.598669171333313,0.22745397686958313,0.598669171333313,0.22745397686958313,2644.877602537062,293.5997328228763,2268.124641763541,118.93103234154988,5176.9201008736945,356.8656724383486,19.672778274587134,9.129171487053167,0.014119417406618595,0.008945450186729431,0.028196107726635344,0.08269144350451098,0.2173413165384926,0.24650890157098335,0.09198470413684845,0.020639168098568916,0.1416087375531709,0.039851007325561724,1.8601168394088745,10.427892684936523,172.265625,metal
-0.9598867893218994,39.95125198364258,0.0053180307149887085,2.3472177982330322,-0.002844142960384488,1.6601994037628174,0.40696465969085693,0.288291871547699,0.5026401877403259,0.2492934763431549,0.5026401877403259,0.2492934763431549,2707.018738290395,664.7472171833641,2234.822828310659,267.9192440041249,5291.122684345998,991.331026503048,20.561003968605945,9.38118004967658,0.01774359680712223,0.018675679340958595,0.037213571897854424,0.10409594677116502,0.20121974810816934,0.2287790204281269,0.09046082943677902,0.024823050945997238,0.16082730628866976,0.05771541484334453,1.7180660963058472,6.2854838371276855,161.4990234375,metal
6.148417949676514,29.655101776123047,-0.009479498490691185,1.9899678230285645,-0.0062223561108112335,1.272280216217041,0.5292955040931702,0.2624582052230835,0.5372194051742554,0.24722594022750854,0.5372194051742554,0.24722594022750854,2446.2488617975387,507.1181148120305,2331.004908877427,236.24893530644948,5192.782727305685,914.5559605681389,21.257104373270003,10.340908937492218,0.01549211423844099,0.018803326413035393,-0.026181578966960703,0.12523586771101922,0.17869114573983053,0.20755564877275673,0.1853938102722168,0.06152544915676117,0.12111678569702243,0.04885181226604052,8.209006309509277,63.82406997680664,151.99908088235293,metal
5.2338361740112305,32.98792266845703,-0.0010938525665551424,2.871959686279297,0.0002199716545874253,1.7105880975723267,0.518351137638092,0.2748996615409851,0.5289523601531982,0.2452305406332016,0.5289523601531982,0.2452305406332016,2493.5070129592455,664.4524158417424,2286.357472386488,333.66618179039995,5104.942913011166,1117.042157881612,20.653941717219503,10.12922406625047,0.014295600354671478,0.01755632646381855,0.0015577598587622505,0.11452293347172239,0.14288376517114418,0.17745415303148168,0.18817004561424255,0.05617678165435791,0.12817326167343387,0.05965169476640438,8.239433288574219,51.092525482177734,161.4990234375,metal
6.062215805053711,38.739402770996094,-0.0010276769753545523,1.8916715383529663,-0.0010794870322570205,1.126922369003296,0.4918600916862488,0.2716255187988281,0.5483828186988831,0.2430894672870636,0.5483828186988831,0.2430894672870636,1983.7751575084244,578.6724321382518,2112.3256966584036,256.8349059844796,4242.224206061485,1107.3433204406697,21.226276599240123,9.544064104588184,0.007058918941766024,0.01173632126301527,0.026412650274350025,0.10575460855122161,0.17375458567728883,0.20102417987267562,0.1860257387161255,0.05200197175145149,0.08622601266434649,0.04457227534697113,8.205498695373535,53.72285461425781,112.34714673913044,metal
2.9871344566345215,39.83402633666992,0.001887534512206912,3.1903018951416016,-0.00023770712141413242,1.9001398086547852,0.5104883313179016,0.27775511145591736,0.5426666140556335,0.2534502446651459,0.5426666140556335,0.2534502446651459,2241.1592830281006,626.2784148419944,2115.9491769285764,358.50673854676774,4490.771994181409,1256.2199857153487,20.67121225956599,9.520702843925042,0.011359085328876972,0.015613974072039127,-0.006963504729825158,0.10278549019300905,0.09360882835353436,0.12894918568459796,0.13896144926548004,0.0669611245393753,0.11569735474671307,0.060609586974360495,5.092520236968994,46.979408264160156,151.99908088235293,metal
5.048511028289795,33.094356536865234,-0.000589049537666142,2.7033450603485107,-0.0007995537598617375,1.8185731172561646,0.5162538886070251,0.27405235171318054,0.5574690699577332,0.23841005563735962,0.5574690699577332,0.23841005563735962,2375.3719707454475,562.9814639928928,2231.730875766868,260.7795857754973,4898.1542175717805,978.7061568190715,20.749669383474,9.92255255405007,0.012127871625125408,0.016951408237218857,0.013913979439952373,0.09681682755308539,0.13735129025473441,0.16498509976388231,0.17008242011070251,0.061317749321460724,0.10796566850348027,0.056558397750387936,7.107419013977051,58.26469421386719,143.5546875,metal
3.622309684753418,32.6860237121582,-0.006726936437189579,2.8215153217315674,-0.00013138444046489894,1.7502914667129517,0.38965359330177307,0.3015507459640503,0.39497485756874084,0.25947123765945435,0.39497485756874084,0.25947123765945435,3422.0718638777685,1039.287259273014,3409.782871188017,404.6043680834535,7953.037936394287,1643.3275726267693,18.877473099040067,4.386633761554204,0.045823972672224045,0.05753004923462868,0.029352304275354076,0.11971684427432651,0.15461485693517474,0.18825402085553633,0.18578337132930756,0.08669015765190125,0.1267201245891338,0.09721121778526867,9.463434219360352,72.25499725341797,89.10290948275862,pop
5.19463586807251,30.1917724609375,-0.0025249498430639505,4.970837593078613,0.003350714920088649,2.965982675552368,0.41301465034484863,0.3125034272670746,0.6121366620063782,0.2207522839307785,0.6121366620063782,0.2207522839307785,3702.062802894826,1184.9397315208482,3431.8534035602524,423.5292487881214,8072.9693844257545,1635.1748158191263,18.165492383211884,4.96446682714707,0.05436196178197861,0.05708640441298485,0.01393808598593036,0.07244564349512327,0.16320580541625476,0.1929619726673896,0.26224416494369507,0.12182255834341049,0.14939442551237433,0.09909599268290842,18.382732391357422,156.92054748535156,107.666015625,pop
6.244680881500244,26.024097442626953,-0.004610649310052395,3.2614834308624268,-0.0049027916975319386,2.220991849899292,0.4178105294704437,0.3058858811855316,0.5957421660423279,0.22931821644306183,0.5957421660423279,0.22931821644306183,3214.01967827975,1003.21114569734,3269.587993759097,327.08742376812575,7424.267068318591,1566.1101798137004,17.44254603716552,4.60435653940791,0.06396953761577606,0.07144167274236679,0.007699746649002667,0.08072313394527475,0.13005411374342085,0.173832282584734,0.2150869518518448,0.0812067911028862,0.11886608480761794,0.0759225626578151,11.968870162963867,90.80172729492188,83.35433467741936,pop
2.6468827724456787,45.18843078613281,0.0064698574133217335,2.7856357097625732,-0.00013093040615785867,1.7002031803131104,0.4099036157131195,0.28484973311424255,0.35423141717910767,0.2590130865573883,0.35423141717910767,0.2590130865573883,1837.4928259861476,887.357762716195,2067.3993701581285,639.4389233230751,3671.361171784368,1774.898749870274,21.116268553705428,5.684971434939056,0.009738689288496971,0.01902332715690136,0.08164080606070243,0.1961662521691444,0.15514421295020017,0.1833151065500959,0.1293409764766693,0.04255368560552597,0.08532308886794276,0.04577691885387268,4.055905342102051,23.9205322265625,92.28515625,pop
5.243221282958984,23.039016723632812,-0.003917941823601723,1.9673221111297607,-0.0007439537439495325,1.2786206007003784,0.3844033181667328,0.28906235098838806,0.487343966960907,0.24638648331165314,0.487343966960907,0.24638648331165314,2753.2347231451085,847.2364238539186,2861.5569996470863,386.4669178542341,5986.838327925609,1643.6773969054166,18.3122315622848,4.6983184830871965,0.046667587012052536,0.04607018083333969,0.02095285546735575,0.13067910196471308,0.20526425566791323,0.23633327043752528,0.211077019572258,0.05075240135192871,0.12370886806361175,0.07140970041748092,10.053542137145996,53.234920501708984,107.666015625,pop
-1.5545058250427246,47.23023986816406,0.0130851361900568,2.1963002681732178,0.0030497456900775433,1.5200506448745728,0.3232179582118988,0.29452499747276306,0.46447402238845825,0.275617390871048,0.46447402238845825,0.275617390871048,2290.14021271062,741.5228991550883,2436.188548647075,444.95732379335533,4748.687475076131,1622.1710940254245,19.8116942842859,5.009385725242179,0.025019092485308647,0.025714805349707603,-0.05932257499082665,0.16831509642786513,0.20031087096864988,0.23762109651995178,0.13958415389060974,0.0772525817155838,0.10673155935808198,0.04955039693028179,5.2681708335876465,29.19403839111328,172.265625,pop
0.6430310606956482,48.22429275512695,0.006872677709907293,2.5697379112243652,0.0007769269868731499,1.4676790237426758,0.3744543492794037,0.29296794533729553,0.31849464774131775,0.26366761326789856,0.31849464774131775,0.26366761326789856,2125.387814463357,851.3367386819494,2673.8359770958978,461.69150218769073,4978.558165512616,1900.8047429418405,17.838939189270143,4.402193447826603,0.017817674204707146,0.025862380862236023,0.09624189488542967,0.19333237538645348,0.14915118810435884,0.18857262371337663,0.09394184499979019,0.0382247269153595,0.06768001075502707,0.05205047110530427,2.3538296222686768,15.592846870422363,92.28515625,pop
-2.6772804260253906,60.194541931152344,0.005860431585460901,2.4039885997772217,-0.004167003557085991,1.3063971996307373,0.2517058551311493,0.3024385869503021,0.402429461479187,0.2758961021900177,0.402429461479187,0.2758961021900177,1967.744332450365,941.824335582465,2326.1583267901756,702.8603087253957,4125.7567226471865,2289.0815159991403,21.635422083484915,5.839029907160511,0.009455330669879913,0.02504054829478264,-0.016391749650499957,0.17426170440959327,0.18619267635307177,0.21262230819843655,0.08430226147174835,0.04880096763372421,0.08230050331109823,0.048826531035643626,2.079301595687866,18.23668670654297,129.19921875,pop
5.135944843292236,26.3045711517334,0.003030673833563924,2.1308391094207764,0.0004649162292480469,1.2895421981811523,0.40371543169021606,0.2934812903404236,0.377331018447876,0.25068989396095276,0.377331018447876,0.25068989396095276,2884.9162662284352,987.1516059363241,3009.471410755311,376.9481136251615,6428.876851163718,1707.590548002522,18.510033235018916,4.236664860882594,0.03769270330667496,0.03896087780594826,-0.03603008474752733,0.17263939406159523,0.202971372660924,0.23520224727374903,0.19541575014591217,0.04350963607430458,0.12125651041666667,0.08896737566058502,8.497117042541504,44.97922134399414,172.265625,pop
3.5115952491760254,23.297927856445312,0.0013460981426760554,2.484577178955078,-0.00023087185400072485,1.644755482673645,0.45465800166130066,0.2789951264858246,0.647458016872406,0.19437946379184723,0.647458016872406,0.19437946379184723,3279.5319127248636,724.2912176671877,3026.2086959079884,316.345208696062,6952.518387017836,1199.7490689948079,17.071799258129207,4.214631277557749,0.09039755910634995,0.06502275168895721,-0.013979882468899911,0.07761058345983937,0.17489410167279174,0.209019841074318,0.15963758528232574,0.057379841804504395,0.1727420485305491,0.0655677657903409,5.815787315368652,32.7677116394043,107.666015625,pop
4.526391983032227,40.27347183227539,0.0002650558890309185,3.3207590579986572,-0.0005937697715125978,1.9960315227508545,0.37800800800323486,0.2964514493942261,0.34310802817344666,0.26656606793403625,0.34310802817344666,0.26656606793403625,1900.384454029494,872.7223014592915,2420.0936288076728,572.0038032159677,4189.7318191705335,2009.6615167494565,20.096081620879634,4.851575980504469,0.016659071668982506,0.03228672593832016,-0.0003217595996912043,0.2148955212031596,0.10758787897729886,0.1452652271631157,0.1839577704668045,0.05638628453016281,0.06617287195475638,0.04726076836812009,8.371443748474121,44.48106384277344,107.666015625,pop
-11.347033500671387,60.30519485473633,-0.000967870990280062,1.8866117000579834,0.00400810269638896,1.0389834642410278,0.2256493866443634,0.2939161956310272,0.2780311703681946,0.29446882009506226,0.2780311703681946,0.29446882009506226,2200.3688928202637,748.7771036396373,2579.579748350041,457.39348180555555,4626.45781975058,1775.593673493651,21.738117260689325,4.836458289460297,0.011644171550869942,0.024796515703201294,0.06631462532587742,0.24988973435561262,0.24011166920824958,0.2684788570561854,0.055756837129592896,0.03517424315214157,0.08708475323859242,0.05341195268915153,0.9474640488624573,10.189239501953125,123.046875,pop
2.0379700660705566,26.99211883544922,0.0020117666572332382,2.143651008605957,-0.003293933579698205,1.2353132963180542,0.3858306407928467,0.29197248816490173,0.42756444215774536,0.2796785533428192,0.42756444215774536,0.2796785533428192,2679.229420619229,761.1875044374283,2661.758074512505,438.4219707128098,5533.5918807098315,1656.8620343077791,18.511019222297357,4.058048688319308,0.04431869089603424,0.05353495478630066,0.018951725429364904,0.19607892267674662,0.21341932937090036,0.24191726533461907,0.16415470838546753,0.05139144882559776,0.12588517498066512,0.05800375435701471,5.89616060256958,27.910152435302734,99.38401442307692,pop
4.086686611175537,48.123878479003906,-0.0003107243974227458,3.483675956726074,5.915978181292303e-05,2.1343836784362793,0.3561688959598541,0.30771511793136597,0.27677440643310547,0.27129244804382324,0.27677440643310547,0.27129244804382324,2150.030333919017,995.8875691031697,2917.5456250824986,489.3061993976186,5224.7411316342805,2592.5014377819753,20.51423168571529,5.090464111127776,0.012471496127545834,0.02922910451889038,0.04098277537096341,0.2574249543321891,0.11791687053107884,0.15333155163689074,0.17301951348781586,0.052239809185266495,0.05164452218677494,0.03981028178249062,7.568273067474365,52.871131896972656,143.5546875,pop
0.6163381934165955,41.5737190246582,-0.0007029204280115664,2.140146493911743,0.002068503759801388,1.3783869743347168,0.4259999096393585,0.288133442401886,0.540978729724884,0.23045168817043304,0.540978729724884,0.23045168817043304,1997.9152625255454,527.8000414731479,2291.452673927379,355.8977452118236,4139.121297672564,1325.2067390238767,16.752459698364163,3.4813834523652667,0.021856432780623436,0.025559058412909508,0.005793050544334045,0.09683577733074793,0.2057755945209226,0.2355237054277167,0.07802550494670868,0.016494695097208023,0.08802619574149265,0.03588563030980035,1.4050405025482178,6.555297374725342,117.45383522727273,pop
4.223811626434326,26.045135498046875,-0.001114636892452836,3.5843634605407715,-0.0017197554698213935,2.22210693359375,0.38674166798591614,0.2983911335468292,0.5714445114135742,0.2162747085094452,0.5714445114135742,0.2162747085094452,3207.617470903022,917.7089482726299,3125.923874181563,357.9724209472263,7020.323829031323,1560.7403757928212,17.603695871533372,4.696905126132,0.07255928218364716,0.06739494949579239,0.03797625819586001,0.08063354158551646,0.10727814039398464,0.15370430874220278,0.19606980681419373,0.07899787276983261,0.1415838136842614,0.0834556067091138,9.399618148803711,57.6029167175293,103.359375,pop
-0.1126355528831482,33.446739196777344,0.006318998523056507,3.8425920009613037,-0.0008840466616675258,2.2758729457855225,0.38881102204322815,0.3061268627643585,0.45262959599494934,0.27108117938041687,0.45262959599494934,0.27108117938041687,3488.897943286259,956.8570975306999,3205.348888911562,345.83399399804443,7496.760520138486,1547.9224233257762,17.720957856966564,4.510683422863172,0.09175766259431839,0.09749692678451538,-0.03333589570188059,0.1546366417840957,0.12556647721285547,0.18152172244785791,0.1465684175491333,0.10211923718452454,0.1533135150812065,0.08591965680009693,6.648386001586914,58.16279983520508,107.666015625,pop
3.2830519676208496,25.23753547668457,-0.0011669504456222057,1.5749210119247437,-2.0165694877505302e-05,0.8957481384277344,0.43535956740379333,0.2874058485031128,0.4148741066455841,0.2804451286792755,0.4148741066455841,0.2804451286792755,2789.3877172068255,610.953459170485,2795.7392914058632,416.23449648050916,6113.039884987674,1356.1962572361633,16.644122923330368,3.4134470135680126,0.05015651136636734,0.03805727884173393,-0.05621394983631802,0.16326677494227532,0.25729914306554097,0.2875811306404229,0.14306944608688354,0.03268598020076752,0.12616349151682135,0.05010799930716635,4.5654072761535645,22.62906265258789,107.666015625,pop
6.035506725311279,24.827089309692383,0.009586975909769535,2.811694860458374,-0.0011418143985792994,1.803102970123291,0.4100084900856018,0.29427552223205566,0.44300931692123413,0.22663311660289764,0.44300931692123413,0.22663311660289764,3433.9852325067322,915.8304798301397,3405.766699592917,303.1610859161414,7932.862007866879,1245.2777744699345,18.00689823448956,4.563327866037442,0.056423697620630264,0.04854831472039223,0.0027411539215637997,0.11113645195040375,0.14309296954352116,0.1764386906502283,0.20743432641029358,0.0611627921462059,0.12767176322022428,0.0746169756164035,10.197625160217285,58.74337387084961,123.046875,pop
1.7736417055130005,25.277376174926758,-0.0046264673583209515,3.4142608642578125,0.0014559244737029076,1.9882326126098633,0.376596063375473,0.29670146107673645,0.5125042796134949,0.2461877316236496,0.5125042796134949,0.2461877316236496,3131.3254325021653,1095.076685950464,2944.9857252295656,438.33369768338116,6553.363079593242,1844.3149200650014,17.710563255185285,4.464890032342135,0.0722825676202774,0.07092496007680893,0.038189470154667844,0.12356154900635809,0.14464785505459357,0.1807585065537161,0.21086522936820984,0.07617020606994629,0.15598678883894046,0.10764978385371708,10.39543342590332,63.933738708496094,92.28515625,pop
5.348694324493408,20.675148010253906,0.0032403620425611734,3.0312345027923584,-0.0002500623231753707,1.9721487760543823,0.412326842546463,0.28563806414604187,0.5327182412147522,0.23757396638393402,0.5327182412147522,0.23757396638393402,3486.4421684913805,817.7984551718068,3132.0290825436546,287.23560117565944,7442.561131453016,1304.626930345446,16.863508690691656,4.2579142282588265,0.11731813848018646,0.0897207111120224,0.021940442398874875,0.09729694485575655,0.12188929163352591,0.16625410115060496,0.2480057328939438,0.08628735691308975,0.17964142860595514,0.0820442711584509,13.076525688171387,56.29075241088867,107.666015625,pop
4.452582359313965,25.13374900817871,0.006268990691751242,3.3389337062835693,0.0007943919626995921,1.9391497373580933,0.5045263171195984,0.27132248878479004,0.5507725477218628,0.2490026205778122,0.5507725477218628,0.2490026205778122,3501.7665177124118,903.837240177953,3027.1371830199087,392.07171478328587,7199.7089005401685,1566.9351366924998,15.867269728439192,4.029757440036065,0.13373643159866333,0.1040053591132164,0.024577306914185474,0.11560005988533731,0.10086351609515261,0.14274784786431294,0.19351787865161896,0.10214145481586456,0.18691957596191028,0.08873343327574829,9.584311485290527,72.45134735107422,99.38401442307692,pop
4.227346897125244,26.01845359802246,1.9917410099878907e-05,3.576850652694702,-0.0018565381178632379,2.218350887298584,0.3869722783565521,0.29840320348739624,0.5684313774108887,0.2163436859846115,0.5684313774108887,0.2163436859846115,3206.647958001011,915.0954808570475,3126.207007255885,358.0231675374808,7019.799238235933,1567.006181421074,17.606743524079167,4.724078484537786,0.07266271859407425,0.06811048090457916,0.038170451301505925,0.08039053443929256,0.10751460743172352,0.15387956030513653,0.19603845477104187,0.07906173169612885,0.14153094487142304,0.0834039188057279,9.399528503417969,57.608253479003906,103.359375,pop
3.63301420211792,26.170944213867188,0.004052881151437759,3.849323272705078,-0.002574218437075615,2.532959461212158,0.39335328340530396,0.30854669213294983,0.5589560270309448,0.2635035216808319,0.5589560270309448,0.2635035216808319,3758.7805887809614,1208.3525471636772,3293.5288823010783,424.13888850655536,7853.9235834179235,1795.6955027418467,17.88850439770973,4.801342914464285,0.09765326976776123,0.09389364719390869,0.0447717036887748,0.1129879616409998,0.12107827399562045,0.16314501737953654,0.21067924797534943,0.08514957129955292,0.1775614184551431,0.1002862099787844,10.401559829711914,69.87762451171875,103.359375,pop
4.139132499694824,24.943256378173828,-0.002659144112840295,3.360496997833252,-0.004337213933467865,2.183445930480957,0.41110682487487793,0.3116636872291565,0.5303448438644409,0.23719480633735657,0.5303448438644409,0.23719480633735657,3301.0929850079233,893.4330024136618,3175.4641267443717,354.68966907307055,7301.5711100638055,1530.4456521379786,18.025615931890616,4.785160376919574,0.06820601224899292,0.0669228807091713,-0.01647491768463985,0.11528325217139934,0.12397845438775525,0.16597988019920568,0.20741426944732666,0.09432324767112732,0.14444628226508122,0.0825516338119173,10.943410873413086,68.71949768066406,117.45383522727273,pop
0.7347100377082825,38.514225006103516,0.00756338145583868,3.837985038757324,-0.001717083272524178,2.3542838096618652,0.330287903547287,0.30630332231521606,0.4634241461753845,0.27059563994407654,0.4634241461753845,0.27059563994407654,2927.9899764980723,1257.7041193679984,3200.83575564453,541.4478131827433,6815.933262942285,2372.0785156807005,19.2965646032457,4.842861711874712,0.03366027772426605,0.04742952436208725,0.05284270619508447,0.18658753390358804,0.109105500264805,0.14610326580866506,0.18959826231002808,0.08068693429231644,0.10568551213263727,0.08758417457552027,9.61132526397705,58.39530563354492,151.99908088235293,pop
2.0700037479400635,33.78194808959961,0.0136183500289917,2.8841631412506104,0.00198336411267519,1.9058457612991333,0.3349616527557373,0.3009161651134491,0.4897337853908539,0.2743885815143585,0.4897337853908539,0.2743885815143585,2525.5919589591927,1004.5240155255423,2848.409561296772,525.5258484274437,5552.801896026682,2227.6253381727515,19.14326435067825,4.575514623954386,0.030346572399139404,0.040560632944107056,0.07353339491650172,0.1445316307163773,0.13319760353841067,0.16317007604947428,0.19562603533267975,0.0886332243680954,0.10349447747486465,0.062356989653056284,9.991147994995117,56.684017181396484,75.99954044117646,pop
2.0804498195648193,32.164703369140625,0.009700870141386986,3.295891046524048,-0.0019600470550358295,2.7209997177124023,0.3776119649410248,0.2927171289920807,0.5348143577575684,0.2390599399805069,0.5348143577575684,0.2390599399805069,2682.2841409756757,897.3845672809136,2923.9677288760545,436.72826267666505,5956.0789882721865,1973.9282727224295,17.91190945701447,4.585929657202601,0.047302521765232086,0.052355822175741196,0.0054313944597136595,0.1226717615709718,0.12700498003157626,0.17419054391026292,0.1579022854566574,0.05233655497431755,0.1018672509425754,0.05316766008091949,6.01129674911499,33.601600646972656,83.35433467741936,pop
4.441888809204102,25.978866577148438,0.000456450623460114,2.8008625507354736,0.0006988781969994307,2.0598766803741455,0.34944719076156616,0.29291948676109314,0.4934116303920746,0.2361406534910202,0.4934116303920746,0.2361406534910202,2945.9657785971135,847.3720476901433,3051.3134268784397,403.2610396930841,6654.684044645446,1698.014387349056,17.586253069744714,4.502283259358514,0.05918874964118004,0.05857839807868004,0.01690026112453167,0.1285953103129994,0.12287132643044912,0.17118042834584613,0.19454771280288696,0.06954721361398697,0.12120741794760248,0.058151448851698095,9.2581787109375,49.078269958496094,99.38401442307692,pop
5.973606109619141,25.51492691040039,0.008524570614099503,3.1223742961883545,-0.0011380008654668927,2.1467788219451904,0.35469093918800354,0.3093648850917816,0.4874836802482605,0.2579505145549774,0.4874836802482605,0.2579505145549774,2988.4872553900304,819.3107187203542,3142.962821876344,382.64935569559975,6919.161073901537,1609.3438715246398,18.393058163094718,4.4334579459226475,0.04873358830809593,0.056508515030145645,-0.04106373847440541,0.14282192381691405,0.12313080495910692,0.1632993643516537,0.2340933382511139,0.07934389263391495,0.11151920799497293,0.055176942518606865,13.412955284118652,83.3602294921875,161.4990234375,pop
2.5153818130493164,23.357730865478516,-0.008103395812213421,2.925373077392578,0.0012135148281231523,1.6893267631530762,0.3576304316520691,0.2910436689853668,0.4436597228050232,0.2502463161945343,0.4436597228050232,0.2502463161945343,3070.672740776136,780.386753575755,2975.765677265415,353.5813277278695,6653.076964907193,1510.1608467450571,17.16546892808001,3.8884549742670584,0.07503420114517212,0.06922834366559982,-0.05551521998852438,0.13927440651365583,0.14024756588151296,0.17942533493707127,0.2030930370092392,0.07961016893386841,0.14867918600154678,0.06786708122174302,9.727871894836426,57.381534576416016,95.703125,pop
2.396066188812256,23.40293312072754,-0.00938495621085167,2.9574365615844727,0.0014945532893761992,1.714151382446289,0.366108775138855,0.2920033633708954,0.44497421383857727,0.24927444756031036,0.44497421383857727,0.24927444756031036,3110.8981962269786,779.4188886329781,2992.0106380347183,346.8369893146131,6744.988602994489,1477.6108609523696,17.236283911627723,4.072425656551355,0.07849550992250443,0.07041982561349869,-0.05501964466876236,0.13743491372589242,0.1502943605365002,0.1873282804099083,0.19832180440425873,0.07780680060386658,0.15285733275328692,0.06874427356945285,9.213793754577637,54.085601806640625,95.703125,pop
-0.6662341356277466,35.50489807128906,-0.0013155507622286677,4.191364288330078,-0.0012696445919573307,2.4596970081329346,0.4267692565917969,0.29856443405151367,0.5151471495628357,0.2558138072490692,0.5151471495628357,0.2558138072490692,4225.461048306688,1279.4736066372634,3404.380733308111,324.36400824834465,8483.38257685615,1448.8755492825994,17.239673062251835,4.196937370060958,0.12586909532546997,0.10687090456485748,-0.011609069001618663,0.1255496155075873,0.12131392486140705,0.16150902675674078,0.09786053001880646,0.04632935672998428,0.22864062197892498,0.1366048135707203,2.17471981048584,18.95762825012207,95.703125,pop
0.8431290984153748,33.508480072021484,0.007971394807100296,3.179227590560913,0.0009115378488786519,1.577679991722107,0.4230360984802246,0.29213282465934753,0.49941712617874146,0.2590906322002411,0.49941712617874146,0.2590906322002411,2835.1193752816057,661.4625179777988,2731.752386690104,404.8291112623395,5944.9793131888055,1437.3805407249306,16.841430938318855,4.134082870616575,0.061381660401821136,0.0450802706182003,0.046469467943358836,0.13637764754531384,0.1582642222125231,0.19937878183400337,0.13989581167697906,0.04999338835477829,0.1370099061049884,0.049314851310667374,4.622851848602295,23.556034088134766,99.38401442307692,pop
1.3784006834030151,29.91581153869629,-0.0011466918513178825,3.610628366470337,0.0011707291705533862,2.133817195892334,0.34096360206604004,0.29789403080940247,0.4249989688396454,0.2780666649341583,0.4249989688396454,0.2780666649341583,3141.575395070785,1029.8081257219276,3230.4645793986965,354.9021321595106,7236.996481202871,1698.364237138874,18.719241268812926,4.860807662090907,0.0537666454911232,0.05883719399571419,0.01924563380924746,0.19871168176355192,0.13181274439497673,0.17111952548031603,0.1875195950269699,0.06829908490180969,0.130993435203983,0.08484703208701835,8.645036697387695,44.24952697753906,95.703125,pop
6.4629340171813965,22.033973693847656,0.00912217702716589,2.6027657985687256,-0.0036499216221272945,1.655696988105774,0.4119407832622528,0.2913171350955963,0.5769327878952026,0.2277059555053711,0.5769327878952026,0.2277059555053711,3194.0815505953037,729.2237713231451,3052.790791870117,329.3778467792298,6993.553044790458,1454.0920872119225,16.66560595668681,4.050686048327792,0.09602135419845581,0.07735197991132736,-0.01865211441209481,0.10497800701203756,0.1603339624444636,0.19684760960317577,0.28242227435112,0.09814444929361343,0.15931563587587008,0.06436234838779555,17.677663803100586,90.2999496459961,107.666015625,pop
6.625412464141846,28.13870620727539,-0.0013502585934475064,3.7660677433013916,0.0020105158910155296,2.209545373916626,0.394621878862381,0.29917263984680176,0.5549266934394836,0.22818873822689056,0.5549266934394836,0.22818873822689056,2944.414729189786,1120.2739350270767,3162.449253817359,462.55977281949345,6878.242991861224,2042.4235816624805,18.584306169521973,4.728612716409665,0.041265975683927536,0.051918353885412216,0.024255133385051787,0.08051654266934996,0.15067131676724826,0.1887551451654954,0.2565145194530487,0.0844213142991066,0.11505650920823667,0.09076497365499304,16.11515235900879,96.29063415527344,99.38401442307692,pop
5.376616477966309,23.120952606201172,0.004017996601760387,3.315307378768921,0.0005497109377756715,2.0575692653656006,0.4519687592983246,0.2920425832271576,0.5849130749702454,0.21850505471229553,0.5849130749702454,0.21850505471229553,3237.8331637065016,795.7675638294305,2954.271045120286,408.96077271240097,6701.355971758991,1496.715702679401,16.230204727334144,3.993444318940526,0.09025600552558899,0.06811479479074478,0.030364856877117367,0.07339790020122028,0.13153808750517793,0.1669422923694921,0.24084238708019257,0.08970654755830765,0.16480568445475638,0.06192883896043829,12.56273078918457,57.83361053466797,103.359375,pop
4.528881549835205,22.257747650146484,-0.007554169278591871,3.5561015605926514,0.0017051514005288482,2.19199538230896,0.4006611406803131,0.29456910490989685,0.5287670493125916,0.26353633403778076,0.5287670493125916,0.26353633403778076,3267.766911666797,866.3235689247506,3014.2803759097005,340.14075013712727,6921.259437083092,1466.7930704762796,17.709837990843962,4.928998753657239,0.08844790607690811,0.08001761883497238,-0.00998740569168037,0.11747098195318996,0.10777997244400384,0.15120450056546741,0.22168663144111633,0.07866604626178741,0.14650325671887085,0.074503033873822,11.106037139892578,65.32154083251953,92.28515625,pop
6.911867618560791,24.132314682006836,0.0015554456040263176,2.758380651473999,-0.0017329048132523894,1.7225488424301147,0.38405439257621765,0.3075486123561859,0.37697678804397583,0.26836445927619934,0.37697678804397583,0.26836445927619934,3934.6761086209804,1048.154124438884,3509.656095559288,351.31252230473154,8525.399801515372,1313.1935000820763,19.022407560199913,4.527693889600911,0.06830265372991562,0.07094048708677292,0.030360911216460996,0.17064421309705788,0.1525658831674904,0.18279054677917356,0.27967092394828796,0.10359733551740646,0.18711179186001548,0.10334368411134612,16.671119689941406,93.96768188476562,83.35433467741936,pop
3.765968084335327,36.90131378173828,0.0006911535165272653,1.999693751335144,-0.0012906317133456469,1.178839087486267,0.29227328300476074,0.2925196588039398,0.3840577006340027,0.26811468601226807,0.3840577006340027,0.26811468601226807,1962.10174151712,511.04124661847317,2325.133286197485,423.3865744907632,3820.6530506815543,1363.6970053993116,20.27549726966262,4.980593890042127,0.011288062669336796,0.012173778377473354,0.010091428072473846,0.17239919616386007,0.21386189449171458,0.24103003424600966,0.19923730194568634,0.0750989094376564,0.09577563080046404,0.03843863556884577,9.361620903015137,48.392417907714844,129.19921875,pop
-5.762770652770996,55.04227066040039,0.010396543890237808,2.6803367137908936,-9.95941081782803e-05,1.4621506929397583,0.28234514594078064,0.3006781041622162,0.3579617738723755,0.2970793545246124,0.3579617738723755,0.2970793545246124,2053.421991383234,828.4199594099579,2559.2979840868443,397.61952371067053,4506.518044881091,1852.3670110729884,21.72460039399897,4.870432490191463,0.009265834465622902,0.01853100396692753,-0.010644154998288182,0.21069665583372837,0.1909801717009462,0.21695007245803047,0.08331508934497833,0.035191506147384644,0.07533088324149265,0.055279723827589194,1.8173478841781616,11.99133586883545,107.666015625,pop
4.62034797668457,25.006322860717773,0.008447461761534214,2.9506211280822754,-0.004849600605666637,2.041585922241211,0.3795776069164276,0.30167892575263977,0.5090900659561157,0.25626054406166077,0.5090900659561157,0.25626054406166077,3001.3998390078727,892.0543830486596,2971.8793280275754,424.0664052649444,6442.932553744925,1798.5675030530908,17.871477925407067,4.925078266622731,0.059772100299596786,0.06945577263832092,-0.020702685731801264,0.14402637586991612,0.140274603160128,0.17641423394672961,0.22344695031642914,0.08483891189098358,0.14367213179137664,0.07553737768099314,11.932945251464844,66.2563247680664,92.28515625,pop
7.627230167388916,26.110626220703125,-0.0021987685468047857,3.078277111053467,0.0005952866049483418,1.8944647312164307,0.4735114574432373,0.2837960124015808,0.46912655234336853,0.2390461564064026,0.46912655234336853,0.2390461564064026,2702.9067305248905,1064.8453229129452,2725.929593439329,478.3072723946302,5775.678042524652,1882.9596403564838,18.064389630574997,4.641686754179118,0.03767715394496918,0.04652978107333183,-0.03845493937005413,0.10750660427101905,0.16159483445853035,0.19327814697158072,0.2541884779930115,0.07045000791549683,0.10325052566705337,0.07287699946405893,15.482256889343262,101.41228485107422,135.99917763157896,pop
3.8304848670959473,24.885332107543945,0.0013538962230086327,3.4028546810150146,-0.0019960401114076376,2.179765462875366,0.4561921954154968,0.302057147026062,0.5630573630332947,0.23319634795188904,0.5630573630332947,0.23319634795188904,3145.363680952142,786.4252447444945,3017.3747525826047,341.93211075085014,6691.938317956062,1530.28136674883,18.307038618532893,5.204602435615232,0.06096551939845085,0.06598293781280518,0.01712340818130357,0.07893946337980538,0.12183206855621366,0.16453747548317227,0.2226998656988144,0.09296654909849167,0.13560510622099767,0.07429631468844798,12.501973152160645,98.59337615966797,117.45383522727273,pop
3.7897636890411377,33.30400848388672,-0.005179375875741243,3.3592147827148438,-0.00030819998937658966,2.6079914569854736,0.4128148853778839,0.29891514778137207,0.5509862899780273,0.23660850524902344,0.5509862899780273,0.23660850524902344,2843.3506413882114,1080.413183184873,3039.5268473844667,577.8193150167035,6481.061145047854,2459.37136858254,18.741967310173404,5.03276126817934,0.04626062512397766,0.06359933316707611,-0.002781912916078434,0.09433048003003279,0.14047513618997184,0.17925200433520833,0.2022344022989273,0.07429217547178268,0.12496148129350348,0.08601204182852194,10.047412872314453,74.92964172363281,117.45383522727273,pop
3.7956743240356445,33.407745361328125,0.009322034195065498,3.377173900604248,-0.003430873854085803,2.615579843521118,0.4151111841201782,0.3003603219985962,0.5533180236816406,0.23604880273342133,0.5533180236816406,0.23604880273342133,2838.5120944344094,1082.4507785302328,3045.8682152156275,578.6452083989569,6486.948219529438,2459.80554673811,18.937239121563678,5.2742416629986755,0.04433624818921089,0.059768397361040115,-0.0024877296674208718,0.09380233246612604,0.1414618720894204,0.18001506634764083,0.20334216952323914,0.07453256100416183,0.1221488604505027,0.08495680788072348,10.180734634399414,75.6745376586914,117.45383522727273,pop
5.349232196807861,26.5087947845459,-0.0030151866376399994,3.064321994781494,0.0035787117667496204,1.9070370197296143,0.4334074556827545,0.3020797073841095,0.503509521484375,0.26605984568595886,0.503509521484375,0.26605984568595886,3151.3426232441357,910.5766458451137,3220.369558523437,367.3834675207392,7293.569018724623,1753.439123981964,18.457154572008932,5.208870503773249,0.05710846558213234,0.06590397655963898,0.042530403774262676,0.13100502609852202,0.15394260359583004,0.18351096013877016,0.21573293209075928,0.09098051488399506,0.12735455034319412,0.0697101672834969,11.854741096496582,97.81671142578125,112.34714673913044,pop
4.689706802368164,23.160079956054688,-0.0032073070760816336,3.0018150806427,0.0026244805194437504,1.8883811235427856,0.46497997641563416,0.29033875465393066,0.6272949576377869,0.20552511513233185,0.6272949576377869,0.20552511513233185,4052.736284626131,1049.3376824731909,3426.4159903430204,391.42794587118215,8382.994217662414,1542.750759109057,16.779909454901723,4.175170878192558,0.09751998633146286,0.07467060536146164,0.031615497996544346,0.07503047040218834,0.15579528407345924,0.18449320388496424,0.15650387108325958,0.06468547880649567,0.2106100909947796,0.09235708519771005,5.504010200500488,40.76021194458008,129.19921875,pop
-1.2746531963348389,51.55031967163086,0.003397562075406313,3.4310381412506104,-0.0038518363144248724,2.2012710571289062,0.3227759599685669,0.3000214993953705,0.31314876675605774,0.2902645468711853,0.31314876675605774,0.2902645468711853,1988.190131263531,1048.1083418053597,2580.3989172204265,644.9319728118659,4267.096471233323,2565.5949796047194,20.378287512300606,5.193233406821399,0.011481371708214283,0.027056802064180374,-0.09466928944036511,0.24530010923847684,0.12600093642341137,0.15642585196477146,0.1474219113588333,0.06136483699083328,0.06611396099187936,0.06134782165972714,5.7994303703308105,40.00822067260742,58.72691761363637,pop
4.024982929229736,31.78679656982422,-0.008101586252450943,3.6942529678344727,-0.004877929110080004,2.392630100250244,0.41398924589157104,0.30334076285362244,0.4748796224594116,0.25217556953430176,0.4748796224594116,0.25217556953430176,3046.523748324695,1172.7893118762197,3095.301264191177,432.4564722960886,6630.777692684164,1964.7713535333996,19.007234547566377,5.240423030094863,0.043152034282684326,0.0571138821542263,-0.013394884391095273,0.12157526206634993,0.1464539710940719,0.17861146811133174,0.2083025574684143,0.08127253502607346,0.11862590934358082,0.08797174980034536,10.979904174804688,84.82804870605469,143.5546875,pop
5.711976051330566,20.30777359008789,0.006037855986505747,2.8719961643218994,0.0016429004026576877,1.6973367929458618,0.4470219016075134,0.29191744327545166,0.5265036821365356,0.2594621479511261,0.5265036821365356,0.2594621479511261,4157.988001710874,1034.223624805845,3451.4209556625515,363.2042974403728,8677.730976290602,1426.194214039364,17.258789389289078,3.9361316946472704,0.11403145641088486,0.08770310133695602,0.007958731016503746,0.11031190413076318,0.18496299126679938,0.21546597696175265,0.2131502479314804,0.06525168567895889,0.23009564723511214,0.1115382946828454,8.59865951538086,46.77824020385742,112.34714673913044,pop
7.269337177276611,23.681745529174805,-0.0005598932038992643,3.7582199573516846,-0.0019443612545728683,2.6277968883514404,0.5228800773620605,0.2970271408557892,0.5502141118049622,0.2593342363834381,0.5502141118049622,0.2593342363834381,3663.396966933648,1023.3263911220246,3276.4364331961433,393.36391906554616,7777.549825079756,1609.1201318072217,17.40615727944421,4.846933416088377,0.07529975473880768,0.09294754266738892,0.004859785470052051,0.051882759769359445,0.15453550364376098,0.18830466244540847,0.32138827443122864,0.14278827607631683,0.15602568517981438,0.10365588271069075,27.092683792114258,258.23681640625,103.359375,pop
-16.48124885559082,42.997703552246094,-0.0029029827564954758,3.2763893604278564,0.00778213981539011,1.6946660280227661,0.2773798108100891,0.31793656945228577,0.3419797718524933,0.3061327040195465,0.3419797718524933,0.3061327040195465,2638.945071813565,1015.8049528283568,2753.646332330367,514.6704374402974,5625.495191959107,2051.180743624172,21.168597151540133,6.46207783999789,0.024720819666981697,0.05700848624110222,0.027072067080751536,0.1802322939863995,0.22389754273958296,0.25240615351073803,0.1720789521932602,0.09633433818817139,0.10692755159996133,0.09702278112516602,8.256362915039062,72.81061553955078,161.4990234375,pop
3.7819626331329346,26.908296585083008,-0.003659517504274845,3.6175382137298584,-0.0018260531360283494,2.4855597019195557,0.39028412103652954,0.3159453570842743,0.4046442210674286,0.27188074588775635,0.4046442210674286,0.27188074588775635,3497.720405933398,1173.139374984373,3294.82979917523,397.4900912411549,7662.173157446346,1766.171020591365,18.44149530031299,4.97066436613052,0.06353620439767838,0.08760248124599457,0.04982995833774145,0.10229326262555827,0.1321901960632331,0.16120554911921928,0.27340763807296753,0.12347796559333801,0.13598953801720803,0.09137669621392436,19.521089553833008,161.89793395996094,129.19921875,pop
0.5266838073730469,26.884336471557617,0.0020736530423164368,3.734969139099121,0.007673793938010931,2.6033101081848145,0.4330699145793915,0.3072071969509125,0.48098456859588623,0.2513960003852844,0.48098456859588623,0.2513960003852844,3941.417696318185,1162.7716303853279,3361.6411249924004,313.31273537826155,8260.423161977958,1196.4407960794165,17.44619826802136,4.999880991759637,0.08935368806123734,0.1019367128610611,-0.002433233619073289,0.09952063856899987,0.11311785184978035,0.14769673355722326,0.2407238781452179,0.13048101961612701,0.16747971348124516,0.13400675974525658,16.394001007080078,163.7569122314453,103.359375,pop
3.5157229900360107,31.836809158325195,-0.0021206389646977186,4.1281819343566895,-0.0015336732612922788,3.3212902545928955,0.4732297956943512,0.3125472366809845,0.48580536246299744,0.2674162685871124,0.48580536246299744,0.2674162685871124,3682.7414342574343,1462.5257206850856,3222.7138439826213,483.12460083950214,7568.646112782772,2156.194279570719,18.396995018287218,4.758265712383382,0.06074737384915352,0.08156439661979675,0.007998074034867103,0.10672167250834227,0.11664578888084925,0.1640682248113034,0.2499258667230606,0.12307631224393845,0.14555350625966745,0.13075262697563797,17.0916690826416,167.55738830566406,89.10290948275862,pop
7.3443803787231445,23.594594955444336,-0.0022258225362747908,3.774780750274658,-0.0019665833096951246,2.629727602005005,0.518521249294281,0.2988526225090027,0.5489493012428284,0.2599288821220398,0.5489493012428284,0.2599288821220398,3672.8534749746746,1033.2158185708995,3279.628966712498,402.4129187773246,7783.88654881453,1630.9131047319386,17.372991140980968,4.820144632293545,0.07526887953281403,0.0926232561469078,0.004716174140171409,0.05133978494280281,0.14846786726081415,0.1824092007273118,0.32924145460128784,0.1471036672592163,0.15405896534222738,0.10239972057661775,28.505840301513672,272.38555908203125,103.359375,pop
-1.9108240604400635,33.82060623168945,0.016364647075533867,4.079185962677002,-0.00742486584931612,2.63033390045166,0.339933305978775,0.3135227859020233,0.4617895781993866,0.2650940716266632,0.4617895781993866,0.2650940716266632,2939.0735059732497,1289.6621488000512,2629.168577058898,545.9110718514698,5748.815663065545,2205.1088380132014,18.579603972228895,5.064778404409963,0.060923829674720764,0.09190823882818222,-0.04714334216441612,0.13902680049307065,0.13386056136808597,0.1641359280553337,0.16735059022903442,0.07984224706888199,0.14566604130413766,0.1083174601527164,7.341723442077637,57.10910415649414,99.38401442307692,pop
3.499703884124756,31.357053756713867,-0.00370881799608469,4.1327619552612305,-0.0003962111077271402,3.3285725116729736,0.4755987226963043,0.3119632303714752,0.484609991312027,0.2678396999835968,0.484609991312027,0.2678396999835968,3728.3891590040334,1448.3069904769266,3224.6342590024806,469.1919917403087,7635.0859533606435,2117.005870550158,18.274248897077896,4.844777002983624,0.06670010834932327,0.08655295521020889,0.008690294711926769,0.10640762909664922,0.11070900362226162,0.15971593775719387,0.25176802277565,0.12351834028959274,0.14473441729505027,0.1283166173097868,17.25247573852539,168.9151611328125,89.10290948275862,pop
3.7819626331329346,26.908296585083008,-0.003659517504274845,3.6175382137298584,-0.0018260531360283494,2.4855597019195557,0.39028412103652954,0.3159453570842743,0.4046442210674286,0.27188074588775635,0.4046442210674286,0.27188074588775635,3497.720405933398,1173.139374984373,3294.82979917523,397.4900912411549,7662.173157446346,1766.171020591365,18.44149530031299,4.97066436613052,0.06353620439767838,0.08760248124599457,0.04982995833774145,0.10229326262555827,0.1321901960632331,0.16120554911921928,0.27340763807296753,0.12347796559333801,0.13598953801720803,0.09137669621392436,19.521089553833008,161.89793395996094,129.19921875,pop
3.4729301929473877,29.051212310791016,0.005581003148108721,3.464681386947632,0.003335576504468918,2.3734076023101807,0.45569801330566406,0.30223849415779114,0.5637328028678894,0.25149863958358765,0.5637328028678894,0.25149863958358765,2949.6800647860855,1168.5999904551993,2908.8037325096284,532.737935497511,6068.40803318953,2240.8888142215224,17.89799537957955,4.630760849068083,0.04567175731062889,0.06702744215726852,0.028752879193676712,0.06395174054841603,0.1538247090270283,0.1797471805131345,0.2207488715648651,0.08770774304866791,0.11193838215390564,0.08738202435523833,12.461016654968262,117.56489562988281,95.703125,pop
7.992015361785889,23.826114654541016,6.969275273149833e-05,3.2611916065216064,-0.0026210772339254618,2.1434478759765625,0.3298323452472687,0.3137699365615845,0.5361032485961914,0.25382906198501587,0.5361032485961914,0.25382906198501587,2467.9251572056874,558.5878453000619,2624.879762315866,351.5749556402666,5480.674825079756,1267.3117219128433,21.644746661148584,5.656434161245056,0.016092590987682343,0.01718839444220066,0.004891123383879661,0.11304437356891217,0.2244818330656137,0.2540937832523285,0.39773377776145935,0.0848175510764122,0.09815737081883218,0.0358133224242792,36.4345817565918,202.43475341796875,161.4990234375,pop
0.11078201234340668,41.573055267333984,0.0013782585738226771,2.4550888538360596,0.001466937130317092,1.4600454568862915,0.3166634142398834,0.299618124961853,0.4171774089336395,0.2706436514854431,0.4171774089336395,0.2706436514854431,1826.4363763466288,583.0806767283877,2294.444049437431,456.8324240929236,3795.9306685941124,1685.0658406458292,19.275103034765525,4.023859279736784,0.011083443649113178,0.015180310234427452,0.04207240441991482,0.17261263174823097,0.19076400113488987,0.21933498349925257,0.1260724812746048,0.03564618155360222,0.07461564373066512,0.0256521433489523,3.8705894947052,20.96232032775879,80.74951171875,pop
-3.6998291015625,35.09697341918945,-0.005842907819896936,3.954186201095581,-0.0009744961280375719,2.256173610687256,0.3464299440383911,0.3161129653453827,0.43603867292404175,0.28467580676078796,0.43603867292404175,0.28467580676078796,3647.914740974154,1043.1789255981992,2886.9189517341424,433.8052447607352,7113.759278476653,1528.5105281700885,18.38427651531476,5.232062953365684,0.06888271868228912,0.059706758707761765,0.002819263305387044,0.13648815297965997,0.14690748469077056,0.17267216358801052,0.16904927790164948,0.11088314652442932,0.20587380063321734,0.11146062195015777,8.056199073791504,93.35144805908203,129.19921875,pop
-1.0896530151367188,37.35813903808594,5.7421373639954254e-05,3.2323362827301025,0.00018410848861094564,1.934669017791748,0.3459126055240631,0.3119429647922516,0.4520885646343231,0.28498169779777527,0.4520885646343231,0.28498169779777527,2519.3455234656853,760.28243785652,2684.3184920573453,397.32224391547527,5497.911379785382,1587.0569890943361,18.07704782295635,4.248303371179294,0.03420856595039368,0.04501621797680855,0.00981764724117433,0.17654571049032342,0.11498697675351068,0.1475039909706916,0.13344806432724,0.07794047892093658,0.10012635646268368,0.06021880181379363,5.178465843200684,44.20319366455078,117.45383522727273,pop
6.492812156677246,30.95057487487793,0.0013218228705227375,2.7259485721588135,-0.00131027156021446,2.0907278060913086,0.35436415672302246,0.2918485701084137,0.43788716197013855,0.277667373418808,0.43788716197013855,0.277667373418808,2844.9380068612104,953.7345295412842,3219.567936576407,437.0239194836209,6841.255177367314,1982.397835522399,19.356513818426237,4.694856426690419,0.03148739039897919,0.04420167952775955,0.004107959419058742,0.16255941309766422,0.16203016525022218,0.19159131492723747,0.24325844645500183,0.08162117004394531,0.0997370154195669,0.05438088073963426,14.673734664916992,86.52397918701172,80.74951171875,pop
2.8540709018707275,23.400392532348633,-0.010522679425776005,3.3527491092681885,0.0009518766310065985,2.073901414871216,0.44719937443733215,0.30501940846443176,0.5138499736785889,0.2644517421722412,0.5138499736785889,0.2644517421722412,3889.1427979836844,1024.5819049053546,3271.0610892744326,314.05401738604905,8055.1083168684745,1279.5285905937828,16.94932101672361,4.365454193921644,0.11156915128231049,0.10691219568252563,0.03032634511545441,0.09886466718829358,0.1503000706088432,0.18274664565646162,0.19133394956588745,0.08839953690767288,0.1909561098221191,0.1153915118648194,9.350665092468262,72.83560180664062,112.34714673913044,pop
0.7522571682929993,24.558124542236328,-0.010410930030047894,3.849851131439209,-0.0034121349453926086,2.5127763748168945,0.4074166417121887,0.306490957736969,0.5411661863327026,0.27002614736557007,0.5411661863327026,0.27002614736557007,3262.9888381783744,1108.2427980739678,2931.274188813361,438.9503507773431,6715.594864776682,1880.7401197442775,17.545363367248505,4.875810121587341,0.07291087508201599,0.07177447527647018,-0.015034437562765587,0.1329536160187789,0.1399596424531828,0.17057622848729398,0.2455880045890808,0.11653567850589752,0.1549981420388631,0.10555603657323948,15.930489540100098,154.5849151611328,129.19921875,pop
6.3681254386901855,25.610715866088867,1.8961191017297097e-05,2.7185535430908203,0.001401249784976244,1.738970398902893,0.4969363212585449,0.27219200134277344,0.6810211539268494,0.18462076783180237,0.6810211539268494,0.18462076783180237,2327.3042883656067,571.410351523789,2516.6762247035786,279.98031737436025,4929.812855731583,1099.808900928253,15.628027189657697,3.5882693320375654,0.04014921560883522,0.03981897607445717,0.008138928468954514,0.049384735476642065,0.1262548733969657,0.16423462713888978,0.21548756957054138,0.06713748723268509,0.09544520072022429,0.05153188990537347,11.21810245513916,70.35628509521484,107.666015625,pop
-0.6804078817367554,35.707298278808594,0.0034168933052569628,3.439422845840454,0.0002892613410949707,2.2230148315429688,0.43733516335487366,0.299177885055542,0.492015540599823,0.2572043836116791,0.492015540599823,0.2572043836116791,3142.6674697923404,1005.3361985776987,3002.05900266733,546.9591509798776,6826.525000906323,1881.3538081058,17.304360627751382,4.341424363359218,0.07803583890199661,0.08516589552164078,0.017381572487127735,0.12016191399119831,0.12573757885107348,0.16411220992471418,0.167738676071167,0.11189566552639008,0.13640418056361175,0.08525720720971279,8.932143211364746,90.72676086425781,123.046875,pop
2.8540709018707275,23.400392532348633,-0.010522679425776005,3.3527491092681885,0.0009518766310065985,2.073901414871216,0.44719937443733215,0.30501940846443176,0.5138499736785889,0.2644517421722412,0.5138499736785889,0.2644517421722412,3889.1427979836844,1024.5819049053546,3271.0610892744326,314.05401738604905,8055.1083168684745,1279.5285905937828,16.94932101672361,4.365454193921644,0.11156915128231049,0.10691219568252563,0.03032634511545441,0.09886466718829358,0.1503000706088432,0.18274664565646162,0.19133394956588745,0.08839953690767288,0.1909561098221191,0.1153915118648194,9.350665092468262,72.83560180664062,112.34714673913044,pop
3.101299285888672,25.141624450683594,-0.007725851144641638,2.497076988220215,1.9212287952541374e-05,1.3426083326339722,0.4806845486164093,0.27549228072166443,0.6863884329795837,0.19241775572299957,0.6863884329795837,0.19241775572299957,2568.447243315681,634.792962048575,2558.8094069334275,418.34258083281753,5349.868526591502,1495.2928019767253,16.214328719524755,4.1914409713370535,0.06431946903467178,0.05592700093984604,-0.013340941811675945,0.05226515719813054,0.156844405282148,0.18600274011654622,0.23431743681430817,0.06991733610630035,0.13159538440158547,0.051069188131106086,12.424033164978027,53.216033935546875,117.45383522727273,pop
5.705091953277588,20.84559440612793,0.010453286580741405,2.905177354812622,-0.002694413997232914,1.9370667934417725,0.4235503673553467,0.28642427921295166,0.4757787585258484,0.26155227422714233,0.4757787585258484,0.26155227422714233,3669.810466570258,938.1095190847507,3295.063698977605,333.73212631932296,7876.372738725348,1289.8977884673598,17.70176662875351,4.309854843161118,0.08876271545886993,0.0820237249135971,-0.02453498113679167,0.12710267454445656,0.1494529580922753,0.18687318457165425,0.2597821354866028,0.0960681214928627,0.16179669373549885,0.08465470988421296,15.820842742919922,103.93888854980469,129.19921875,pop
0.45031026005744934,33.89738464355469,0.0008587376796640456,4.052851676940918,-0.0019345101900398731,2.1548314094543457,0.34939441084861755,0.3130505383014679,0.5230830907821655,0.25583380460739136,0.5230830907821655,0.25583380460739136,3420.362078342947,1252.7003064294129,3369.237131912718,402.5367397045203,7790.464750851943,1835.8137960715665,18.881239098659066,4.919344095445301,0.03930540010333061,0.050929516553878784,0.008487828827726791,0.1039639509653399,0.14511091980865048,0.17267201188124712,0.21034999191761017,0.14503829181194305,0.130859375,0.10667253752296896,14.885072708129883,199.46127319335938,83.35433467741936,pop
3.6610488891601562,27.00174331665039,0.00588593864813447,3.3776402473449707,-0.0009007047628983855,2.275040864944458,0.40934091806411743,0.30291274189949036,0.6048905253410339,0.22198066115379333,0.6048905253410339,0.22198066115379333,3644.7182707334355,969.7571866985928,3200.8017239876526,313.36898571254466,7658.242889899942,1273.3221504047776,18.923188749379374,4.910345874730616,0.06934525072574615,0.07215376943349838,-0.014868262188570614,0.10482419164707736,0.12276104086127236,0.1599001967803939,0.185598224401474,0.09235211461782455,0.1591457004060325,0.09827730742805764,9.13545036315918,88.37212371826172,95.703125,pop
7.401992321014404,24.48731803894043,-0.00019606902787927538,3.2228212356567383,-0.004940885119140148,2.1584103107452393,0.4755285382270813,0.28988710045814514,0.5187872648239136,0.2442646324634552,0.5187872648239136,0.2442646324634552,3543.3211015342667,967.8871922257291,3311.2162509112377,396.79907459243736,7779.922973916038,1627.5628083745519,18.244420365726242,4.529042746567674,0.06053731590509415,0.05677206441760063,-0.0520582748687784,0.07469872955270108,0.12746900001957853,0.15612846821385593,0.2452586591243744,0.09134270250797272,0.14274050778228925,0.08202885266015049,14.68554973602295,120.09227752685547,215.33203125,pop
5.0904765129089355,24.17440414428711,0.012672631070017815,3.9602389335632324,-0.001146342372521758,2.499356508255005,0.4452175199985504,0.30454719066619873,0.6331069469451904,0.22050753235816956,0.6331069469451904,0.22050753235816956,4036.598130555536,1137.4545236791337,3342.1673492869427,329.3525059564205,8331.018094728828,1382.1660280744966,17.22795361570953,4.894318317534678,0.11890481412410736,0.10329797863960266,-0.001075444245418199,0.06764487193490396,0.11020887883398883,0.1502077399887747,0.23100164532661438,0.12734858691692352,0.21382753589037123,0.11607546270493543,14.026140213012695,131.97523498535156,112.34714673913044,pop
3.010925769805908,27.307388305664062,0.01463855430483818,4.065285682678223,-0.002360039856284857,2.4223077297210693,0.45499542355537415,0.2941431701183319,0.6345325112342834,0.22004763782024384,0.6345325112342834,0.22004763782024384,3123.159015699048,973.2321258947588,2970.17709218884,470.92890676980255,6616.363936068011,1892.8804239534477,17.408910230039083,4.915351443313953,0.07660114020109177,0.08716883510351181,-0.00616948482717903,0.07833037277711134,0.13383629417333873,0.16431011472604864,0.22339482605457306,0.11406755447387695,0.14262155295340295,0.09286593245634851,13.328264236450195,134.83462524414062,103.359375,pop
-7.684947967529297,69.28488159179688,-0.006656077690422535,3.9100236892700195,0.0014951782068237662,1.8203239440917969,0.3519202768802643,0.3058660328388214,0.5258764028549194,0.24697712063789368,0.5258764028549194,0.24697712063789368,1995.1863128060938,977.1020968093634,2424.919018383104,556.5847792946961,4383.364110535093,1980.5472386634838,18.657850203478326,4.699863487967979,0.015081450343132019,0.030093617737293243,-0.016766781860559788,0.10204223516823833,0.11583393155918842,0.1523480328244471,0.037541914731264114,0.01995529979467392,0.07252581508604021,0.07488531475411396,0.4146155118942261,3.7962560653686523,112.34714673913044,pop
5.352807998657227,26.50992202758789,0.006851546000689268,3.0779190063476562,0.0004381726321298629,1.9045950174331665,0.4335402846336365,0.30206650495529175,0.5022878646850586,0.26698458194732666,0.5022878646850586,0.26698458194732666,3151.406047783485,910.6965599960469,3220.6233816096524,368.1621038616109,7294.5599124492455,1755.4199938580193,18.50069351039678,5.2383162458255335,0.056998319923877716,0.06556734442710876,0.04152618861295886,0.1300388543813754,0.14768520731063975,0.1782098876199741,0.21566186845302582,0.0907839834690094,0.12755734000386698,0.0698245952059294,11.835099220275879,97.64061737060547,112.34714673913044,pop
-3.127732276916504,42.6446533203125,0.0005963495350442827,2.90720534324646,0.00026304330094717443,2.2699460983276367,0.3699756860733032,0.28967201709747314,0.4485885798931122,0.2614312171936035,0.4485885798931122,0.2614312171936035,2246.5077750266328,710.3447016314847,2684.3093231194107,443.17442976471364,5154.995536361659,1722.6658437480844,18.580591408956163,4.90461252413207,0.026549626141786575,0.03353492543101311,0.03225102568719011,0.15021663298736612,0.11515189584466955,0.16093398394300673,0.09214438498020172,0.03489398583769798,0.08596620021268368,0.04231690410870052,2.195598840713501,10.2153959274292,143.5546875,pop
5.771174907684326,25.887466430664062,-0.0010258718393743038,2.1990761756896973,-0.0016603843541815877,1.4707638025283813,0.4620080292224884,0.3002508878707886,0.4450238347053528,0.2332598716020584,0.4450238347053528,0.2332598716020584,3169.134248059376,791.6777580436942,3341.543632201225,288.421450524339,7556.0892410455335,1300.0433171664854,17.261462679737733,4.040709472472833,0.044105932116508484,0.04760930314660072,-0.005529350648917775,0.11535243775203874,0.1415670874939967,0.18575701875025266,0.20792219042778015,0.08525208383798599,0.1003438738640758,0.0597290683556301,11.460598945617676,96.90069580078125,129.19921875,pop
4.120142459869385,35.09945297241211,0.002846394432708621,2.5695478916168213,-0.0026902828831225634,1.7875252962112427,0.2981575131416321,0.28816932439804077,0.38824784755706787,0.24237129092216492,0.38824784755706787,0.24237129092216492,2489.447357851833,742.2635489583755,2941.850498795865,454.929994766048,5976.6962392147625,1742.6410806186407,19.069649761220134,4.552983592996416,0.022955207154154778,0.025594746693968773,-0.013705407290449148,0.1668621077068827,0.13908852693601093,0.1828845717624623,0.14295633137226105,0.044448718428611755,0.08426080336426914,0.04035923122089996,5.113959312438965,28.347673416137695,123.046875,pop
-1.2939434051513672,37.29267501831055,-0.016897497698664665,4.093051433563232,0.0004175098438281566,2.7690467834472656,0.40905848145484924,0.3108882009983063,0.49659669399261475,0.26947811245918274,0.49659669399261475,0.26947811245918274,3263.2580881824388,1613.0416519506764,3047.5290765767513,688.4881068932605,6830.038926551624,2868.330694340523,19.397328712931944,4.991314446436583,0.058182016015052795,0.08001015335321426,0.019840533950211365,0.1182570412224068,0.12653995738004184,0.16420400783832545,0.17923316359519958,0.09717297554016113,0.13584263824439288,0.11817455252828675,9.156270027160645,88.20420837402344,99.38401442307692,pop
2.727675676345825,36.15163803100586,0.00669223302975297,4.815792560577393,0.003627920988947153,2.7967724800109863,0.4438905119895935,0.30863988399505615,0.4947165846824646,0.26292330026626587,0.4947165846824646,0.26292330026626587,2516.3904027255376,1023.0347638861294,2465.9151106406716,626.3175435133746,5087.9478366081785,2121.8314444803086,18.313195028863298,4.862914376893268,0.05367527902126312,0.07911040633916855,0.0535957207221584,0.10416468779501357,0.11311764795628422,0.15152344006589943,0.1952957659959793,0.06698637455701828,0.12202575164346481,0.07675648177319705,8.916003227233887,68.70995330810547,117.45383522727273,pop
2.268720865249634,21.792299270629883,-0.0005970137426629663,2.2662394046783447,0.0005978128174319863,1.677172303199768,0.387664794921875,0.27971869707107544,0.45896393060684204,0.24671201407909393,0.45896393060684204,0.24671201407909393,3593.7703164134628,722.2170698623968,3171.0019787410743,252.04472266053642,7634.611323593387,1066.5279184026965,17.68327358401642,4.034783601315331,0.10665848851203918,0.08684688061475754,0.019351761870212942,0.12093591812021548,0.12844581973619232,0.1668408597989963,0.13245591521263123,0.03867840766906738,0.18515413524748647,0.07681584389215093,3.758269786834717,20.64458465576172,129.19921875,pop
3.132956027984619,23.657217025756836,-0.004688698332756758,2.602407217025757,0.0029204916208982468,1.7591707706451416,0.35240334272384644,0.30006253719329834,0.38572412729263306,0.27221226692199707,0.38572412729263306,0.27221226692199707,3588.1493148981713,972.4874617395589,3336.585477336325,331.43928141974516,7948.000199390951,1286.114141513678,18.63025774523628,4.66295875189874,0.06827112287282944,0.0641491711139679,0.0836303544259197,0.1767429572537468,0.16553112885418672,0.19538006783657758,0.19086910784244537,0.04675867035984993,0.14645907349671308,0.08833358531453843,7.983892440795898,42.28573226928711,103.359375,pop
3.4126834869384766,29.286422729492188,-0.012586229480803013,3.9949629306793213,0.007915600202977657,2.691420316696167,0.4313816428184509,0.2980814278125763,0.5977338552474976,0.22955867648124695,0.5977338552474976,0.22955867648124695,3510.545185903128,1150.3436937968331,3148.4515676875453,419.10003162421896,7255.865096160818,1946.969923447908,16.98828492233964,4.607149273061239,0.09492840617895126,0.10390562564134598,0.001666953378388733,0.11397415526526855,0.1131609397903418,0.15519683133550383,0.23481187224388123,0.13013212382793427,0.17195732429427688,0.1055741109024025,14.695161819458008,107.96196746826172,99.38401442307692,pop
2.8037872314453125,30.286136627197266,0.011799954809248447,4.586676597595215,-0.0035922627430409193,2.6766774654388428,0.437014102935791,0.29430174827575684,0.6032235622406006,0.23765791952610016,0.6032235622406006,0.23765791952610016,3400.226425763872,1119.7318158644116,3070.5169963143985,464.1321161137368,7052.723555775087,1969.0594485377942,17.634404508641463,4.904802672749381,0.08530016988515854,0.09092574566602707,-0.006572586892679832,0.08235906515725616,0.11200865120562586,0.1571483161069239,0.2204989641904831,0.10772062838077545,0.16564063406322505,0.09894037829015967,12.194526672363281,84.29753875732422,99.38401442307692,pop
3.111876964569092,23.321077346801758,-0.0030314051546156406,2.590977668762207,0.0022420957684516907,1.7571617364883423,0.35319170355796814,0.2995568513870239,0.3848133385181427,0.27261072397232056,0.3848133385181427,0.27261072397232056,3603.816900374411,967.6684166298509,3334.330761261135,332.6693264179651,7960.298939149507,1265.6644255756862,18.965828047960258,5.0904245174504235,0.06889587640762329,0.0641440898180008,0.08418283763838426,0.1773257031380564,0.15801372725399204,0.1890009852883491,0.1940290629863739,0.04731152951717377,0.1475236248066512,0.08844461283143062,8.219866752624512,43.19832229614258,103.359375,pop
3.739579439163208,20.356163024902344,-0.001517577562481165,3.3162474632263184,0.0022877345327287912,1.9971097707748413,0.4245731830596924,0.3093397319316864,0.5607929825782776,0.24175746738910675,0.5607929825782776,0.24175746738910675,3694.9173925155565,878.7931465766103,3245.8503220882585,349.9557399646917,7867.8210760767115,1246.2327575647412,17.38914828158003,4.536943234489944,0.09881431609392166,0.082129567861557,-0.02985361985774811,0.10051750360370224,0.13662635080301977,0.177059906648624,0.26519832015037537,0.09275255352258682,0.16674106063901778,0.09942736200567373,16.097564697265625,117.33869934082031,117.45383522727273,pop
5.788632869720459,23.139379501342773,0.014784298837184906,2.5012242794036865,0.003464517882093787,1.6766108274459839,0.4874100387096405,0.29077577590942383,0.5655229687690735,0.2416212260723114,0.5655229687690735,0.2416212260723114,3270.0808829080115,932.2687560669315,2988.7582143570103,474.7932737663174,6880.766023781903,1698.247905786603,17.455835477316022,4.744157104140601,0.07873079925775528,0.0728071853518486,0.010237891593754352,0.10668307922233797,0.15253530386002348,0.18996300135287975,0.2270241528749466,0.0912298783659935,0.14528500821732404,0.07794635025652029,12.728731155395508,94.43830108642578,107.666015625,pop
4.6033806800842285,19.567991256713867,0.005122046917676926,2.2563679218292236,6.528741323563736e-06,1.575634479522705,0.41551125049591064,0.29806044697761536,0.5346817374229431,0.24000422656536102,0.5346817374229431,0.24000422656536102,3259.351118526445,626.4222038876201,3144.5113342829245,262.33991392802534,7269.646013087297,975.6529707129274,18.12858886529517,4.908186938618725,0.06197698786854744,0.05482513830065727,0.034276713573647054,0.08901510041791301,0.1496264641555437,0.18992074645090148,0.24572902917861938,0.0865979790687561,0.13163352547370458,0.058986569938114575,14.890115737915039,97.65167236328125,135.99917763157896,pop
4.088426113128662,26.9862117767334,0.009425507858395576,2.40962815284729,0.0008399717044085264,1.7829622030258179,0.33298560976982117,0.29336729645729065,0.36965954303741455,0.2768789529800415,0.36965954303741455,0.2768789529800415,2806.873512822643,899.5459148171467,2858.2355915164476,528.0278888835848,6104.063553599913,2024.4052933777814,19.292875153909733,4.461510893972357,0.04633515328168869,0.059460610151290894,-0.03942533964679814,0.22437413612993648,0.1548159954448063,0.18714147567755468,0.1985882967710495,0.08373838663101196,0.12851841949439288,0.059235850100132395,9.744415283203125,54.03414535522461,151.99908088235293,pop
4.305088520050049,27.634506225585938,-0.004379694815725088,3.2354180812835693,-0.0027171531692147255,2.008798360824585,0.36581385135650635,0.2986879348754883,0.4984376132488251,0.2468705177307129,0.4984376132488251,0.2468705177307129,3047.4927543771933,986.57266046873,3306.7960074112634,443.16391577652706,7385.888671875,1879.176025408222,18.729222890822193,4.770731319845961,0.03724277392029762,0.045002974569797516,0.044153936189666815,0.12443587237750119,0.1356966921156281,0.1707071280042422,0.30359312891960144,0.09873219579458237,0.10640263981535189,0.06580741676594426,22.95854377746582,139.3613739013672,103.359375,pop
5.873757839202881,28.075735092163086,0.0014925823779776692,3.225651264190674,0.0009821397252380848,2.051605224609375,0.3399235010147095,0.3089854121208191,0.30265629291534424,0.2811484634876251,0.30265629291534424,0.2811484634876251,3126.570348199454,1137.565990059688,3162.8049330192166,446.8628156902546,6931.9177897513055,1955.5168020139229,19.935127393302952,5.252592436119105,0.03803152218461037,0.052129875868558884,-0.010604266218729723,0.2588478471684657,0.1331963512654873,0.16898408936508014,0.25110945105552673,0.06998897343873978,0.10530825538959783,0.06439797723798822,14.85312271118164,89.09790802001953,92.28515625,pop
1.9646809101104736,39.149078369140625,0.005182384513318539,4.352700233459473,-0.00377882132306695,2.673513412475586,0.467146635055542,0.30229300260543823,0.41434144973754883,0.2780117392539978,0.41434144973754883,0.2780117392539978,3508.793497842634,1511.848143774415,3309.975742853328,421.36872668684515,7585.041656848173,2069.5597915812937,17.51790769107812,4.507838568845615,0.06360162049531937,0.09034516662359238,0.03226874694496313,0.09680898918433817,0.10615139717587567,0.14520201997913437,0.20420928299427032,0.14002017676830292,0.13715000845901004,0.14165495733416983,14.029480934143066,192.72300720214844,99.38401442307692,pop
3.6560988426208496,23.279552459716797,-0.0012564870994538069,3.384394884109497,-0.0003969420795328915,2.0801098346710205,0.3991621136665344,0.30847564339637756,0.5561984777450562,0.22586418688297272,0.5561984777450562,0.22586418688297272,3633.1617304451615,820.5770887010065,3133.8022963309218,313.34671034435837,7532.774094583817,1172.1261702899474,17.986609268024374,4.588460178208911,0.0992560014128685,0.0895800068974495,0.038589321789538514,0.08357935856699238,0.11967921197930459,0.1603144029140943,0.2129562348127365,0.07500039786100388,0.18300841671500387,0.08815040171982177,9.665270805358887,56.95261001586914,117.45383522727273,pop
2.394470453262329,39.40043640136719,-0.0017299882601946592,3.421550750732422,-0.001960354158654809,2.003725528717041,0.3604772090911865,0.30248361825942993,0.3504186272621155,0.27738842368125916,0.3504186272621155,0.27738842368125916,2765.1075887449138,916.6483333495099,3222.4481088277003,417.36741781457647,6871.273428436775,1971.3886937038683,19.091197965010686,4.613432011758451,0.03004567138850689,0.049518831074237823,-0.006278599610177561,0.20814399748989515,0.11161467133207136,0.1418864020050756,0.13809818029403687,0.0503387413918972,0.09597275594547564,0.060385818585384186,4.800217628479004,27.614641189575195,78.30255681818181,pop
-0.8502314686775208,48.24055480957031,-0.00610882556065917,2.8922007083892822,-0.0021484883036464453,2.1093196868896484,0.3290434181690216,0.3003978729248047,0.4925318956375122,0.24344223737716675,0.4925318956375122,0.24344223737716675,2133.3521515473035,525.6489660194006,2289.5782061974537,361.8390505863507,4801.404686593677,1382.8506147460844,23.39794710974916,8.716691023401154,0.0054969796910882,0.006337805651128292,-0.02235191298240083,0.1455393592664278,0.13789048470390974,0.17478038352672937,0.09410246461629868,0.04210399091243744,0.09779937342904099,0.03578463478363092,2.3057799339294434,14.605087280273438,123.046875,reggae
-4.425961494445801,54.91013717651367,-0.0012972602853551507,3.0977022647857666,-0.001543367630802095,1.8083306550979614,0.34906503558158875,0.2970351576805115,0.44718027114868164,0.2937251031398773,0.44718027114868164,0.2937251031398773,1638.9307245186242,639.6090701431849,1995.1894577900887,462.3274262594594,3574.7781775667054,1645.3276605945525,22.182153153262544,8.033932889046307,0.004372039344161749,0.007942545227706432,-0.03684348088889472,0.17685296077404764,0.11253543464721852,0.15138296663217965,0.08198969811201096,0.040178414434194565,0.06396975299690642,0.03682424105245438,1.9240933656692505,15.294289588928223,151.99908088235293,reggae
-1.7002530097961426,55.51612091064453,-0.006723082158714533,4.345432758331299,0.002153296023607254,3.1190109252929688,0.37839311361312866,0.30370545387268066,0.5670649409294128,0.24703150987625122,0.5670649409294128,0.24703150987625122,1796.8948919886877,653.5954613945929,2103.058675820293,390.63715333473283,3925.263116752465,1600.7945761386175,21.564207702299605,8.7932527218685,0.005657126195728779,0.008851845748722553,0.03389926580294618,0.08964288296164283,0.1154696352816076,0.16108165246274425,0.09244779497385025,0.0428432822227478,0.07510279207753287,0.04206508796196462,2.35433292388916,18.1533260345459,103.359375,reggae
-1.232099175453186,56.748878479003906,-0.003345739794895053,3.918827533721924,0.002457043156027794,2.753972053527832,0.3914402425289154,0.30599069595336914,0.36101531982421875,0.2573244869709015,0.36101531982421875,0.2573244869709015,1923.603059591631,830.1289766033339,2108.0590439675548,551.4793266071543,4154.2594891966355,1949.7224116634602,23.085917499276476,8.178990002727058,0.0060097286477684975,0.013434455730021,0.0043522471594562885,0.16816152638590653,0.10205632542228331,0.14077201040132517,0.09414365887641907,0.04640984535217285,0.08490731341840681,0.06345366560108498,2.4908206462860107,21.022991180419922,143.5546875,reggae
-0.7003114223480225,52.773712158203125,-0.0011319521581754088,4.230415344238281,0.010168317705392838,3.0396127700805664,0.4018568992614746,0.3049878478050232,0.5644182562828064,0.22486042976379395,0.5644182562828064,0.22486042976379395,2009.762594680229,701.0585194699432,2141.368199617865,424.1141584265239,4304.875335339327,1550.791338162621,22.356688849580195,8.259485170168487,0.006603232119232416,0.00989648699760437,-0.021605508958599782,0.1122692439343549,0.11226462188751486,0.14972040462118436,0.10105627775192261,0.052305031567811966,0.08445301926237432,0.04917553232937715,2.875732898712158,24.622013092041016,123.046875,reggae
-1.1377944946289062,53.55552673339844,-0.002675448078662157,3.908475160598755,0.00047323116450570524,2.887557029724121,0.36483973264694214,0.3063308000564575,0.4534868896007538,0.27392616868019104,0.4534868896007538,0.27392616868019104,1798.3807585425816,628.3295866435507,1964.1726758648063,398.5672866116352,3796.5385277697214,1406.9238571864328,22.238368626014463,8.438170329845068,0.005196705460548401,0.00986270047724247,0.04950631110521734,0.10802148161098557,0.1303284120351375,0.16096631095338618,0.1002851277589798,0.05002633482217789,0.0730159845079273,0.04155658725412624,2.8099021911621094,20.50106430053711,161.4990234375,reggae
-1.6292496919631958,60.55426025390625,-0.00807194970548153,3.7267796993255615,0.0021576914004981518,2.788386344909668,0.3425006568431854,0.30339130759239197,0.40125367045402527,0.2768474817276001,0.40125367045402527,0.2768474817276001,1417.957488637926,738.8094218266717,1704.4838617607675,496.6916287467702,2880.3365402044665,1614.4975555090066,22.463556689331508,7.8127552932942335,0.002965611172839999,0.006897376850247383,-0.030937531759924457,0.17131038217086358,0.11343520665216901,0.15203262072177415,0.10504520684480667,0.050837527960538864,0.06082141519238206,0.05099497022365501,3.171332359313965,25.04772186279297,75.99954044117646,reggae
-2.5081217288970947,55.697410583496094,0.007425928488373756,4.061861515045166,-0.001981401350349188,2.468312978744507,0.38601115345954895,0.3027670979499817,0.42586803436279297,0.26876163482666016,0.42586803436279297,0.26876163482666016,1754.1768111795127,675.996519236905,2026.2008748333603,459.0671256902885,3768.9933475928074,1709.9586654047855,22.61820011490164,8.170832451106719,0.004953416995704174,0.009406860917806625,-0.005999149458423485,0.13966998847808287,0.1274309731734017,0.15763932165577815,0.09058582782745361,0.03903776779770851,0.07387510271655066,0.044732996398162306,2.196225881576538,17.634862899780273,151.99908088235293,reggae
-0.5927178263664246,57.12966537475586,0.0010291887447237968,3.968006134033203,-0.0008696333970874548,2.650442600250244,0.3688388764858246,0.3083907663822174,0.45200115442276,0.26875635981559753,0.45200115442276,0.26875635981559753,1691.3385554367233,706.6991819360361,1963.2127149972787,459.9055470579967,3656.0647703378772,1640.3165741188857,22.912515718546754,7.8187741176775525,0.0041310484521090984,0.008080970495939255,-0.014250802009397448,0.12050384369308714,0.13107103874048961,0.16505567795857798,0.10192523896694183,0.047943662852048874,0.06943789878190255,0.0459686591690261,2.9034976959228516,21.174440383911133,95.703125,reggae
-1.9660969972610474,64.82032012939453,0.011389466933906078,4.5248332023620605,0.0032227204646915197,3.2167978286743164,0.3830682337284088,0.3123401999473572,0.43653056025505066,0.2706981897354126,0.43653056025505066,0.2706981897354126,1609.8372860104512,1025.8592802687335,1990.40366042589,617.1203232042606,3270.9318581424013,2217.371335775868,22.024689842067858,7.855065677567688,0.0053692776709795,0.013863478787243366,0.012188786738239848,0.10227492359795327,0.1193761331216629,0.16001986430310117,0.08665860444307327,0.043249014765024185,0.06057066596577726,0.04950014936685563,2.1773619651794434,18.514493942260742,161.4990234375,reggae
-10.809998512268066,60.75974655151367,0.01121636014431715,3.0624985694885254,0.0008418003562837839,1.6930639743804932,0.29491570591926575,0.304032564163208,0.3483389616012573,0.28462305665016174,0.3483389616012573,0.28462305665016174,2149.158788656928,836.3769493269727,2036.7628281690286,361.46143126974664,4426.5970535455335,1373.373539581226,25.35707996175795,7.032390641919698,0.0036032304633408785,0.0064165289513766766,0.06842551515220152,0.21118599519271733,0.1530025707352751,0.18190744404504955,0.061650268733501434,0.04197118431329727,0.10275318119199536,0.0701293005778889,1.1717970371246338,11.73337459564209,117.45383522727273,reggae
-1.2135026454925537,55.23332214355469,-0.003297715913504362,3.72627592086792,0.00023613359371665865,2.4318013191223145,0.41851022839546204,0.31281042098999023,0.586402952671051,0.23011888563632965,0.586402952671051,0.23011888563632965,1995.2769651140734,544.9937560491009,2295.6840965175943,361.2131852785483,4557.769732906758,1409.1954746946592,21.40646127103559,8.257927858176876,0.005165488924831152,0.0074604530818760395,0.02136813204769283,0.10611459475833389,0.10962046559658636,0.14758366666529457,0.07837962359189987,0.04267602786421776,0.07027624709976799,0.03832405864717607,1.8102613687515259,16.211423873901367,123.046875,reggae
-2.589395046234131,53.98170471191406,0.0033238339237868786,3.9822843074798584,-0.002816486172378063,2.9148406982421875,0.42721259593963623,0.2976924180984497,0.5163028240203857,0.2415286898612976,0.5163028240203857,0.2415286898612976,2300.0428803814098,951.8836119720213,2303.7429281149575,485.12676666620865,4920.853178019866,1835.5012124015773,21.50204080249164,8.736909008684178,0.01290243212133646,0.020991485565900803,0.03249321914957676,0.10832551941864306,0.1271477408953289,0.1747437221203713,0.07554814964532852,0.04256628826260567,0.11374762845610982,0.08838365930626312,1.699785590171814,13.766913414001465,129.19921875,reggae
-1.737758755683899,59.582759857177734,-0.011224744841456413,4.341528415679932,0.003030180698260665,3.020054340362549,0.362325519323349,0.31227192282676697,0.5126426219940186,0.23954112827777863,0.5126426219940186,0.23954112827777863,1608.5066742461875,797.0077740118957,1975.350147505047,552.996134185763,3436.710876323231,1946.463625901037,22.503036016424396,8.340562762754953,0.0027347784489393234,0.0067173815332353115,0.007932304879033451,0.11705299108839597,0.12582283026136828,0.16172308418710987,0.11161460727453232,0.05102812498807907,0.07061687330819799,0.05928830361292498,3.444443464279175,27.696062088012695,123.046875,reggae
-0.32250669598579407,58.8287353515625,0.014835850335657597,4.608670234680176,0.0019267932511866093,2.8917105197906494,0.3950728178024292,0.3064608871936798,0.3924109637737274,0.27166199684143066,0.3924109637737274,0.27166199684143066,1716.0497964664387,959.0622670530529,2062.68380025234,598.5437194846602,3790.5515312318735,2175.4906606217905,21.536925849889787,7.600611393990688,0.005532737821340561,0.01222447119653225,0.00951017540451984,0.1244049993558788,0.10800236464008378,0.14492589566565137,0.11416169255971909,0.06340943276882172,0.06409059599767981,0.05820430940234148,3.9281747341156006,39.99061965942383,129.19921875,reggae
1.0214316844940186,49.131832122802734,-0.0012225353857502341,3.5294790267944336,0.0010452258866280317,2.3594322204589844,0.3586397171020508,0.30770593881607056,0.4804384112358093,0.2465202659368515,0.4804384112358093,0.2465202659368515,1923.1216152231768,814.6155497791759,2314.0810148832593,521.6679358206451,4492.270825025377,1965.4314147974317,21.52799902549417,8.742070642089825,0.0039704469963908195,0.005197788588702679,-0.01140140741245141,0.11728547701739682,0.1282505437220994,0.164484293646631,0.1318567842245102,0.054633621126413345,0.06818641845514307,0.043092255849152585,4.68891716003418,35.558170318603516,129.19921875,reggae
4.636159420013428,36.288875579833984,0.0020049461163580418,3.0633091926574707,0.0008888969896361232,2.1517584323883057,0.41946858167648315,0.28427231311798096,0.45897039771080017,0.23852457106113434,0.45897039771080017,0.23852457106113434,2118.551041160394,474.4523223131243,2303.0696601109494,286.52425676803557,4853.047736006381,1043.0172063947755,21.745894733371134,9.21494532187582,0.0064611234702169895,0.0056463200598955154,-0.0016768221800811684,0.1254702717025319,0.11441569450204517,0.15364091704243246,0.18555830419063568,0.048735056072473526,0.07924770700406032,0.03587818885616024,8.033857345581055,42.93598175048828,143.5546875,reggae
0.8630471229553223,49.51927185058594,0.0016540295910090208,3.953775644302368,7.622853445354849e-05,2.6251378059387207,0.4258873760700226,0.3030857741832733,0.38054943084716797,0.26315680146217346,0.38054943084716797,0.26315680146217346,1803.9538105585716,811.8403797713994,1973.1231937162263,449.0099613547582,3779.060494761456,1621.3472543270045,21.66097351317785,8.363637262832498,0.005081788171082735,0.010164005681872368,-0.01969640870294007,0.1312877361540371,0.12673025184347697,0.1546953386210031,0.13969922065734863,0.05996549874544144,0.07795204345514307,0.05957440716881628,5.186394691467285,38.662017822265625,129.19921875,reggae
0.0037929974496364594,51.56242752075195,0.00585057632997632,3.8722963333129883,0.005316526163369417,3.1731042861938477,0.39474427700042725,0.30093103647232056,0.41219258308410645,0.2633216083049774,0.41219258308410645,0.2633216083049774,1907.6056942036942,868.0079220898921,2124.622526988369,503.47563628620065,4220.649368746374,1905.4365325173624,20.08611723322694,8.685716772626787,0.007369919214397669,0.011368722654879093,0.01600915726630265,0.15069718876650262,0.11839597773436622,0.16557729326252596,0.10637722909450531,0.05184551328420639,0.07740447360788863,0.05844321484736708,3.173130750656128,27.39109230041504,151.99908088235293,reggae
1.6656405925750732,55.66625213623047,0.006740686483681202,4.571691513061523,0.0024391780607402325,3.1025540828704834,0.39402538537979126,0.31830933690071106,0.478605717420578,0.2559148073196411,0.478605717420578,0.2559148073196411,1754.0198285353754,955.7499091707772,2068.163203945778,582.5188960674553,3840.3376957656615,2114.3497231547044,22.07069994041556,8.368453518173244,0.004464401863515377,0.009042639285326004,-0.018156718557927828,0.1053250260717148,0.10895570755335263,0.14514971948929623,0.1386721134185791,0.06819884479045868,0.0712822650812065,0.06443129253250071,5.447099208831787,43.54482650756836,143.5546875,reggae
1.4599746465682983,53.71078109741211,0.0008428035071119666,4.265942096710205,0.0003158196050208062,2.829251289367676,0.37086090445518494,0.3080681562423706,0.4352322220802307,0.2598915994167328,0.4352322220802307,0.2598915994167328,1637.688337885246,758.0259513842619,2045.9925778482516,457.1099027910962,3595.620253135876,1820.0387040790167,22.117360089736664,8.132292997591053,0.0031171925365924835,0.005957603920251131,0.027836867830279322,0.1471148425629099,0.12321439328538118,0.15995093642189634,0.13923603296279907,0.05313394218683243,0.056755803485112145,0.0478888125280492,5.10579252243042,39.99803924560547,129.19921875,reggae
1.9021550416946411,37.16044998168945,0.009020810946822166,2.4052655696868896,0.003071366110816598,1.361970067024231,0.3901088535785675,0.2941628694534302,0.455387145280838,0.25243982672691345,0.455387145280838,0.25243982672691345,2006.8493639042429,524.7487296057305,2120.2952154878813,317.8404167119359,4323.369242586282,1137.8549610805167,20.20730544928205,9.085335917513602,0.007424032781273127,0.009117214940488338,0.03550063798048455,0.12938011300083674,0.18222407109713143,0.2098051203567248,0.15509752929210663,0.06253977864980698,0.09282441814095127,0.03991860684177184,6.2156524658203125,44.967437744140625,151.99908088235293,reggae
5.783729553222656,37.626564025878906,-0.0006136121810413897,2.9548442363739014,-0.0017473013140261173,2.227569818496704,0.45550504326820374,0.2966650128364563,0.4716170132160187,0.2301897406578064,0.4716170132160187,0.2301897406578064,2059.02477480452,493.2031029279193,2227.2350169820215,312.79765023072315,4553.198298832656,1119.0804909059402,21.176376536849176,9.2044293761492,0.0049774968065321445,0.0063731917180120945,-0.004805801614219899,0.10469505151949915,0.11626179117581943,0.1614673082285577,0.18215873837471008,0.04651540517807007,0.07230036736272236,0.03571399602018973,7.861793518066406,48.13451385498047,151.99908088235293,reggae
1.1264818906784058,48.45561981201172,0.004544415511190891,3.5464651584625244,-0.002295898273587227,2.5367164611816406,0.4285487234592438,0.2986835539340973,0.4223412871360779,0.2872360944747925,0.4223412871360779,0.2872360944747925,2354.8865441845633,859.5373705644993,2336.4779718101163,367.5293939321833,5050.202279854263,1602.3436291232333,21.062247373280638,8.944315090773092,0.012580156326293945,0.016696469858288765,-0.01818515315054573,0.14832411560985234,0.10975067749366663,0.15704788686083582,0.10782551020383835,0.05243658274412155,0.12024747136020882,0.09109931404858136,3.1666300296783447,22.434823989868164,129.19921875,reggae
-0.5204540491104126,52.122798919677734,0.004514138214290142,4.0428290367126465,0.002564287045970559,2.628479480743408,0.3488044738769531,0.31246519088745117,0.40838897228240967,0.2713414132595062,0.40838897228240967,0.2713414132595062,1811.4103936654164,809.7725836026327,2019.3002564021967,442.1967483300859,3854.8513744380803,1697.237331261452,22.125983064294168,8.192275981723705,0.004313457291573286,0.008164562284946442,0.025730184599453226,0.19527487265322133,0.10446365753912627,0.13972074410741286,0.12366478145122528,0.05305603891611099,0.07214969124613302,0.05169738798456278,4.046688556671143,29.827823638916016,135.99917763157896,reggae
-0.16420167684555054,54.47172927856445,0.01696026138961315,4.287102222442627,0.0019186229910701513,2.8836069107055664,0.36245447397232056,0.30975812673568726,0.35783126950263977,0.2682746946811676,0.35783126950263977,0.2682746946811676,1708.9705332649312,774.3616467175707,1899.221919073423,521.3654914707291,3582.5804247933584,1760.0157137782403,22.219443829088586,7.757531736218398,0.004241378977894783,0.009370268322527409,0.05181325882775043,0.17386992853084635,0.11012492072881992,0.14371617182163773,0.12680219113826752,0.0545584075152874,0.07374708466260634,0.05128237910432424,4.2166643142700195,33.4891357421875,123.046875,reggae
0.6319764256477356,52.57059860229492,0.008893770165741444,4.477407932281494,-0.0003982951457146555,2.4757449626922607,0.402823269367218,0.31226614117622375,0.43719977140426636,0.26660454273223877,0.43719977140426636,0.26660454273223877,1840.8628555568273,770.9705657272848,2054.397807746018,479.30523534346224,4007.2907981075987,1725.0823380274821,22.045443540272846,8.244457297154351,0.004569076467305422,0.007356696296483278,-0.0022707633059649004,0.16074054764859091,0.11716292868962756,0.14946957798083466,0.13430091738700867,0.059183306992053986,0.07454389319895592,0.04774871937616181,4.837499141693115,37.42220687866211,135.99917763157896,reggae
-1.1983460187911987,51.97071075439453,0.01185697317123413,4.451601505279541,0.010006394237279892,3.3392250537872314,0.40394076704978943,0.3161909878253937,0.5360859632492065,0.2405651956796646,0.5360859632492065,0.2405651956796646,2086.3916625200486,910.9856945572888,2318.0279857939595,492.0965210073783,4678.8586114232885,1888.9769957728067,21.191683874264925,8.432827891382422,0.008036359213292599,0.014855751767754555,0.0311672816473246,0.11829903345219607,0.11410060118770761,0.15677700985492593,0.12778882682323456,0.07170975208282471,0.08734909730278423,0.07512055476666922,4.964293956756592,51.83006286621094,135.99917763157896,reggae
-1.5454232692718506,68.78687286376953,0.003447974566370249,4.424769401550293,0.0015499963192269206,3.2110490798950195,0.48743894696235657,0.2921530306339264,0.5278529524803162,0.23591181635856628,0.5278529524803162,0.23591181635856628,1640.710646882148,891.1491691296683,1906.9991727325635,469.74569884897386,3497.346910799739,1768.2816071982802,20.911790466057322,7.9468843321744504,0.007135031279176474,0.01658034883439541,-0.009871228270928085,0.09345800857482693,0.08778573896351628,0.12974516415257703,0.07284604012966156,0.04195421189069748,0.06780765117459396,0.06376562855932325,1.6459091901779175,13.84798526763916,78.30255681818181,reggae
0.8809270262718201,57.64378356933594,0.0023140183184295893,3.58634090423584,-0.0006362449494190514,2.9345781803131104,0.4288488030433655,0.2978927791118622,0.5310816168785095,0.22944027185440063,0.5310816168785095,0.22944027185440063,1585.3619273400423,542.9429123558454,2127.104657775028,365.7276950323505,3735.8608591031034,1495.20598481844,20.905780222046946,9.01987828959469,0.003221257356926799,0.005129714496433735,0.018636553107368652,0.1037291527230032,0.10194672766399628,0.14543722501449574,0.10382235795259476,0.04279741644859314,0.04365755510440835,0.023326934298706338,2.9374783039093018,23.654682159423828,151.99908088235293,reggae
-0.394656240940094,64.84915924072266,-0.0012263291282579303,3.911421537399292,-0.0012323062401264906,3.79632306098938,0.48783138394355774,0.2896631360054016,0.5483821630477905,0.24059733748435974,0.5483821630477905,0.24059733748435974,1814.1339363070717,944.6635485791822,2188.116332548102,538.6527377601983,4069.00099468895,2163.994018338143,20.76511082477993,8.64678690947634,0.007381255738437176,0.014501215890049934,-0.019702262148263563,0.08489618681944444,0.09227835426787526,0.14889406565876157,0.08045949041843414,0.036966439336538315,0.07047110643851508,0.06951460172056567,1.821639895439148,15.171425819396973,75.99954044117646,reggae
0.7212769985198975,62.766136169433594,-0.021035296842455864,3.8997488021850586,0.0013904378283768892,3.4126057624816895,0.4902202785015106,0.288106769323349,0.5951268672943115,0.22115494310855865,0.5951268672943115,0.22115494310855865,1579.8511126280443,723.0512875300758,2022.4376723082414,508.1867992953791,3541.995416273927,1815.483038857024,21.91038265704356,7.882859841848233,0.004250241443514824,0.007310343906283379,0.0471845329345408,0.07571832603765243,0.09622320747447594,0.1562973560581579,0.09194101393222809,0.0432414747774601,0.05865832547853828,0.04013407766916424,2.3880844116210938,22.90535545349121,161.4990234375,reggae
-2.4044954776763916,65.49800109863281,-0.000524095434229821,3.45872163772583,-0.00462391646578908,2.4889237880706787,0.48684176802635193,0.2904320955276489,0.5868750214576721,0.24159376323223114,0.5868750214576721,0.24159376323223114,1510.7924591573858,576.3961591131772,1850.5331677660092,471.38999510157373,3319.1775576421114,1434.101667951629,20.454269169746915,7.701429032903489,0.003816298209130764,0.006887191440910101,-0.005601501538418905,0.0830499709394652,0.11132065070516554,0.1530379260465484,0.06388380378484726,0.03991090506315231,0.06583149047757154,0.03832284993611255,1.3273429870605469,13.984884262084961,151.99908088235293,reggae
-1.9460150003433228,66.68668365478516,-0.0030355462804436684,3.733656883239746,-0.0016914056614041328,3.3647654056549072,0.44669583439826965,0.2982245683670044,0.5459955930709839,0.25300005078315735,0.5459955930709839,0.25300005078315735,1615.8305954532223,807.0187053466639,2062.8340659084033,441.69121207882745,3560.6641871193447,1943.0183368108128,21.044825474506016,8.807355079067237,0.005075827240943909,0.012936116196215153,0.008958255607852388,0.09886605641086188,0.08915522908654437,0.14028415378414102,0.07418757677078247,0.03652878850698471,0.059114130172080434,0.06100380819013723,1.595799446105957,13.061444282531738,89.10290948275862,reggae
-0.669389545917511,65.79376220703125,0.0016689455369487405,4.0184431076049805,-0.0036224336363375187,3.123729705810547,0.4705348610877991,0.2971675992012024,0.6014645099639893,0.22139327228069305,0.6014645099639893,0.22139327228069305,1291.4990686418096,688.0504923768979,1746.6522669686215,537.5551749446043,2827.5527139827436,1726.0666129384865,21.226686357512456,7.478124242815101,0.002990191336721182,0.007265470921993256,0.02444076519495171,0.08010771682163671,0.09016785194948586,0.14574873668404706,0.0824471265077591,0.04311356693506241,0.04460126341357309,0.02845139833136239,2.0329580307006836,20.692766189575195,184.5703125,reggae
-2.1911134719848633,61.35444641113281,-0.004080775193870068,3.5981545448303223,-0.002525091404095292,3.567652940750122,0.45848536491394043,0.2950820326805115,0.5842259526252747,0.23988112807273865,0.5842259526252747,0.23988112807273865,1699.3251213149977,743.3770604035732,2030.5500431853902,459.92874245974645,3786.1216534041473,1688.9389484879202,20.446947228423113,8.196747392754833,0.007015465758740902,0.013826959766447544,0.012572301828909348,0.09143836638906042,0.09185993117222488,0.15610390753394143,0.07321162521839142,0.04345263913273811,0.06128250676720804,0.04246367631469212,1.679521918296814,17.199716567993164,107.666015625,reggae
-0.6417171359062195,62.19315719604492,0.002699600299820304,3.630756378173828,-0.0019387315260246396,2.729264974594116,0.4346185326576233,0.3060019910335541,0.556273341178894,0.2502252161502838,0.556273341178894,0.2502252161502838,1811.1579026505942,808.8021776139875,2166.3985648744233,427.0548833780419,4119.003657011311,1694.1581051203116,22.185675543460455,7.945073615430383,0.00527036190032959,0.011139902286231518,-0.01827392072156484,0.11674025586771071,0.09472287818654151,0.14309036520726842,0.07996058464050293,0.05633428320288658,0.0592051400570379,0.04496095917757618,2.2360386848449707,31.487258911132812,86.1328125,reggae
-0.2072894424200058,65.89678955078125,-0.0020141194108873606,4.745604038238525,0.007192462682723999,4.312713623046875,0.5179426074028015,0.29208189249038696,0.6389675736427307,0.21671171486377716,0.6389675736427307,0.21671171486377716,1709.737126203655,723.8957593136454,2068.224726151896,437.2069405555757,3838.08944949971,1663.8389764107155,20.1993339897381,8.115125322735212,0.0060244593769311905,0.012197022326290607,0.011859349960875582,0.06450663541028559,0.08653844802182624,0.14932897463734024,0.08632519841194153,0.05251939222216606,0.06325753456109823,0.05205412662502154,2.388707399368286,23.628860473632812,151.99908088235293,reggae
-4.558119297027588,64.7474365234375,-0.009542052634060383,4.031595706939697,0.001511935144662857,2.551100492477417,0.3738839328289032,0.32269442081451416,0.45594522356987,0.28536778688430786,0.45594522356987,0.28536778688430786,1701.0178296815602,723.2996025157735,2000.5718641876313,468.58378606685966,3693.693751359484,1679.8621982911816,22.52488354655025,8.299147156635012,0.004507918376475573,0.009069791063666344,0.006113628854284476,0.14457687120245227,0.09080328540646808,0.12366704024330616,0.07575556635856628,0.03766176104545593,0.06552258555684455,0.05123659130521122,1.6529221534729004,15.05197811126709,95.703125,reggae
1.4555790424346924,79.00662994384766,-0.004895832389593124,5.873119831085205,-0.001739492523483932,3.8791041374206543,0.5075824856758118,0.3049998879432678,0.5403171181678772,0.23770533502101898,0.5403171181678772,0.23770533502101898,1312.5009449202723,735.1237524286853,2137.547304418508,473.8455698711663,2648.3175255582946,2260.346244840899,21.70815915963433,8.089678998148003,0.0017652154201641679,0.0038074280600994825,-0.02464918612882321,0.07338833506149775,0.07771220379411854,0.13257500013639986,0.10379727184772491,0.061144374310970306,0.025934796137857694,0.018791694923543115,3.415742874145508,40.097843170166016,151.99908088235293,reggae
-17.199132919311523,75.57420349121094,-0.003621170297265053,3.3661491870880127,0.004526049830019474,2.0541439056396484,0.30251362919807434,0.3082902133464813,0.37080514430999756,0.29100683331489563,0.37080514430999756,0.29100683331489563,2032.5080275306436,919.4874862813515,1850.5023635876562,366.39867644970116,3839.0303821962007,1397.7627303116233,21.33639503414144,7.086723873814211,0.006627523340284824,0.013241560198366642,0.016626345534868612,0.1913553025618924,0.13464852628382482,0.16510529681396974,0.039047129452228546,0.02995891496539116,0.1010474067092034,0.08687366012850045,0.494028240442276,3.6971986293792725,92.28515625,reggae
1.822738766670227,51.4890022277832,0.0010697024408727884,3.5968921184539795,-0.0023677765857428312,2.9865362644195557,0.37377306818962097,0.3032516539096832,0.38572317361831665,0.25929397344589233,0.38572317361831665,0.25929397344589233,1930.4048085685063,767.6613506962585,2205.0965578199493,394.01621170329116,4120.219375362529,1457.6494186671496,19.727789341895587,4.730882133253413,0.008780966512858868,0.014241894707083702,-0.02316286888096119,0.11539316654130584,0.1329500028264615,0.1808844875279425,0.1199120283126831,0.031203866004943848,0.05900574910576179,0.0376882857970022,3.463796615600586,22.19146728515625,143.5546875,reggae
-2.5211288928985596,47.88664245605469,-0.0027946706395596266,3.4613804817199707,-0.0006828660843893886,2.2547872066497803,0.43358299136161804,0.28938356041908264,0.4336981177330017,0.2711910903453827,0.4336981177330017,0.2711910903453827,2479.991063724072,828.1701091826154,2521.6384031877315,545.8597594258262,5047.412789116879,1926.7694120953386,18.300614344005215,4.099263671601528,0.03385777026414871,0.05210995301604271,0.021825593626639384,0.1100519998970201,0.1286150683757789,0.16093244560523265,0.07124088704586029,0.03841732442378998,0.105634531491686,0.05755663168893177,1.3908636569976807,15.549077987670898,123.046875,reggae
-0.04093090444803238,53.31873321533203,-0.005845260806381702,2.8802239894866943,0.002697643591091037,2.191971778869629,0.33474743366241455,0.29212045669555664,0.36891111731529236,0.2666661739349365,0.36891111731529236,0.2666661739349365,1484.7799129182074,338.36341808511406,1644.2103910112346,226.42280731018982,2775.1852296621228,461.7601115754484,19.47472741228413,4.861642203795516,0.0033899066038429737,0.003977534361183643,0.07043055294517683,0.13191243746987402,0.14504558920877075,0.18583632948780715,0.11060819029808044,0.04217994585633278,0.0760128909271075,0.033667549159808186,2.9715735912323,16.584768295288086,151.99908088235293,reggae
3.1666226387023926,35.980796813964844,-0.0027482665609568357,3.2614760398864746,0.00030491125653497875,2.6546082496643066,0.4492146372795105,0.28476953506469727,0.5630676746368408,0.23832125961780548,0.5630676746368408,0.23832125961780548,2455.426131281741,942.7621951752867,2821.2230571683826,462.8459661826655,5584.577109918793,1961.4489390227654,17.552104121344044,4.398680811423341,0.03895566612482071,0.06110258400440216,0.012555552171417642,0.09342560203390618,0.12169049650880742,0.16649058992720958,0.15240074694156647,0.05806688591837883,0.08757227921983758,0.05056581627976042,6.013402938842773,38.792694091796875,172.265625,reggae
0.20826685428619385,36.81777572631836,-0.0003350639308337122,4.049991130828857,0.00023648423666600138,2.6552200317382812,0.45771414041519165,0.28531935811042786,0.49289026856422424,0.24026674032211304,0.49289026856422424,0.24026674032211304,4281.984674096292,992.3736089021301,3111.955776476379,377.2207753232444,7925.459448865284,1353.1850089237012,17.62784636837086,4.204765558606314,0.12413857132196426,0.09998008608818054,-0.004547601434316329,0.11379418879159583,0.11738677458684542,0.1542654826998765,0.09118425846099854,0.036327529698610306,0.2237736701227765,0.09252784825051479,1.5089505910873413,8.909177780151367,161.4990234375,reggae
-2.3211333751678467,46.42886734008789,-0.0036378661170601845,3.3367836475372314,-0.0004686961183324456,2.0084667205810547,0.32443445920944214,0.31971150636672974,0.4188119173049927,0.27247944474220276,0.4188119173049927,0.27247944474220276,2322.2154852399008,873.4172059921073,2592.7201538766035,474.07026200996035,5227.597237075841,1748.4334279150723,18.909007816369982,4.6305965840433325,0.023753242567181587,0.03615690767765045,-0.024273174792872106,0.15335271918217125,0.15469128123040937,0.18358436806835712,0.09343517571687698,0.03350110724568367,0.08096405524941995,0.05150919412225885,2.26035475730896,18.360578536987305,172.265625,reggae
-2.8283638954162598,42.105342864990234,0.001117426436394453,3.4666099548339844,-0.0037763682194054127,2.5015783309936523,0.34247690439224243,0.306696355342865,0.4421558976173401,0.2695431113243103,0.4421558976173401,0.2695431113243103,2478.0490603630687,788.7147699066832,2310.1002476731487,291.3117197727865,4759.937033243909,1126.3910395674466,19.199779354006285,4.5956988183739,0.026824628934264183,0.03952135518193245,0.039189447353800574,0.130220065561272,0.14177453217474453,0.17251142303979475,0.10924848914146423,0.04616140201687813,0.1149432188950116,0.07015845476740055,2.7177536487579346,18.782258987426758,143.5546875,reggae
3.0417470932006836,38.89590835571289,0.007965544238686562,3.6226582527160645,-0.000876796490047127,2.545701265335083,0.3901061415672302,0.30396223068237305,0.41199445724487305,0.27195075154304504,0.41199445724487305,0.27195075154304504,2673.223822306729,912.3453349914324,2550.3652369896545,348.9856482968241,5608.450154527987,1422.1110964993932,19.492753944418173,4.446695512818812,0.030756531283259392,0.04068223759531975,-0.025212790654653157,0.12172820443046724,0.13609183012009302,0.16895565527867573,0.12015829980373383,0.039337027817964554,0.11116763038959783,0.07093629302353965,3.3673486709594727,19.969951629638672,89.10290948275862,reggae
-0.6026626229286194,39.58568572998047,0.0027772984467446804,3.9699177742004395,-0.0009189291740767658,2.204211950302124,0.36963343620300293,0.2962334156036377,0.48217570781707764,0.259551465511322,0.48217570781707764,0.259551465511322,2322.240523866596,746.6546214556431,2803.8732432813813,517.8770693101418,5450.573305630075,1851.2247802837448,18.742070783773748,4.6027086353062545,0.021236222237348557,0.025320686399936676,0.015453833501078753,0.13489867209651316,0.10991975225089277,0.15231953407489882,0.13285553455352783,0.04719451814889908,0.08068951505703789,0.049248697422956365,4.564746379852295,25.509033203125,95.703125,reggae
0.8137833476066589,35.99634552001953,-0.012699456885457039,4.4596266746521,-0.0019410562235862017,3.1220250129699707,0.46031704545021057,0.28926825523376465,0.500213623046875,0.2537366449832916,0.500213623046875,0.2537366449832916,2955.030353182864,1356.623784841525,2690.2864436066775,530.5263414400162,5869.496526518997,2296.2977048151984,18.05196700744873,4.22306977154707,0.0902799442410469,0.12445751577615738,-0.01777164722044555,0.10857620007111217,0.1120949351485475,0.15426938477584515,0.13098739087581635,0.06351189315319061,0.12703658219740913,0.09335017593685004,4.34209680557251,42.06192398071289,95.703125,reggae
0.5614748597145081,43.80607604980469,0.001668252283707261,5.195192337036133,0.009610903449356556,3.50589656829834,0.5697124600410461,0.2702866494655609,0.6911044120788574,0.20083974301815033,0.6911044120788574,0.20083974301815033,4274.292786512983,1580.9240411297733,2876.9961596890357,449.05700952973865,7674.580146099188,1870.4996654425681,15.0109727426267,3.6084046483556103,0.13171891868114471,0.11745411157608032,-0.0120918081634331,0.023985069528083523,0.10929384575198492,0.14498924108456335,0.11737683415412903,0.05725637078285217,0.27463082463263727,0.16946505211812093,3.503253221511841,37.2148551940918,86.1328125,reggae
5.242377758026123,31.578933715820312,0.0004529902944341302,3.788722038269043,0.0009657219052314758,2.45151424407959,0.502034604549408,0.2894493043422699,0.5441348552703857,0.24397891759872437,0.5441348552703857,0.24397891759872437,3289.1034005754636,1228.5542741221057,3253.1477161106054,469.097867224362,7286.299689131381,1966.8455326977937,16.24929981434976,3.7054425143026166,0.06097344681620598,0.07090652734041214,-0.028775083730508494,0.06619765254762261,0.14507780210334908,0.1727752353351705,0.18993304669857025,0.09153483062982559,0.1340670014017788,0.09847996063744688,9.971242904663086,88.49542236328125,99.38401442307692,reggae
-1.937641978263855,66.20403289794922,-0.00559551315382123,4.570362567901611,0.0020515802316367626,3.081172466278076,0.46929749846458435,0.29879266023635864,0.5162044167518616,0.2630521357059479,0.5162044167518616,0.2630521357059479,2004.6584158276357,1230.4959060174804,2297.795832802628,719.1240211385208,4159.813490157338,2576.8291893813393,17.69801293984625,5.689945864889994,0.02661215141415596,0.05598822981119156,0.0016340620312632244,0.09097459710276387,0.10471219566989722,0.1360749235705136,0.06302909553050995,0.042916420847177505,0.08975349538379737,0.08656718227091771,1.3274145126342773,17.57267189025879,75.99954044117646,reggae
-0.1813506782054901,51.31010055541992,-0.0039122444577515125,4.2067742347717285,0.0016574263572692871,2.997292995452881,0.39642533659935,0.30500563979148865,0.3657865822315216,0.25840088725090027,0.3657865822315216,0.25840088725090027,2542.483268553463,1291.6118017861493,2726.2070510272347,732.8931930703037,5477.693817067865,2714.4302666874546,18.952651287289935,4.905739925309657,0.035016998648643494,0.07116766273975372,0.0036174491601047186,0.16946830985892727,0.10680896926423626,0.1471427562883279,0.09683504700660706,0.04667917266488075,0.10157722774071926,0.08205578787071462,2.565756320953369,21.808223724365234,143.5546875,reggae
2.5803160667419434,40.65470886230469,-0.0023810819257050753,3.5523507595062256,-7.583913975395262e-05,1.8953537940979004,0.4617965519428253,0.28463274240493774,0.5426132082939148,0.24036873877048492,0.5426132082939148,0.24036873877048492,2525.5469562709054,1008.4872860129049,2839.8418168272824,502.4096237347354,5595.360365157338,2224.3935956514097,17.14488939746269,3.9479150736698996,0.03360902518033981,0.039761047810316086,0.012472394912758318,0.08423363269980207,0.1470019709509251,0.1917210316405095,0.11288440227508545,0.025734953582286835,0.08219627622293117,0.054145296195492285,3.0139360427856445,16.54313087463379,129.19921875,reggae
-0.0835244283080101,48.3613166809082,-0.0012837586691603065,4.187769412994385,0.0011475743958726525,3.091658592224121,0.37048211693763733,0.30528634786605835,0.4591647684574127,0.27312353253364563,0.4591647684574127,0.27312353253364563,2173.8734628702273,955.0702933745222,2460.470767071349,598.8784486866806,4658.516146135441,2162.6982760432293,17.840339010456102,4.235908585302566,0.027802659198641777,0.0534382127225399,0.04921565404866245,0.10907897014131553,0.13243345242602414,0.16132446539237671,0.10047587752342224,0.049732793122529984,0.08315697807907967,0.05533794799616163,2.781561851501465,20.823158264160156,161.4990234375,reggae
0.3147994875907898,51.70310974121094,-0.005962695926427841,4.247220993041992,-0.0015904863830655813,2.8298065662384033,0.37315040826797485,0.30846554040908813,0.45462411642074585,0.26802873611450195,0.45462411642074585,0.26802873611450195,2169.6559456996456,1037.2405988479404,2576.932481929306,657.3949993125424,4773.88448693083,2415.726533503313,18.676399049718945,4.789516680472811,0.024290109053254128,0.04472169280052185,0.00533134033262521,0.1327913890966044,0.1208302029622953,0.15681004125249334,0.10329818725585938,0.04792715236544609,0.07884288295146945,0.05719264749437338,2.9395716190338135,21.592510223388672,95.703125,reggae
-1.9854280948638916,48.73577117919922,-0.0010876822052523494,4.399647235870361,-0.003889065468683839,3.1398019790649414,0.3717508912086487,0.30766761302948,0.5216079950332642,0.24335776269435883,0.5216079950332642,0.24335776269435883,2631.1187832454702,1149.6975568221442,2827.597160930656,576.5691430764992,5698.113546349333,2400.286183049454,17.865986577747083,4.354261986627299,0.03267446532845497,0.04768412187695503,0.00276471589054891,0.12426255246166161,0.11343798839667048,0.1520939920694554,0.09113358706235886,0.03944068402051926,0.11195424279775715,0.08851419293713651,2.1027991771698,14.913165092468262,123.046875,reggae
-0.3733491599559784,33.72016525268555,0.004835345782339573,3.649609088897705,0.0006950817187316716,2.1536526679992676,0.3758600056171417,0.29256582260131836,0.4462665617465973,0.26277419924736023,0.4462665617465973,0.26277419924736023,2671.481384342479,907.3176764247546,2716.552296984155,451.08347159052914,5699.20436213022,1785.6895416151137,17.871258186169392,3.8552358519707837,0.05021856725215912,0.07140998542308807,-0.011730881502064078,0.1276123798393086,0.13125551734839844,0.16423245875199863,0.12638019025325775,0.044350963085889816,0.11736196708236658,0.06142364449183797,3.7707948684692383,19.573392868041992,151.99908088235293,reggae
-12.101874351501465,72.63198852539062,0.0006278346409089863,3.0924887657165527,-0.001975557766854763,1.7056958675384521,0.2992284297943115,0.3029126524925232,0.35321635007858276,0.2837429940700531,0.35321635007858276,0.2837429940700531,2395.5102135646594,926.8016121496061,2300.637993099421,387.84378016125453,4791.645632431844,1487.030899142278,21.524068818424254,4.263107454014472,0.017102409154176712,0.03120967000722885,0.06726010410878389,0.2144097075098223,0.1525094338701897,0.1813477449553077,0.025821609422564507,0.018484869971871376,0.11850204526778808,0.07773046568744231,0.20798049867153168,2.2317614555358887,112.34714673913044,reggae
0.7280067205429077,29.28118324279785,-0.00876024179160595,3.571564197540283,0.0032176021486520767,2.424736976623535,0.39559024572372437,0.3053435683250427,0.501340925693512,0.24537743628025055,0.501340925693512,0.24537743628025055,3123.715745645115,1105.8762476775871,2918.3494041116587,552.6210502496809,6474.557884552639,2098.395892423615,19.342155028547875,5.276877644167549,0.04933098703622818,0.0581747330725193,-0.04074095522047611,0.11788284738632636,0.14855059488416786,0.17966125286052295,0.18092696368694305,0.054220907390117645,0.13354284488592422,0.08100645563973796,7.513545513153076,48.68124771118164,92.28515625,reggae
-1.3136177062988281,67.49605560302734,0.01457481924444437,4.406215190887451,-0.004944021813571453,3.518428087234497,0.44493186473846436,0.3121150732040405,0.3618026077747345,0.2788408696651459,0.3618026077747345,0.2788408696651459,2112.968318838473,1064.9356859829843,2595.2257204834805,659.8794792967561,4785.22564031685,2453.985907736423,17.751290680641464,4.1356275559072815,0.026533102616667747,0.056622907519340515,-0.029104386783414232,0.18483490109129433,0.10490398514165468,0.14939260973124688,0.057308778166770935,0.030629077926278114,0.06084407325502707,0.054100131804016724,0.9691752195358276,11.810772895812988,151.99908088235293,reggae
0.0558544360101223,49.8400993347168,-0.005054847802966833,3.4716720581054688,-0.003553603542968631,2.398897886276245,0.4161064028739929,0.2997732162475586,0.47228294610977173,0.2680250108242035,0.47228294610977173,0.2680250108242035,1910.8838166956766,710.0642073526141,2115.3946331281586,583.308279304324,3940.2847325442285,1652.4857665650036,18.4781300441128,4.567759509013239,0.01614156924188137,0.03719187155365944,0.003331899366280249,0.09599871274709557,0.1322283317087595,0.16992644970721668,0.09753626585006714,0.04712783545255661,0.08333522150522042,0.04719525640898543,2.6030869483947754,23.45049476623535,184.5703125,reggae
3.8014612197875977,28.337297439575195,-0.003311354201287031,3.159353256225586,0.0030600507743656635,2.3506391048431396,0.41679054498672485,0.31400325894355774,0.3220336437225342,0.2593469023704529,0.3220336437225342,0.2593469023704529,3094.4494679187587,1026.2072871667003,3136.176151646428,445.2105531151225,6975.225674303944,1845.2793835346845,20.1431733079582,5.355009061291011,0.03304454684257507,0.05145324766635895,0.011380691452771236,0.17615021903198108,0.1426441599848864,0.17727189468695462,0.2676790654659271,0.08554041385650635,0.10086425403615623,0.08718661697792367,17.81096839904785,149.8616485595703,172.265625,reggae
5.513837814331055,36.385833740234375,0.0008009607554413378,5.042056083679199,0.0006516342982649803,3.1429874897003174,0.3760024607181549,0.3090161979198456,0.4184737205505371,0.27025842666625977,0.4184737205505371,0.27025842666625977,2081.187059476724,939.0359728883486,2264.7951009087487,662.7658287105535,4365.952692231003,2062.537437111115,18.119292666313854,4.307159318932651,0.02581184357404709,0.04640423506498337,-0.032054248252684416,0.14089420268411276,0.11614510290229209,0.15418142874659357,0.2980298399925232,0.12080035358667374,0.08282126111755607,0.052528760044748796,22.458105087280273,177.4982147216797,89.10290948275862,reggae
2.162821054458618,47.68558883666992,0.0019570221193134785,3.5811591148376465,-0.0003064980264753103,2.4849040508270264,0.3891702890396118,0.30517318844795227,0.5134040713310242,0.24691425263881683,0.5134040713310242,0.24691425263881683,1629.2960017192215,578.8948863448646,1886.519012237297,384.63360598904075,3258.641445221868,1194.535356885503,19.830090122845732,5.178621049110463,0.008880840614438057,0.01827678270637989,0.030504987886063813,0.09826743815984225,0.12211012997380583,0.15901741476836917,0.12909263372421265,0.051509641110897064,0.06708825768561485,0.0357769551178465,4.362872123718262,34.77939224243164,161.4990234375,reggae
3.0592048168182373,43.164981842041016,0.005177780520170927,3.0509033203125,0.000508228549733758,2.007948160171509,0.39627617597579956,0.2998906075954437,0.4542621076107025,0.25658172369003296,0.4542621076107025,0.25658172369003296,1728.9380569839393,521.0965874982971,2362.327759720238,442.3003181690139,3519.6045488326567,1389.8583121464033,17.90716371166475,4.03722241023715,0.009819119237363338,0.014018838293850422,0.016010934448744858,0.09528403661957062,0.14217266112460794,0.17419941468346878,0.14006787538528442,0.04435737431049347,0.06046832704949729,0.03253161064116059,4.9722795486450195,32.8603515625,83.35433467741936,reggae
0.7214413285255432,53.433773040771484,0.0032095147762447596,4.156999588012695,-0.004759152885526419,2.8052172660827637,0.3585137128829956,0.31666553020477295,0.4393051266670227,0.2719258964061737,0.4393051266670227,0.2719258964061737,2104.695061638517,947.2681846780134,2311.35317114462,443.2704550690713,4381.024269050899,1784.0539110652446,19.85911381780449,4.913863386340518,0.020008526742458344,0.04269785061478615,0.020603863006674154,0.10724657483848743,0.12470387949565015,0.15545507612587148,0.09531278163194656,0.04227457195520401,0.07783120045436968,0.05574636880279194,2.4237918853759766,19.038352966308594,135.99917763157896,reggae
2.2472493648529053,43.556251525878906,-0.001435010228306055,3.5019309520721436,0.0016273047076538205,2.956496238708496,0.3625805079936981,0.2982505261898041,0.3943973779678345,0.2551543414592743,0.3943973779678345,0.2551543414592743,2460.5870773027177,974.5004005694184,2682.994804583766,423.0707137193778,5286.859343278712,1757.7475566627556,19.22336440620896,4.4691681813862045,0.020442457869648933,0.027911188080906868,-0.033720735264656375,0.1283493412680353,0.13511898710329556,0.18387570593589067,0.12571118772029877,0.03870264068245888,0.08037456798627224,0.05618000508222858,3.795346975326538,24.1140193939209,143.5546875,reggae
-0.5076320767402649,41.15681457519531,0.00032824816298671067,3.341536283493042,-0.00023699994198977947,2.3383901119232178,0.3807027339935303,0.3103105425834656,0.3873266279697418,0.24983522295951843,0.3873266279697418,0.24983522295951843,2288.627178100081,754.6849266298907,2533.888402309692,457.7350583064014,5005.570428056119,1584.8036952284203,19.810756038163337,5.813998041562113,0.015294627286493778,0.02023378573358059,0.0077289481884945,0.17000679421335388,0.1485970603635089,0.18153518040743555,0.1489950716495514,0.04235045239329338,0.060985686146558395,0.03434764508190299,5.477641582489014,42.286678314208984,172.265625,reggae
2.285005569458008,44.118804931640625,0.007066552527248859,5.030797481536865,-0.0022024577483534813,3.0951876640319824,0.40905728936195374,0.31084850430488586,0.44711822271347046,0.2762121558189392,0.44711822271347046,0.2762121558189392,3109.7327645271375,1346.9645744184188,2852.71340462504,518.1637499616387,6393.12140869707,2187.8603249432845,19.576006702100788,5.4660648419709545,0.05049794167280197,0.07165959477424622,0.04230806025212313,0.14089028333870973,0.11010696866367968,0.14193905320522904,0.150790274143219,0.06997843086719513,0.12158920630317092,0.10428241343017351,5.634864330291748,57.14690399169922,143.5546875,reggae
-1.8830618858337402,35.084808349609375,-0.0014529176987707615,4.256464958190918,0.003913795109838247,2.7319064140319824,0.4328385293483734,0.29329195618629456,0.5743791460990906,0.24176539480686188,0.5743791460990906,0.24176539480686188,3089.7484730911488,1145.1994312976565,2973.7469946717697,521.1654172500214,6574.88795588022,2158.7151726594657,17.977878205170125,5.210490049047354,0.06558506935834885,0.07251894474029541,-0.002607308273626701,0.09407318883839198,0.11400417938101125,0.14887498715935493,0.1428464651107788,0.06898953765630722,0.13615569714327147,0.08656663363082885,5.352017402648926,46.92947769165039,112.34714673913044,reggae
6.726877212524414,35.214561462402344,-0.0010987363057211041,3.0000288486480713,-0.0014455670025199652,1.816171407699585,0.4495698809623718,0.3007050156593323,0.3728814125061035,0.26637041568756104,0.3728814125061035,0.26637041568756104,2152.9019278799583,811.3422754045282,2667.442598346866,514.3542390983843,5073.059450224768,1829.0726375658805,17.974552633978636,4.796544161481061,0.012262878008186817,0.0167069211602211,-0.0444560227150872,0.17889910719002441,0.17164893627219516,0.19740608667629528,0.19216161966323853,0.03619055077433586,0.05103162159222738,0.029560277404269527,8.880064010620117,54.34024429321289,83.35433467741936,reggae
6.724952220916748,35.22673797607422,-0.0011829632567241788,3.0006375312805176,-0.0012989635579288006,1.8135020732879639,0.4545871317386627,0.3049878478050232,0.36458709836006165,0.2675931453704834,0.36458709836006165,0.2675931453704834,2148.49442922645,808.4062670523133,2665.474788911582,513.1319523696079,5063.999850456787,1823.757750619399,17.954132037247636,4.797887898745173,0.01222736481577158,0.016663577407598495,-0.02552605157908885,0.16752630142810332,0.17142474711915395,0.19728770523711422,0.19215399026870728,0.03621750324964523,0.05099348052010828,0.029618583123353998,8.879956245422363,54.33788299560547,172.265625,reggae
2.2455296516418457,30.948881149291992,-0.0016176786739379168,2.9542312622070312,-0.001842779340222478,1.8562774658203125,0.38971883058547974,0.30120933055877686,0.48724183440208435,0.261785626411438,0.48724183440208435,0.261785626411438,2481.5194522237502,658.3645852675031,2324.114186065556,427.6678887122505,4847.385486151392,1416.3120493383306,18.134993156778886,4.432923219849061,0.030972881242632866,0.03982020542025566,0.02452844809800986,0.11930278554727469,0.16406292949865225,0.19591592144170558,0.17089733481407166,0.08145470917224884,0.13501222024845322,0.054863190714005854,7.107909202575684,50.15129852294922,143.5546875,reggae
3.9353697299957275,40.208641052246094,-0.00024006284365896136,5.1584391593933105,0.001620746566914022,3.1309168338775635,0.44062989950180054,0.30715101957321167,0.4453659951686859,0.27008292078971863,0.4453659951686859,0.27008292078971863,2456.3701094702765,1216.2792263472866,2559.8386037814166,559.8404203654399,5054.457294083527,2314.658213135676,18.058286376713014,4.757209129244608,0.037355486303567886,0.06001327559351921,0.04142529289656847,0.11432825608255838,0.1014919400428475,0.14220922443427045,0.21068963408470154,0.08144333213567734,0.08823842626160093,0.07633216341076456,11.120579719543457,88.42835235595703,161.4990234375,reggae
1.3158799409866333,45.982093811035156,-0.0030314819887280464,2.7979698181152344,0.0003617883485276252,1.9299358129501343,0.3956121802330017,0.30119913816452026,0.42832979559898376,0.2533603012561798,0.42832979559898376,0.2533603012561798,1778.172233591523,574.5076146015158,2174.2035345645522,389.2839248366309,3821.7855006525524,1200.8828747624223,17.38573665841187,3.984214818501886,0.009671512991189957,0.012326832860708237,0.01378152725749428,0.12454250607998306,0.13720713278407254,0.17256732124125712,0.11649220436811447,0.03898187726736069,0.06088825647718484,0.036297036776813264,3.4416048526763916,21.243160247802734,143.5546875,reggae
0.18332800269126892,51.3224983215332,0.004144738428294659,4.2117600440979,0.00030570689705200493,3.350093364715576,0.4528188109397888,0.28793781995773315,0.45974093675613403,0.264796644449234,0.45974093675613403,0.264796644449234,2316.9096279606097,1022.6605945005364,2334.847779997394,604.0518449853382,4680.049349260441,2039.5863911430515,18.98599932965573,3.9415642900102954,0.022695036605000496,0.037370845675468445,0.024401452301351243,0.11514809591486759,0.1301686206499833,0.167957663616165,0.09431865066289902,0.03133032098412514,0.09374924473124517,0.0529338850617426,2.075153350830078,13.77519416809082,161.4990234375,reggae
-3.5836684703826904,44.31352996826172,0.003491311799734831,3.6251049041748047,0.0014455898199230433,2.4925734996795654,0.47634947299957275,0.3017887473106384,0.5137419104576111,0.27853915095329285,0.5137419104576111,0.27853915095329285,3002.6481938382785,1042.1409175333272,2214.1713261044288,320.0386498897203,5293.021203415024,1223.8577192372084,16.821623691332924,4.774079069011215,0.05699273198843002,0.06043989956378937,0.010919503757649133,0.11173371170476361,0.13728783677635797,0.16794653852384042,0.08061415702104568,0.051364969462156296,0.1863670968677494,0.11088285781033186,1.541312575340271,16.509925842285156,151.99908088235293,reggae
5.1038970947265625,36.07036590576172,-0.005431892350316048,4.455759525299072,-6.581654452020302e-05,2.6773011684417725,0.4768904745578766,0.30637112259864807,0.5394507050514221,0.263198584318161,0.5394507050514221,0.263198584318161,2539.081379106247,936.045025344516,2644.4142912968027,407.7669779535777,5260.713071889501,1669.8608042360258,17.45367646731969,4.501962347344697,0.04371713101863861,0.07233544439077377,-0.010302051237510724,0.05808780394555119,0.11881622916734921,0.15038985949028874,0.19564288854599,0.1030128225684166,0.09429756984725444,0.07064365284706378,10.905009269714355,129.91033935546875,99.38401442307692,reggae
4.509023189544678,38.61182403564453,-0.0002653473347891122,4.686882972717285,-0.0008097144309431314,2.817080497741699,0.4734130799770355,0.3047865927219391,0.5275312066078186,0.26363688707351685,0.5275312066078186,0.26363688707351685,2566.857509437963,990.3084077123353,2629.631143825934,466.15988141009035,5313.696742223753,1771.6816655488308,17.748139962066123,4.696917434250681,0.04426906630396843,0.07462417334318161,-0.008468463250663378,0.061248715648430194,0.11960233468832439,0.15323585145463275,0.17930187284946442,0.09959971159696579,0.09938166147041763,0.07508080674285261,9.378074645996094,118.45207977294922,99.38401442307692,reggae
4.509023189544678,38.61182403564453,-0.0002653473347891122,4.686882972717285,-0.0008097144309431314,2.817080497741699,0.4734130799770355,0.3047865927219391,0.5275312066078186,0.26363688707351685,0.5275312066078186,0.26363688707351685,2566.857509437963,990.3084077123353,2629.631143825934,466.15988141009035,5313.696742223753,1771.6816655488308,17.748139962066123,4.696917434250681,0.04426906630396843,0.07462417334318161,-0.008468463250663378,0.061248715648430194,0.11960233468832439,0.15323585145463275,0.17930187284946442,0.09959971159696579,0.09938166147041763,0.07508080674285261,9.378074645996094,118.45207977294922,99.38401442307692,reggae
-5.018468856811523,75.8783950805664,-0.00018747540889307857,2.6957497596740723,0.0005606262129731476,1.5786978006362915,0.326667457818985,0.3024190068244934,0.3083714544773102,0.2842988073825836,0.3083714544773102,0.2842988073825836,1366.6849879747774,684.6857391616163,1737.1894705207098,430.6425161901464,2563.3254898673144,1612.6857885829208,21.089802781789086,5.48044506750025,0.002734881592914462,0.009264799766242504,0.02124327692754963,0.23979150359555673,0.17965553773917642,0.20419375911083684,0.0567508339881897,0.03275415301322937,0.0711814367024362,0.05241086927815514,0.8802509903907776,7.765162944793701,129.19921875,reggae
-0.9676504731178284,47.26358413696289,-0.004382978659123182,3.5524511337280273,0.0011038380907848477,2.3368260860443115,0.32255470752716064,0.30185583233833313,0.4437294602394104,0.2560844123363495,0.4437294602394104,0.2560844123363495,1788.5211001813198,653.0642718809044,2121.4543942148002,374.4459748266649,3820.544801787268,1298.7800715432593,18.666372231463296,4.337722370279625,0.010587085038423538,0.016861792653799057,-0.03452073435800078,0.15107936743619238,0.1382526028631688,0.17071753605383597,0.11417220532894135,0.036049582064151764,0.07597437222061099,0.03891516530814044,3.2176156044006348,16.54539680480957,198.76802884615384,reggae
-2.308361530303955,55.97592544555664,0.0028439273592084646,4.4611358642578125,0.002697582822293043,2.3403196334838867,0.3959334194660187,0.30446770787239075,0.3836870491504669,0.2830280065536499,0.3836870491504669,0.2830280065536499,1797.2434967059141,526.6147812703138,1649.8017975287858,213.54517730623743,3439.675230659078,670.2323651727236,19.152272919594473,5.154595671964605,0.004362876992672682,0.006847900804132223,0.041342184892086555,0.13386526588371456,0.12827223763747092,0.1630660157931334,0.11949173361063004,0.05974733829498291,0.0993631573859242,0.06202071326917762,3.5375664234161377,27.37971305847168,86.1328125,reggae
4.573687553405762,34.28976821899414,0.002140670781955123,1.9834764003753662,0.000696985749527812,1.5680311918258667,0.6636518836021423,0.21931092441082,0.5983503460884094,0.22014585137367249,0.5983503460884094,0.22014585137367249,4435.732059302078,1741.8262591639018,2844.7665660116954,697.8552358372065,7625.9014510223315,2942.225167323504,13.493064690521212,4.472928163611427,0.4180268943309784,0.2347257435321808,-0.015655312398564276,0.08828469249724,0.1559197671926567,0.2215941409192513,0.3509167432785034,0.12001144140958786,0.26014779098994584,0.11248885157256536,11.331104278564453,22.64935302734375,129.19921875,reggae
-0.472708135843277,36.35573196411133,0.002823365619406104,4.302487850189209,0.000675056828185916,3.124436616897583,0.38774242997169495,0.3187904357910156,0.44891324639320374,0.2769784927368164,0.44891324639320374,0.2769784927368164,3296.462832779134,1453.8352130365088,3065.0234997852335,468.6656507011947,6910.209723027842,2223.1792723415324,19.52854227573025,5.645255903379242,0.05985837057232857,0.08493249863386154,0.030270552992255347,0.16985835306822178,0.10756397829211518,0.1474154136381792,0.20773205161094666,0.11357738077640533,0.12183240284222738,0.10948808942565015,12.527214050292969,131.68919372558594,83.35433467741936,reggae
-1.6296932697296143,25.728107452392578,0.009019742719829082,2.8090295791625977,-0.000337091158144176,1.864581823348999,0.3755490183830261,0.30617469549179077,0.5401898622512817,0.24142108857631683,0.5401898622512817,0.24142108857631683,3880.9607426552216,697.2273363044314,3361.8066274201597,239.73455241895556,8249.673214091503,867.1343076416622,18.53930192563903,5.050459149611476,0.10347390919923782,0.07709253579378128,-0.03725009391470615,0.09692545508449987,0.13120309794282886,0.17638187289224272,0.120014987885952,0.041682444512844086,0.18918764803267596,0.0851913648154621,3.2566792964935303,20.86485481262207,107.666015625,reggae
1.1081825494766235,62.00699234008789,0.007590186782181263,4.680628776550293,0.001512016635388136,3.4307940006256104,0.36970552802085876,0.30939602851867676,0.4095194935798645,0.27271226048469543,0.4095194935798645,0.27271226048469543,1052.543425045615,544.363940047141,1401.6280934476588,363.862371150897,2055.8963076421114,1155.5463909821435,18.076617983121963,3.7763477774751775,0.0019515679450705647,0.003821334335952997,0.014523531071634795,0.15156706366847225,0.10805587765852849,0.1505174895886492,0.15137124061584473,0.06288589537143707,0.038035334493426144,0.026551479789917336,5.916837692260742,44.236915588378906,151.99908088235293,reggae
2.252014636993408,39.650184631347656,0.002616875572130084,4.097470760345459,-0.0015838154358789325,3.094224452972412,0.46993374824523926,0.29467034339904785,0.47971850633621216,0.2703647017478943,0.47971850633621216,0.2703647017478943,2868.345135224565,1163.4182528416607,2676.2080951154044,474.810131301143,5797.136304107454,1889.3639839805094,18.487005114321203,4.643886108202658,0.04645900800824165,0.06639018654823303,0.03438412423529539,0.11598419211760229,0.1258294523885726,0.17250219301932682,0.14421863853931427,0.09093883633613586,0.13065696297370458,0.09881777881264085,6.375642776489258,88.3725357055664,151.99908088235293,reggae
-1.1107302904129028,45.93795394897461,-0.0036661119665950537,2.9546449184417725,0.0023627043701708317,1.892578363418579,0.3978305757045746,0.29886844754219055,0.49127915501594543,0.2643280625343323,0.49127915501594543,0.2643280625343323,2314.083798452271,559.4199681317957,2180.0911347258047,366.561924685202,4559.834788736224,1120.1172509319385,18.140793766636573,4.37824686261946,0.022555405274033546,0.027719924226403236,0.02346087099164201,0.11567121353923585,0.16254296520664863,0.1923332780595417,0.06881311535835266,0.030573075637221336,0.12383575321442382,0.04820220981173436,1.1603018045425415,8.382414817810059,143.5546875,reggae
0.3158140182495117,43.771751403808594,-0.005824676714837551,2.944460868835449,-0.000838197476696223,1.911101222038269,0.39888983964920044,0.30045604705810547,0.49048033356666565,0.26556313037872314,0.49048033356666565,0.26556313037872314,2170.387167840117,497.0554561752602,2054.44001833899,333.8989307715893,4305.982804796258,1030.7216049531341,17.961243564786873,4.431263243292689,0.0151430144906044,0.018851101398468018,0.02484926565669322,0.11184780069913437,0.1661064746923273,0.1958944152404488,0.09212244302034378,0.04131229221820831,0.11999294578982986,0.046935522638887416,2.090822696685791,15.199389457702637,143.5546875,reggae
-0.5845339298248291,47.60112380981445,-0.0025449725799262524,3.9061996936798096,0.0017519177636131644,2.540555238723755,0.3708234131336212,0.2969988286495209,0.46844252943992615,0.2484818398952484,0.46844252943992615,0.2484818398952484,2109.7985596894723,836.0690204806008,2528.1439742455086,702.59720092654,4606.440101145592,2541.9935097414445,19.705105697727834,5.603639091865086,0.017243215814232826,0.026358526200056076,0.050588648372702584,0.12887251154217008,0.13794569788067984,0.1740320127299662,0.10708072781562805,0.041986044496297836,0.0892859840245553,0.04465583976561164,2.873793363571167,14.829241752624512,89.10290948275862,reggae
-0.051875293254852295,37.004207611083984,-0.0005054513458162546,2.7770683765411377,0.0008936111116781831,1.739477276802063,0.36566656827926636,0.29481828212738037,0.3479868471622467,0.26325473189353943,0.3479868471622467,0.26325473189353943,2022.4897300831608,738.5924419208525,2129.800378822572,429.3243297418044,3834.3673529038574,1546.1450437905105,19.481020495919367,5.100628631274947,0.020586729049682617,0.03897404670715332,0.0003357135698675431,0.1800905439674188,0.17256185278445596,0.2029137633819011,0.13466951251029968,0.03622496873140335,0.09561853489945862,0.05109370204019899,4.038384437561035,21.32537269592285,129.19921875,reggae
0.5079426169395447,29.160634994506836,-0.002565762959420681,3.2792272567749023,0.0017915840726345778,2.2365407943725586,0.42451566457748413,0.28424957394599915,0.5306641459465027,0.2476712316274643,0.5306641459465027,0.2476712316274643,2617.1778006286586,713.4441432058712,2787.4453144858594,395.0367483261173,5719.163792869054,1351.6756350985113,17.59840734940436,3.8828807423391485,0.033214353024959564,0.03229875490069389,0.032842992821527695,0.08248834348860894,0.136993156226359,0.17733706973035201,0.16224560141563416,0.06424510478973389,0.1031685790071539,0.05123886683696647,6.614965438842773,44.67082977294922,123.046875,reggae
1.2699962854385376,54.433109283447266,-0.004183945711702108,4.216983795166016,0.0015783177223056555,2.4042162895202637,0.41636136174201965,0.3086131811141968,0.3325948417186737,0.27855029702186584,0.3325948417186737,0.27855029702186584,1630.16101822981,715.2976006597618,1578.5100390936884,291.7547440570671,3183.699903023492,1194.34326428757,18.580826814495264,4.282003984325219,0.0033600761089473963,0.007038946263492107,0.059818160613292704,0.15658869657313434,0.12857955138358154,0.15495038194333774,0.16210661828517914,0.07132073491811752,0.0796547968629157,0.06441801134429193,6.852848052978516,71.81574249267578,89.10290948275862,reggae
-3.776055335998535,44.5946044921875,-0.0034438525326550007,2.282782793045044,0.0003789157490245998,1.2788903713226318,0.27205929160118103,0.29498469829559326,0.34506070613861084,0.2779412567615509,0.34506070613861084,0.2779412567615509,2007.0624463203942,552.5095975275206,2111.0783107529746,344.3481747706033,4137.222778603538,1044.6658477804099,19.250645954567215,4.05242062763058,0.011322930455207825,0.020372094586491585,0.05181817490293674,0.20189472210134643,0.19941189766411113,0.2268891440837895,0.11068560183048248,0.05103981867432594,0.09398639912026295,0.04154870932308553,3.181058645248413,22.45591163635254,161.4990234375,reggae
2.9795427322387695,42.28658676147461,-0.0005714690778404474,4.110994338989258,0.0007395443972200155,2.59246826171875,0.41016173362731934,0.2980569005012512,0.36722102761268616,0.25557035207748413,0.36722102761268616,0.25557035207748413,2026.4167424052794,758.4396235707336,2398.1727931725145,394.2003100087873,4462.868759969548,1745.899346103657,17.9830261190909,4.346625832911174,0.01790744811296463,0.025915177538990974,0.06649788560014144,0.14378906667855493,0.11749864094248723,0.15845135373626829,0.13908009231090546,0.046848393976688385,0.0648337804524362,0.04141364941618621,4.817474365234375,41.30836486816406,123.046875,reggae
2.8546547889709473,33.725040435791016,-0.00231769192032516,2.8710012435913086,0.00010643785208230838,1.91616952419281,0.4311516582965851,0.2863504886627197,0.3944076597690582,0.2623103857040405,0.3944076597690582,0.2623103857040405,2467.1929456866374,673.9499720190346,2006.4014228485987,175.93302816770318,4723.590385277697,799.4567959017025,21.061058803970358,6.937221707366117,0.02130267769098282,0.02973582223057747,0.021593908539807576,0.11468315071459467,0.1516204461906527,0.18207489096430407,0.18007121980190277,0.03857208788394928,0.13959632395591648,0.0645375357670517,6.114504337310791,38.494300842285156,117.45383522727273,reggae
-0.27279865741729736,43.441558837890625,-0.0037469801027327776,2.0860161781311035,-0.00038444966776296496,1.1660627126693726,0.3874330222606659,0.293157160282135,0.43656837940216064,0.28270721435546875,0.43656837940216064,0.28270721435546875,1996.3291886977468,503.3811886599954,2097.039295804866,309.9623851696305,4227.868737311485,1127.3567574504007,21.33246745365893,8.857956796613632,0.006158430594950914,0.006704649422317743,-0.004819348635943248,0.17297894349053822,0.17510340576278152,0.2003170694413966,0.12909233570098877,0.07198077440261841,0.09022025147428461,0.04046000345407565,4.811936378479004,27.559389114379883,123.046875,rock
2.7190895080566406,44.550052642822266,-0.011357540264725685,2.1311087608337402,0.00013378837320487946,1.2360918521881104,0.3654044270515442,0.3034682869911194,0.42777517437934875,0.27233701944351196,0.42777517437934875,0.27233701944351196,1529.2908080956654,476.2720553719319,1845.370439693341,343.6823086496591,3271.448122099768,1166.8449911999423,22.377307656396248,8.165686656314294,0.002919134683907032,0.008353454060852528,0.025303400849273672,0.15247914402858007,0.15822943647175988,0.1863836030486407,0.18037240207195282,0.07014010101556778,0.05495977438611756,0.029164539268834208,8.645065307617188,49.99403381347656,151.99908088235293,rock
2.2789814472198486,46.587528228759766,-0.001594125060364604,4.471214294433594,0.000255235587246716,2.39514422416687,0.4367804527282715,0.2942517399787903,0.6006210446357727,0.2441703826189041,0.6006210446357727,0.2441703826189041,1875.1802164622393,685.0063251075536,1983.7706907125023,410.33373366284565,3929.4931504676624,1428.534712186751,20.357873000969782,8.64284533178448,0.007002604193985462,0.01061983685940504,0.014700025311154366,0.09485027719664277,0.06977782105943438,0.1185775392919477,0.14856810867786407,0.08094920963048935,0.07680441258217324,0.04752390089014702,6.291577339172363,38.43290328979492,107.666015625,rock
3.534095287322998,51.229515075683594,0.004355571698397398,3.3762290477752686,-0.001311418367549777,1.9269721508026123,0.38011258840560913,0.31364452838897705,0.45772433280944824,0.2704189419746399,0.45772433280944824,0.2704189419746399,1421.3550411262565,654.3505841671644,1902.3217903706209,414.84793068217425,3042.7015547962587,1591.4651893144517,20.722011369255544,8.140986742804083,0.0031620056834071875,0.006723911501467228,-0.0164197500952145,0.11645988638294785,0.10782418883447004,0.1351113329740164,0.15122105181217194,0.06312146782875061,0.0430986562258314,0.030639131380977264,6.213447570800781,45.617801666259766,95.703125,rock
3.8240034580230713,47.44749450683594,-0.000547041476238519,2.7134485244750977,-0.00013429310638457537,1.5467500686645508,0.37182295322418213,0.29781636595726013,0.3893964886665344,0.2649063467979431,0.3893964886665344,0.2649063467979431,1345.841383418394,690.1721852815036,1841.8263952475465,408.08997017620555,2939.1573239921695,1597.3265301184183,21.52854748224568,8.393868355805331,0.0018667577533051372,0.0041141202673316,0.04332405298635211,0.1464136020506706,0.11821919560819179,0.14678322791760945,0.20865632593631744,0.042684607207775116,0.04107944520978345,0.03642051380875382,10.596855163574219,55.487735748291016,103.359375,rock
1.8747674226760864,43.0115966796875,0.0013045448577031493,2.0170154571533203,-7.853655552025884e-05,1.1851301193237305,0.376757949590683,0.2862013280391693,0.42224621772766113,0.262923002243042,0.42224621772766113,0.262923002243042,1542.1092953993343,335.8153368120639,1591.6275688974217,357.10369006516504,2869.7864364305397,799.6598303605082,21.93484233465584,8.859277635192674,0.0024131012614816427,0.006340463645756245,0.048753088840597786,0.1559028851511778,0.1795769138746463,0.21163976336377285,0.20371320843696594,0.0556405633687973,0.07702117471481051,0.017860639125531833,9.818413734436035,47.309207916259766,99.38401442307692,rock
-0.9979550242424011,44.4608039855957,0.010544830933213234,2.651468515396118,-0.0015132459811866283,1.4266833066940308,0.34448423981666565,0.29670771956443787,0.41878432035446167,0.27641022205352783,0.41878432035446167,0.27641022205352783,1676.1460477207684,458.0868578858432,1653.5278079437426,283.8794254632289,3255.327363689095,855.5032580031993,22.661391616764714,7.754594977362098,0.0021846380550414324,0.003150997217744589,-0.025532095255562808,0.17303114430167826,0.17392408179688168,0.20513834200123376,0.18003524839878082,0.059844791889190674,0.08730529171500387,0.03639213812647822,7.749247074127197,36.878177642822266,112.34714673913044,rock
1.3361080884933472,50.00262451171875,-0.0008331399294547737,2.4277210235595703,0.0014996685786172748,1.3023698329925537,0.3591254949569702,0.2961917221546173,0.4831179082393646,0.2550899088382721,0.4831179082393646,0.2550899088382721,1282.1973339054578,547.4711510259433,1729.3657925950806,414.7321335384551,2675.912666763341,1274.2020067811104,22.542250144617544,7.583168503244043,0.0019022685009986162,0.006263089366257191,0.018553782886713457,0.1282056551934034,0.14843395021815625,0.1762385228626209,0.15702089667320251,0.060306329280138016,0.047179750942575406,0.032241479402357935,6.607882499694824,35.04906463623047,89.10290948275862,rock
5.135174751281738,35.78953170776367,0.002357861492782831,1.1819510459899902,-0.0008672343101352453,0.7214639186859131,0.40886402130126953,0.28637921810150146,0.47283777594566345,0.2570006549358368,0.47283777594566345,0.2570006549358368,1717.0993092104313,217.2325442461949,1842.2731265031252,180.4721652849975,3362.1523686738688,658.7252674746646,21.980437268267927,9.867017042351474,0.004038169980049133,0.004949788097292185,0.01314024215038587,0.11935338452337127,0.26377976316401075,0.2946244780979142,0.2607937455177307,0.03034985065460205,0.08495074137180975,0.01761477207052655,15.03970718383789,55.02220916748047,89.10290948275862,rock
0.17469628155231476,56.81513214111328,-0.00025025071226991713,3.52016544342041,-0.0010928474366664886,2.2145395278930664,0.3762047290802002,0.3040977120399475,0.38889968395233154,0.28073644638061523,0.38889968395233154,0.28073644638061523,1181.326607089661,524.7268979046838,1607.70136056013,509.27633314267496,2367.3450301805397,1443.3055049033849,22.331325857793473,7.3109361522767005,0.0023444625549018383,0.0098152756690979,-0.012130050262950227,0.09600321932665352,0.08816693157227218,0.12940516914671782,0.12818020582199097,0.06161055713891983,0.04253295992846094,0.01972438059312386,4.684359073638916,37.33451461791992,75.99954044117646,rock
0.7749832272529602,41.482120513916016,-0.0004918229533359408,2.670238494873047,-0.0008013166952878237,1.709962248802185,0.39827147126197815,0.29628267884254456,0.5264096856117249,0.249726802110672,0.5264096856117249,0.249726802110672,1857.9725986494295,616.4082835968243,2182.3502320354773,325.7384774788718,4191.671972429669,1284.05125640111,22.06341647472729,8.751152507853222,0.004467715509235859,0.005099837202578783,0.012572772712906514,0.15156595466443493,0.1320839963709046,0.1578770610651272,0.15342064201831818,0.05188590660691261,0.07170823665893271,0.04233600606394654,6.000398635864258,36.904052734375,161.4990234375,rock
1.0302574634552002,51.60764694213867,0.0003146119706798345,2.8059911727905273,0.0005859706434421241,1.6878483295440674,0.3433035612106323,0.2980608642101288,0.4024074971675873,0.2694830000400543,0.4024074971675873,0.2694830000400543,1537.4684493421905,701.0985829167402,2037.176945765845,415.98733776458886,3416.651523528132,1541.7903394207278,22.550909684466856,7.81855628775929,0.0023533767089247704,0.003921056631952524,-0.0029717612475430952,0.18275696133203878,0.14063470285099483,0.16953899611358308,0.1233552023768425,0.03074798546731472,0.05433025787896365,0.04009621921106948,3.7448856830596924,22.046476364135742,117.45383522727273,rock
-3.28501558303833,57.328006744384766,0.004120370838791132,4.378892421722412,0.0022017189767211676,2.53668212890625,0.3389485776424408,0.31362104415893555,0.5189010500907898,0.25005802512168884,0.5189010500907898,0.25005802512168884,1863.7644718857396,901.3934292829662,2067.372180025129,456.50517292308496,3986.232224749855,1652.8709737033425,20.479063549615276,7.828318782769004,0.005664041265845299,0.009137686342000961,-0.02692154597902829,0.1398917575386811,0.1158708661233675,0.14495377782961408,0.07587265968322754,0.03611886873841286,0.0682249371616396,0.05651563005866601,1.5972294807434082,12.560428619384766,112.34714673913044,rock
2.627440929412842,59.293846130371094,-0.006688186898827553,3.0700085163116455,0.0005258745513856411,1.9865871667861938,0.4402516186237335,0.3044264018535614,0.43365806341171265,0.2737613320350647,0.43365806341171265,0.2737613320350647,1597.5180157344882,839.4800647705007,2238.099095052294,525.7780062133529,3826.665027733469,2134.0813688494377,22.582872874546194,8.09676809353306,0.002767968224361539,0.00584814976900816,0.024809746688072513,0.127528716896325,0.1423229947872118,0.1708848775598235,0.1336696296930313,0.04421883076429367,0.04610991275135344,0.038465374517111496,4.621840476989746,30.820737838745117,123.046875,rock
-5.448742866516113,69.37335205078125,0.003705053823068738,4.3820013999938965,-0.001333964173682034,2.7054851055145264,0.3808172643184662,0.3166354298591614,0.5337157249450684,0.25143760442733765,0.5337157249450684,0.25143760442733765,1937.0023676443107,958.4371631922664,2008.283664739296,428.7341590490645,3985.824209686775,1639.9915859936448,20.277095615016428,7.459512986178397,0.0068734693340957165,0.011265955865383148,0.006569820127414667,0.12852903228739537,0.11210346861154225,0.14477664416672487,0.05359696224331856,0.033611100167036057,0.0835791733130317,0.07472205066302787,0.8950512409210205,7.761233329772949,117.45383522727273,rock
-4.908868789672852,49.820194244384766,0.0019114062888547778,3.621175765991211,0.0017383963568136096,2.3677985668182373,0.34380921721458435,0.30395546555519104,0.4884626865386963,0.24363039433956146,0.4884626865386963,0.24363039433956146,2335.519931634785,1023.355555750073,2098.8864328445843,431.5417430414968,4500.064745414008,1705.6251087131377,21.17780755093204,8.43688188223286,0.011207116767764091,0.014329305849969387,-0.018217813300080387,0.11587065046469326,0.13491288251163383,0.16217492212669388,0.08227476477622986,0.055665191262960434,0.11416000519624904,0.0806263981643807,2.136547803878784,37.14021301269531,135.99917763157896,rock
4.441609859466553,30.559894561767578,-0.005544195417314768,1.404647946357727,0.001216549426317215,0.9031816124916077,0.46147575974464417,0.2813328206539154,0.5855905413627625,0.21417488157749176,0.5855905413627625,0.21417488157749176,2459.5208919140086,359.59028814434316,2221.3730531280544,208.73250292116106,5024.347447795823,801.3383720677846,20.201421565929458,10.549765249071932,0.014404596760869026,0.009287076070904732,0.022528084889540285,0.08444464138463209,0.2580220831032794,0.28698731720831133,0.18441163003444672,0.03200332820415497,0.1428334058391338,0.03406077012470275,7.038816928863525,25.799564361572266,143.5546875,rock
2.58450984954834,33.860904693603516,0.0009956794092431664,1.8101242780685425,0.001816038740798831,1.1404578685760498,0.4189244210720062,0.2769595682621002,0.5141569375991821,0.23833514750003815,0.5141569375991821,0.23833514750003815,2312.066157893261,398.2773167405942,2060.944513351681,264.57369099362734,4528.392648364994,901.6425502623582,21.22466557379353,9.509621213430018,0.010034924373030663,0.00950656458735466,0.003816766936387522,0.12600156256965128,0.21200277152785957,0.24687999793459886,0.16600236296653748,0.03476063162088394,0.14054758495262953,0.03407485862889208,5.617471694946289,21.080076217651367,123.046875,rock
3.312323570251465,35.68314743041992,-0.0016277575632557273,2.195786237716675,-0.0002703409700188786,1.291561245918274,0.48049280047416687,0.2805633246898651,0.5322017669677734,0.23449468612670898,0.5322017669677734,0.23449468612670898,2209.1820036909885,528.7265245380156,2142.8478460634065,314.28708562742725,4593.891556246374,1123.541738987161,19.372353274240265,9.827901014825123,0.01128361001610756,0.01267571747303009,0.02581924812522077,0.08829305794080734,0.1753705528658636,0.20097613146197502,0.14066512882709503,0.046681296080350876,0.11578005667536737,0.050068798017978304,4.618778705596924,22.23252296447754,117.45383522727273,rock
-1.2615282535552979,37.51237106323242,0.004661764949560165,2.062033176422119,0.0009184317314065993,1.2249689102172852,0.4358935058116913,0.27741560339927673,0.5142830610275269,0.24096448719501495,0.5142830610275269,0.24096448719501495,2321.1497598885144,404.2523688471277,2118.769457100269,251.66844067670655,4701.357727758846,882.3435733917324,20.111330087159068,9.51924241058765,0.011384380981326103,0.008264714851975441,0.00532949787678623,0.13639784578035288,0.1699342074492348,0.20201828398408442,0.1122041791677475,0.03820866718888283,0.12819063285479504,0.04336429884834737,2.8418009281158447,14.207526206970215,117.45383522727273,rock
0.6449562311172485,35.91832733154297,-0.0027889697812497616,1.9894651174545288,-0.002094387309625745,1.2949559688568115,0.3980133831501007,0.28398871421813965,0.46964091062545776,0.24650149047374725,0.46964091062545776,0.24650149047374725,2188.057530674935,565.3932469693275,2120.1965119192137,297.6257414942616,4431.917903041618,1178.8922313952608,20.208804590666297,9.70516418663237,0.010469467379152775,0.016284972429275513,0.007502551694724255,0.1464562859693912,0.20106560862411516,0.22846299282720198,0.15243913233280182,0.04513799771666527,0.11753303545533643,0.050773684937349246,5.04103946685791,19.89173698425293,99.38401442307692,rock
0.3297378122806549,35.361061096191406,-0.0006198364426381886,1.8583065271377563,0.0005080936825834215,1.1807245016098022,0.39292189478874207,0.2826590836048126,0.5281237959861755,0.23032088577747345,0.5281237959861755,0.23032088577747345,2158.1594853409792,499.3514914536586,2060.6512345091955,248.69148386902359,4245.813073248985,961.4996060834129,20.63242606289423,9.629794023431568,0.007656924892216921,0.008270086720585823,-0.04541917700293994,0.11569768477981512,0.21834295202411685,0.2472847212948578,0.16144804656505585,0.050403229892253876,0.121568436412413,0.05364793688115499,5.652742385864258,25.027347564697266,184.5703125,rock
-0.08943048864603043,33.31053161621094,-0.005116031039506197,2.022310256958008,0.005173787008970976,1.3284741640090942,0.41583454608917236,0.28089141845703125,0.5495935082435608,0.2213078737258911,0.5495935082435608,0.2213078737258911,2342.4462721453447,506.7087800338196,2113.056605899798,267.93091243934106,4595.4403481184745,1011.2525119737145,20.117961912467358,10.177984783904648,0.012244640849530697,0.015466652810573578,0.00468343193112413,0.11760363318658267,0.21840122356109817,0.24952406533002264,0.17379270493984222,0.047585178166627884,0.13844302856728538,0.04710590538425414,6.367321014404297,25.792964935302734,198.76802884615384,rock
-0.3861153721809387,38.59723663330078,-0.0002618854632601142,1.6441341638565063,-1.151357082562754e-05,0.9854891300201416,0.2942795753479004,0.28732699155807495,0.39649778604507446,0.2768056094646454,0.39649778604507446,0.2768056094646454,2294.7279252035287,627.957715277358,2206.9632010472374,346.64480570783707,4847.935057460847,1294.6822165100525,22.384094820210812,9.245395830190644,0.007611246779561043,0.007655010093003511,-0.003237401764820752,0.20486800246885847,0.1849120735815851,0.2153812525563736,0.13569559156894684,0.04090359807014465,0.11556707088650425,0.0486631992392616,4.189143180847168,20.513059616088867,73.828125,rock
-0.6822262406349182,34.00162887573242,0.004566661082208157,1.669279932975769,0.003956449683755636,1.0139142274856567,0.4051322340965271,0.2754954695701599,0.4865158796310425,0.24682149291038513,0.4865158796310425,0.24682149291038513,2320.3950808692307,344.2371831694862,2044.9183639654277,214.18249084972962,4466.440973481003,694.8941798294044,21.14023167222542,9.490878324105527,0.008180621080100536,0.005426142830401659,-0.003393339890072103,0.1431527352093235,0.19175471365727803,0.21779414029026584,0.15654169023036957,0.04016647860407829,0.14343044578982986,0.04481970165103984,5.042088031768799,21.305238723754883,73.828125,rock
1.2481017112731934,32.90515899658203,0.010084371082484722,1.4274755716323853,-0.0016750795766711235,0.8787978291511536,0.41512855887413025,0.28252649307250977,0.5348751544952393,0.24831873178482056,0.5348751544952393,0.24831873178482056,2510.0731425241092,379.8555789336606,2115.277506076206,233.137325637813,4735.123055938225,838.8356619748921,20.739686889672978,10.038809896074833,0.012439105659723282,0.009889192879199982,0.015980256961815136,0.11452808187397029,0.24827541958099253,0.2780854327507041,0.14910750091075897,0.03924199193716049,0.15782813406322505,0.043849583645157224,4.4360246658325195,18.538684844970703,103.359375,rock
2.661898612976074,34.47154235839844,0.004005723632872105,1.7793660163879395,-0.002965163206681609,1.040004014968872,0.3833230435848236,0.2836088240146637,0.45623719692230225,0.24708794057369232,0.45623719692230225,0.24708794057369232,2263.203109326082,480.7389883611038,2150.226328920084,240.00280519554627,4603.001117042489,966.6881184341024,20.93524818471016,9.563541715172267,0.009452001191675663,0.008543039672076702,0.01587237321624669,0.1515965765001021,0.19763044725628556,0.22300904417554357,0.15266521275043488,0.03432305529713631,0.12290601737722351,0.04640366229297769,4.944289684295654,20.4973201751709,112.34714673913044,rock
-0.7743484377861023,37.11054992675781,-0.004628423601388931,2.1647658348083496,-0.0007018856704235077,1.2786996364593506,0.4025210738182068,0.29779142141342163,0.35385146737098694,0.25613775849342346,0.35385146737098694,0.25613775849342346,2669.3593345236,677.9194859077227,2440.4637806887617,291.41803282531595,5445.8670695868805,1169.7526510441307,17.882224380363187,3.6845452932404963,0.040239349007606506,0.03780456632375717,-0.0477484897438698,0.16550084649147329,0.21416417144373878,0.2453050053464801,0.07916758209466934,0.01575515978038311,0.13342209570917182,0.06750774555913243,1.3033376932144165,6.59519624710083,151.99908088235293,rock
2.0077438354492188,37.52963638305664,0.002946650143712759,2.7456398010253906,-0.002633797936141491,1.873943567276001,0.44281673431396484,0.2823161482810974,0.49876531958580017,0.25173473358154297,0.49876531958580017,0.25173473358154297,2046.8578301908997,594.7405252897545,2070.164481073298,429.9223916338201,4095.472012761021,1269.6510471629656,18.41368614987514,3.78728529467947,0.01782645657658577,0.02491788938641548,-0.045147176735190385,0.12691342773509695,0.1548318497658351,0.1970199122714896,0.13878995180130005,0.02966812066733837,0.10197110039636505,0.03675445185307431,4.229509353637695,20.591745376586914,135.99917763157896,rock
3.557692527770996,26.53223419189453,-0.0026859226636588573,2.348874807357788,-0.0002336151956114918,1.7083665132522583,0.41854023933410645,0.28728973865509033,0.4715329706668854,0.2608686089515686,0.4715329706668854,0.2608686089515686,2445.1189674157067,610.0213542518625,2434.0559164690508,331.9452886711509,5173.572711988834,1104.6006484334582,17.40369778805588,3.6310566463390015,0.03685123845934868,0.03731871396303177,0.03010760380527723,0.11693791248083732,0.16363656782834643,0.20396566738782573,0.18004454672336578,0.035071179270744324,0.11150145917923433,0.0476299057779746,7.193336009979248,36.97585678100586,123.046875,rock
0.0668073520064354,38.96854782104492,-0.0032885074615478516,2.7388546466827393,0.0005924011929892004,1.8547106981277466,0.3902108669281006,0.2917780578136444,0.3998384177684784,0.26824310421943665,0.3998384177684784,0.26824310421943665,2944.617225098909,850.8454853486917,2831.3006101810506,329.87741229136356,6333.584516839473,1089.3137101972598,18.27521549331178,4.408323969814489,0.038187623023986816,0.041679747402668,-0.013382418888372459,0.15337736836061802,0.1669330497662594,0.20054668382829297,0.09646939486265182,0.02231290005147457,0.11491716212296983,0.06064580183398671,2.068394899368286,10.002763748168945,117.45383522727273,rock
-2.14854097366333,34.01886749267578,-0.004053864162415266,3.603778839111328,0.0008638342842459679,2.339287281036377,0.3692198097705841,0.2958207428455353,0.5696642398834229,0.23179157078266144,0.5696642398834229,0.23179157078266144,2639.1039096273103,779.0710362234396,2512.6868986501595,487.18469742055817,5302.99675536543,1612.5006736548517,17.738599443369978,4.285122563043612,0.046959396451711655,0.0575118325650692,0.0316141810640861,0.11575383838192475,0.13300621237525118,0.17839258911446626,0.1261473447084427,0.05552510544657707,0.1324454393851508,0.05608625218334684,3.948592185974121,26.078155517578125,117.45383522727273,rock
4.576772212982178,24.92733383178711,0.001753775286488235,2.1749777793884277,-0.001315374975092709,1.2207114696502686,0.38331517577171326,0.2950064539909363,0.5221304297447205,0.25055521726608276,0.5221304297447205,0.25055521726608276,2344.5259235128556,523.8021107220442,2374.8837223701676,316.12985345024913,4728.642093571088,1084.839319705901,18.16740418151009,3.85619124942853,0.027131972834467888,0.02776486426591873,0.0324102426602323,0.1218100153249615,0.179566267009225,0.20698439448254977,0.22182516753673553,0.04933152720332146,0.11589709565839694,0.040828901429376056,10.788725852966309,55.7922248840332,92.28515625,rock
-0.20071300864219666,43.084083557128906,0.003381566610187292,3.0977563858032227,0.002310429932549596,1.9968255758285522,0.3234727382659912,0.2949928641319275,0.40110108256340027,0.26925337314605713,0.40110108256340027,0.26925337314605713,1674.1340437310519,489.8611087468301,1948.294443985897,447.07187575895347,3431.789715052204,1244.1050101547141,18.564983257813864,4.188579757125946,0.009556074626743793,0.0126812644302845,-0.06722299644081986,0.17453170722310615,0.1402533067689105,0.18408881461829346,0.1278773546218872,0.037271250039339066,0.07487394564481825,0.026561682334082945,3.99133563041687,25.796131134033203,117.45383522727273,rock
4.720907211303711,20.908071517944336,-0.0026472320314496756,1.7648415565490723,0.0013801265740767121,1.1146669387817383,0.42131665349006653,0.2806364595890045,0.4656029939651489,0.25179237127304077,0.4656029939651489,0.25179237127304077,2788.3693356571966,530.819242150116,2648.3386460310135,286.46765368608345,5832.197276824111,1114.6774386248667,18.713397987544003,3.546506798653502,0.04302586615085602,0.03262218460440636,0.03667606261499914,0.1364691221134611,0.24044805228915098,0.26977637043672553,0.19099241495132446,0.027903083711862564,0.13492539898700306,0.038860674471967026,7.59109354019165,31.538734436035156,135.99917763157896,rock
4.468358993530273,40.58731460571289,-8.859897934598848e-05,3.0176541805267334,-0.0008893687627278268,1.8953657150268555,0.45727860927581787,0.28175362944602966,0.3673645555973053,0.2511170506477356,0.3673645555973053,0.2511170506477356,1867.4143288199461,631.1032519234034,2422.37169970984,530.2773100437383,4271.110007159948,1713.9997138894864,16.732922793798945,3.52249718373312,0.014872233383357525,0.019261527806520462,0.027688714199814134,0.14849536486681358,0.13829137132559444,0.17425437384776643,0.12408982962369919,0.02147594280540943,0.05698049593967518,0.025085006240558923,3.6534533500671387,18.184701919555664,129.19921875,rock
5.7627177238464355,20.580339431762695,-0.001785335480235517,2.0861220359802246,0.00016443972708657384,1.56402587890625,0.42793378233909607,0.27772265672683716,0.4010258615016937,0.26169267296791077,0.4010258615016937,0.26169267296791077,2850.236430403512,637.6226594294382,2621.690044153678,341.9119205544171,5897.606074892241,1304.8646936938062,17.81329581851448,3.6209444087609195,0.05658695474267006,0.04566584900021553,0.032016781195683054,0.1690332511874737,0.20148961529790596,0.24311027966023782,0.21626079082489014,0.038092926144599915,0.14704748862547892,0.04949067698784796,9.512044906616211,38.89476013183594,135.99917763157896,rock
0.14026273787021637,28.920133590698242,0.005898171570152044,2.6379401683807373,0.0031044387724250555,1.7224546670913696,0.4517733156681061,0.27036041021347046,0.5624576807022095,0.2334272563457489,0.5624576807022095,0.2334272563457489,2626.8195142103973,638.0081308874303,2442.645410854308,385.6599482551888,5047.29621338457,1360.0667431938582,17.94333648679775,4.180793795481512,0.04881910979747772,0.048960909247398376,0.07023107645605846,0.10791034426934845,0.16967183895844332,0.20046849719480425,0.11334493011236191,0.031353410333395004,0.14627101157675948,0.04933785778448376,2.6150410175323486,9.825507164001465,129.19921875,rock
4.74904727935791,21.321439743041992,0.003288557520136237,2.0502121448516846,-0.0030830157920718193,1.2293379306793213,0.41147807240486145,0.2909008860588074,0.5376455783843994,0.24865175783634186,0.5376455783843994,0.24865175783634186,2794.963091628599,580.9920544756736,2633.9623220905196,308.96467732505613,5862.422884064193,1252.8743645576649,17.358196303975365,3.840326368878352,0.04881451278924942,0.03477342426776886,-0.01896737149212534,0.09596040112996507,0.2018722246410754,0.22942982924920258,0.21929600834846497,0.06543529033660889,0.14055017052051083,0.059517006653526716,10.812665939331055,68.32933807373047,135.99917763157896,rock
2.065729856491089,25.987529754638672,-0.003318276721984148,1.7568634748458862,-0.0002782424271572381,1.0228912830352783,0.44263648986816406,0.26968005299568176,0.48249393701553345,0.23857946693897247,0.48249393701553345,0.23857946693897247,2559.166384767367,487.0315919102324,2731.0133210486592,306.4071019315717,5447.017745794664,1360.7118623701372,18.6959439353691,5.9614239267296405,0.03845357522368431,0.030876779928803444,0.02358681237110483,0.13922889419097048,0.20695746212152766,0.23614599898277755,0.14428338408470154,0.03840642794966698,0.12275949523878577,0.037197212924185506,4.606855392456055,18.402563095092773,143.5546875,rock
1.5770025253295898,26.793916702270508,0.0001439835032215342,2.863853931427002,0.0022311722859740257,1.6414474248886108,0.41613200306892395,0.2962851822376251,0.4688381254673004,0.25478506088256836,0.4688381254673004,0.25478506088256836,3010.0558252943074,659.6222728671644,2778.074620528377,368.14655659078585,6131.283987093968,1337.3390818728753,18.831226988575093,6.8741267376811654,0.06105551868677139,0.05918630585074425,0.024249750230176687,0.14183296676599033,0.15994950849157444,0.18707875824003356,0.14285209774971008,0.05610453709959984,0.14475178847641146,0.05886962056048735,4.677030563354492,26.060192108154297,112.34714673913044,rock
3.063945770263672,23.276479721069336,0.0056432317942380905,2.281371593475342,-0.0015194776933640242,1.2980748414993286,0.40218621492385864,0.28280213475227356,0.4943634867668152,0.2441857010126114,0.4943634867668152,0.2441857010126114,2806.872615958848,659.9665777941101,2688.101798907577,343.82614502930466,5677.17987556192,1360.9898670324644,18.83155270119645,5.758914393187652,0.05271424353122711,0.04463503137230873,0.044615904611721935,0.10765268602183636,0.1727745191675588,0.20212600440356307,0.16064424812793732,0.045283835381269455,0.14835555334010053,0.05751837791739184,5.42832088470459,23.391077041625977,117.45383522727273,rock
1.0768845081329346,30.27994728088379,-0.006749093532562256,3.012310743331909,-6.404123996617272e-05,1.8665378093719482,0.4445849359035492,0.283448725938797,0.5640667676925659,0.245309516787529,0.5640667676925659,0.245309516787529,2794.8199158537072,781.809147370248,2732.106675435166,454.23120654468215,5878.15643806192,1655.785782743259,17.17208942949265,4.490175390960805,0.06594434380531311,0.06458278745412827,0.02311222525667664,0.09237284417964138,0.12703993604243222,0.1632664424698224,0.11890992522239685,0.04418681189417839,0.13765528325599383,0.06525662228060088,3.263636827468872,16.487281799316406,161.4990234375,rock
1.4189146757125854,29.83951187133789,0.007501126732677221,3.3610267639160156,-0.0005702315829694271,1.7865599393844604,0.4202274978160858,0.29699698090553284,0.5170871019363403,0.23812730610370636,0.5170871019363403,0.23812730610370636,2739.501165243808,639.2518723588494,2541.9440543276173,410.0678623434205,5326.7365705662705,1409.3463463736132,17.492183469369632,4.916398732863016,0.057565752416849136,0.05841567739844322,0.031306030248866315,0.10582901434158909,0.1273134423185793,0.15859318417440493,0.13980498909950256,0.05829404667019844,0.14395686811194897,0.05158246733475849,4.248617649078369,19.963865280151367,89.10290948275862,rock
2.7094099521636963,42.667823791503906,0.0009042838937602937,2.8380703926086426,-0.0005506764864549041,1.7001174688339233,0.3114742338657379,0.28841978311538696,0.307424396276474,0.26622462272644043,0.307424396276474,0.26622462272644043,1651.7562246177304,502.10561752242404,2103.973963881226,562.7308550084066,3455.7460280416185,1543.173040262051,20.250184097513444,5.18896857337591,0.007308627478778362,0.007873048074543476,0.10283938898285247,0.23055676879749812,0.15091663844660347,0.18024012547957693,0.14430736005306244,0.03513465076684952,0.06890203560034802,0.02261484607695758,4.99795389175415,27.249526977539062,92.28515625,rock
-5.361123085021973,57.10272979736328,0.00025063895736820996,2.171203851699829,0.0028722009155899286,1.132020354270935,0.36128634214401245,0.2874281406402588,0.33815404772758484,0.2773279547691345,0.33815404772758484,0.2773279547691345,1561.4111067130552,300.76656584576176,1568.9524725207466,105.57809581582055,3243.286755909223,531.3025759282812,20.542471308170597,5.192513109364881,0.001843574340455234,0.0013179321540519595,0.058212046788614094,0.2149270408782466,0.17380610071069705,0.2052837783132309,0.09696266800165176,0.028596771880984306,0.07895466272718484,0.02850543833305413,2.2464187145233154,10.843583106994629,151.99908088235293,rock
0.010103381238877773,32.19070816040039,-0.0018321751849725842,2.3998448848724365,-0.0024138956796377897,1.4524610042572021,0.36140596866607666,0.28644707798957825,0.4370202422142029,0.26802241802215576,0.4370202422142029,0.26802241802215576,2429.0679000761247,665.802253719412,2502.1928426870404,466.3076782678524,5035.572025449536,1654.421666990965,18.941378234356122,5.342248602420039,0.034300949424505234,0.0358394980430603,0.038393629391364,0.18412901517611976,0.1661751036824294,0.1969177916054338,0.12061557173728943,0.0370001383125782,0.11818445475638051,0.04095842688323773,3.2304537296295166,15.311052322387695,103.359375,rock
1.1630306243896484,25.438913345336914,0.0094590550288558,2.485919237136841,0.0006158051546663046,1.366265892982483,0.46141502261161804,0.2940312623977661,0.48117005825042725,0.2425003945827484,0.48117005825042725,0.2425003945827484,2997.8538382881115,738.4951293493648,2691.25507193247,372.2464508537535,5962.265828922564,1415.9164074394816,17.45173322516015,5.219668984552775,0.06238178163766861,0.05274622142314911,0.01728549886012344,0.10781342619157107,0.17533811008479555,0.20280751786503126,0.13890117406845093,0.04445821791887283,0.1562231879592034,0.07175993205279595,4.242960453033447,25.64798355102539,107.666015625,rock
-1.0914198160171509,41.7799186706543,0.0009038037387654185,2.3015942573547363,0.00034072130802087486,1.4311435222625732,0.32166218757629395,0.2858744263648987,0.4147658348083496,0.24942263960838318,0.4147658348083496,0.24942263960838318,1646.6359257324248,343.75578786680154,1701.4258606418757,230.9583364741611,3184.299435361079,711.4380909146637,19.572986862505463,4.902524795270443,0.005658026318997145,0.004852439742535353,-0.013760261324675827,0.11603983218461152,0.16680527147917498,0.19851577577619806,0.1455407291650772,0.0240041371434927,0.08525284887374324,0.027925137539404964,4.709255695343018,19.682493209838867,129.19921875,rock
0.49506711959838867,49.2261962890625,0.007132719270884991,1.5727256536483765,-0.0017702676123008132,1.3455872535705566,0.39640700817108154,0.2787700891494751,0.3969152271747589,0.28304243087768555,0.3969152271747589,0.28304243087768555,2078.0554239577727,1102.9168599802001,2334.0444993022584,833.4415834076325,4496.092843677494,2578.515092744697,17.811669823861212,3.9509142753608817,0.03242464363574982,0.046806976199150085,-0.058185216875720085,0.18638699055592897,0.1723810056120009,0.2093177716800307,0.10098884999752045,0.04813062772154808,0.09133351761890951,0.054014966375062604,2.7094993591308594,15.66355037689209,112.34714673913044,rock
3.7826173305511475,46.8683967590332,-0.005758595187216997,3.3561787605285645,-0.0011554023949429393,2.167224884033203,0.3945208191871643,0.2986176609992981,0.5605162978172302,0.2472829669713974,0.5605162978172302,0.2472829669713974,1721.1466519043972,837.154526770206,2312.3177475220837,605.3871980799911,3811.3186652588456,1984.6835162287152,17.254857331826994,3.8714545093661097,0.012292005121707916,0.021509187296032906,-0.05206747644243857,0.09662036034263717,0.10935841781634409,0.1533595262666579,0.14119698107242584,0.07131482660770416,0.05330347000676721,0.038158472465968415,5.803487777709961,57.03462600708008,123.046875,rock
3.9866087436676025,26.92815399169922,-0.001141608227044344,2.746244192123413,0.002345574554055929,1.5040569305419922,0.36864855885505676,0.29502198100090027,0.4486466944217682,0.25567975640296936,0.4486466944217682,0.25567975640296936,3031.127685864391,869.8286982189961,3055.50668319491,293.61436267551665,6732.748151102088,1313.1808960452404,16.91202113433866,3.9113587464661763,0.06330481916666031,0.07074878364801407,-0.03918349602512325,0.14034104153156984,0.140681765023377,0.17311238812242533,0.16167403757572174,0.046794261783361435,0.12085810614849188,0.0763216641339398,6.179617404937744,35.23408508300781,172.265625,rock
-4.715024948120117,53.976829528808594,-0.008834872394800186,3.665759563446045,-4.595563223119825e-05,2.4150993824005127,0.34060147404670715,0.3114437162876129,0.43028661608695984,0.2769447863101959,0.43028661608695984,0.2769447863101959,2186.669241082053,1325.6162170630928,2448.838699727777,725.3880182564978,4462.893740483613,2663.9025500222183,18.18898814026752,4.459056744448117,0.03334779292345047,0.0666927769780159,-0.004650826531598707,0.14088560651328225,0.1417923032357254,0.1856426676874889,0.11331169307231903,0.07459639757871628,0.08856659053557618,0.08178738748750577,4.166352272033691,33.024967193603516,129.19921875,rock
4.8549580574035645,16.359634399414062,-0.0003847154730465263,1.77864408493042,0.002106819301843643,1.031660795211792,0.4091790020465851,0.2737952172756195,0.5345077514648438,0.2368086576461792,0.5345077514648438,0.2368086576461792,3361.7679741880775,551.4949237779396,2933.0521726160387,234.714365923208,6920.343484900667,1009.8418328773291,16.644990897083463,3.377426675928582,0.11746803671121597,0.08579602837562561,0.0674312563933854,0.09219661944226777,0.184810788906236,0.2117407050440444,0.19013606011867523,0.04346902295947075,0.18754758193155452,0.059722301733199444,6.919032096862793,38.18531036376953,117.45383522727273,rock
-6.469832897186279,42.0388298034668,-0.003894584719091654,2.038538694381714,0.00022695882944390178,1.2001121044158936,0.3466227352619171,0.29413628578186035,0.39487236738204956,0.2767079472541809,0.39487236738204956,0.2767079472541809,2632.272033619275,979.2246399182592,2550.143997140187,448.33101671630357,5309.982972465922,1814.0622071671075,20.059588250370755,4.407557964492069,0.03915132209658623,0.061112888157367706,0.06544634798323314,0.1610878750400912,0.19958392343889955,0.2271315916904966,0.06544932723045349,0.025224879384040833,0.13240314433488012,0.08543022941799212,1.0064585208892822,8.521997451782227,107.666015625,rock
0.948860764503479,38.3890495300293,0.0009676466579549015,2.2940011024475098,-0.0009618553449399769,1.5563974380493164,0.4316462278366089,0.27138420939445496,0.5110374093055725,0.23818735778331757,0.5110374093055725,0.23818735778331757,1712.289370983157,521.8623229782081,2249.6243303381725,457.71387114240224,3618.4024819641822,1629.137117703011,16.676678890053438,3.693872440118855,0.014798954129219055,0.02611551620066166,0.05724731641862201,0.09742806290139226,0.1407550486876073,0.17275789963719343,0.14712148904800415,0.047981053590774536,0.06657807364172467,0.0191389263784612,5.468367576599121,26.68208885192871,129.19921875,rock
5.546422481536865,18.619413375854492,0.0008489636820740998,2.1845555305480957,0.00018938357243314385,1.3471001386642456,0.48839208483695984,0.2691306173801422,0.5452752113342285,0.2346794307231903,0.5452752113342285,0.2346794307231903,3303.2031125307344,679.1581170649062,2913.5971014748784,278.0214321511842,6717.260232381091,1118.5054754497626,15.726482611433193,3.19649686185666,0.1130872368812561,0.07849328964948654,0.01806237795793888,0.10964286161857467,0.12879005317451298,0.16550455577385523,0.17567987740039825,0.04535205662250519,0.17753347351121423,0.06829552377048889,6.255666255950928,34.65951156616211,135.99917763157896,rock
2.37237548828125,23.640798568725586,0.003819085191935301,2.1759748458862305,0.0001351247337879613,1.3525885343551636,0.3900989890098572,0.2896362245082855,0.5515021681785583,0.22662381827831268,0.5515021681785583,0.22662381827831268,3488.5019910192823,748.3300324930332,3241.5783078348077,285.0777393722923,7659.9582185324825,1160.1219471139295,17.025175317017744,3.519411725274385,0.08651197701692581,0.060512807220220566,0.02120728991929907,0.10220983705020599,0.1614716599312465,0.19164934051996813,0.12258277088403702,0.03171892091631889,0.17507016446732404,0.06283237087633955,3.158554792404175,14.494848251342773,123.046875,rock
-1.0476725101470947,41.36845779418945,0.002694537164643407,2.1733951568603516,0.00016285748279187828,1.2289409637451172,0.3010270595550537,0.2929394245147705,0.30887338519096375,0.2729340195655823,0.30887338519096375,0.2729340195655823,2438.175192954676,1003.0388766503463,2790.3360618213183,479.5978980473822,5499.360249601218,2049.074385834646,19.311352681961978,4.302378438209978,0.0243072509765625,0.036347646266222,0.07283556737916713,0.2154653844524647,0.24763640059582873,0.27586320710805623,0.08743781596422195,0.014167808927595615,0.09895493462393658,0.06519522182962924,1.7330083847045898,8.26642894744873,135.99917763157896,rock
-3.4677894115448,56.67793655395508,0.0008075523655861616,2.5270655155181885,-0.0009327004081569612,1.5595264434814453,0.33951103687286377,0.2879522442817688,0.3848040997982025,0.2764880657196045,0.3848040997982025,0.2764880657196045,2424.519698838249,1069.9173489428895,2927.3422261650103,572.9491391626273,5644.713534113979,2481.0212118453283,18.93830853024516,4.222848012292042,0.021046731621026993,0.028835607692599297,0.06979878393510477,0.22692921255371057,0.14686124964745628,0.17931371459603385,0.05117928981781006,0.01354786567389965,0.08653680575696056,0.05178573058884467,0.6334008574485779,2.929516315460205,117.45383522727273,rock
1.141045093536377,29.540760040283203,0.0005619318108074367,2.2337069511413574,-0.0004989539738744497,1.4544426202774048,0.4055275321006775,0.28539595007896423,0.5678002238273621,0.2160005271434784,0.5678002238273621,0.2160005271434784,2796.5844361062223,792.2423883861974,2891.159884914749,478.7241078866469,6203.061330843968,1882.2948040498013,17.064460532292937,3.7799535061657346,0.05477140471339226,0.05168956518173218,0.041982428446374606,0.11007285835163526,0.1793130819720115,0.2066137101079497,0.10327489674091339,0.024491116404533386,0.13464402673047177,0.051103807059497505,2.307934045791626,9.678400993347168,89.10290948275862,rock
-1.1804453134536743,53.664031982421875,0.004696589894592762,3.1517136096954346,-0.0009549411479383707,1.930437684059143,0.29978907108306885,0.29273223876953125,0.46532395482063293,0.2596267759799957,0.46532395482063293,0.2596267759799957,2072.154517807153,894.9983371321937,2739.7629398430363,488.4249155889554,4688.517743528857,2320.2841790144616,18.430996721535745,4.645681857790242,0.01546014379709959,0.025581302121281624,0.050887568048641675,0.14183553191445356,0.1064211609449631,0.15003360719187242,0.08831079304218292,0.02102380245923996,0.06905497752320186,0.0485652065257699,1.8879281282424927,9.82638168334961,80.74951171875,rock
-5.1255412101745605,54.36750030517578,0.0074231913313269615,3.0865061283111572,0.0019369731890037656,1.6229208707809448,0.3196350932121277,0.30312010645866394,0.45253652334213257,0.25304996967315674,0.45253652334213257,0.25304996967315674,2946.6326071058666,1004.4232933713466,3203.143085072344,455.8811750164288,6983.236092481148,1801.2687144094962,18.921101263278164,4.621987877172068,0.03102341666817665,0.05364526808261871,-0.05446802199805624,0.16517244132764827,0.12343911109546603,0.149743293589311,0.06045633554458618,0.028136637061834335,0.10852154630703789,0.0671098426476763,0.9941478967666626,6.7698588371276855,123.046875,rock
-4.243730068206787,78.02394104003906,0.0014378154883161187,3.5410451889038086,-0.0009347007144242525,1.9188823699951172,0.3296390473842621,0.3060985803604126,0.2708936631679535,0.2805233895778656,0.2708936631679535,0.2805233895778656,1711.1692946901107,1238.5948121819415,2309.187256287416,830.9284167106358,3491.7013146207946,2882.4184892484836,20.759609335075126,5.280876281431945,0.010116602294147015,0.027170998975634575,0.054474648092965025,0.21464269847645492,0.15935106331595286,0.18695767945832828,0.05307672545313835,0.01911369524896145,0.05584948097931168,0.05294995267389693,0.7267436385154724,4.376336097717285,75.99954044117646,rock
-2.442230463027954,42.206363677978516,0.010051049292087555,2.864328622817993,-0.0012840548297390342,1.9581856727600098,0.37428590655326843,0.29111528396606445,0.43278130888938904,0.2518106997013092,0.43278130888938904,0.2518106997013092,2181.338268438534,394.48463918026994,2181.0562713316394,275.1401457568304,4689.725135042054,990.442207419378,21.317183805314837,9.023221631287948,0.0069372281432151794,0.006985899526625872,0.03623759377612516,0.16063962113066949,0.14272190402810836,0.18075176483341476,0.10706774890422821,0.040641896426677704,0.10636978562451663,0.03836618368624855,2.7517144680023193,13.432985305786133,151.99908088235293,rock
1.0316106081008911,39.352725982666016,-0.001202896935865283,2.2995665073394775,0.0007008443935774267,1.2128771543502808,0.3952953815460205,0.2842104434967041,0.49800145626068115,0.2383204996585846,0.49800145626068115,0.2383204996585846,2294.229735153561,425.98417835049884,2104.2636257780164,275.2986928569357,4730.226875181264,875.5875852640168,21.255369716429293,9.09032689124528,0.00697097135707736,0.005276025272905827,-0.01695963306961174,0.10465871271014414,0.19085599840770565,0.21694344760915696,0.11465876549482346,0.03603854030370712,0.12909317901682135,0.03764917662288002,2.7879819869995117,11.305168151855469,123.046875,rock
-8.768367767333984,65.03195190429688,0.0006568507524207234,3.361264944076538,0.0011318287579342723,1.797018051147461,0.3602306544780731,0.29512879252433777,0.48269787430763245,0.2768004238605499,0.48269787430763245,0.2768004238605499,2209.486739749316,633.7828708143214,2174.99242288391,363.5366933964266,4575.022941288428,1310.4114606223607,21.842624845487325,7.14223712554171,0.007481209933757782,0.009254532866179943,0.044899416493915024,0.18486766185070888,0.12497984243701968,0.15907223163142875,0.042990002781152725,0.028770020231604576,0.10714657953886311,0.053090772915212144,0.5432305932044983,3.392592191696167,75.99954044117646,rock
-0.6485281586647034,41.8035774230957,0.0057371933944523335,3.0592010021209717,0.0011784565867856145,1.6707450151443481,0.39295336604118347,0.2908715307712555,0.503580629825592,0.2511433959007263,0.503580629825592,0.2511433959007263,2414.161865027604,691.828851450365,2339.2593424420165,327.0850461174732,5213.041924213312,1220.362859518605,21.860655434836147,9.023885790966904,0.010057557374238968,0.010728378780186176,-0.015821901265324192,0.13934000588514023,0.14723726492382208,0.17568466241906067,0.10020051151514053,0.03929410129785538,0.11988569762664346,0.06037563204773181,2.5256378650665283,15.888777732849121,103.359375,rock
-0.4923079013824463,40.686614990234375,-0.006784128490835428,2.2733170986175537,-0.0013858538586646318,1.3817932605743408,0.4020199477672577,0.2875930070877075,0.45226725935935974,0.23802368342876434,0.45226725935935974,0.23802368342876434,2467.2607802086272,531.4582959804378,2399.0100705715486,211.38160698988705,5402.8105627356435,888.5918700043026,21.54207688737763,9.233898812735282,0.00993408914655447,0.00806416291743517,0.020034959894298238,0.1470590663259248,0.18538477015867827,0.21449134414019888,0.09118249267339706,0.02357647381722927,0.11827508700696056,0.050484691168564036,1.8467439413070679,7.66212797164917,123.046875,rock
-6.45590877532959,54.264015197753906,-0.0018691731384024024,2.5129148960113525,-8.304011862492189e-05,1.5976018905639648,0.3114761412143707,0.29698002338409424,0.40396833419799805,0.2768963575363159,0.40396833419799805,0.2768963575363159,2568.395445802274,777.4687762601117,2344.894327861815,323.58645088508973,5364.140726961282,1281.221918658944,23.324123193226107,7.918264259200736,0.009973304346203804,0.011958997696638107,0.053180987844276134,0.16146320119394528,0.1800071703567419,0.21235387419821344,0.04699748381972313,0.01652003452181816,0.13763375809648104,0.06488279742711028,0.5041350722312927,3.0224621295928955,172.265625,rock
-6.860060214996338,54.26396560668945,-0.00042781830416060984,2.8969345092773438,0.002636810764670372,2.0547547340393066,0.367960125207901,0.2961624264717102,0.4141950011253357,0.2686028778553009,0.4141950011253357,0.2686028778553009,2511.714306230509,626.8318289305766,2245.075054231402,296.7028982325631,5129.615334070476,1070.4350114399817,23.80118777575462,8.139622359982054,0.006720520090311766,0.0076016150414943695,0.019922403883889318,0.16746692694455445,0.14952390692916928,0.1845142106647669,0.05409475043416023,0.025421949103474617,0.13911899410286155,0.06007727117698705,0.6912709474563599,4.467465400695801,172.265625,rock
4.667992115020752,37.92539978027344,0.002470992039889097,2.9017515182495117,0.0005141575238667428,1.824960470199585,0.4544842839241028,0.280119389295578,0.5501985549926758,0.23883986473083496,0.5501985549926758,0.23883986473083496,2025.0641305486586,467.79618320306724,2215.1627775406264,267.3208523026716,4570.99275168576,1004.1609265708694,19.97317338952215,9.465205111458527,0.007038088981062174,0.0063937753438949585,-0.009587857401732094,0.09038769582872258,0.13420373190998053,0.17254216192491165,0.16095097362995148,0.05011738836765289,0.09080369658739366,0.03519294137999581,6.203030109405518,26.4820613861084,112.34714673913044,rock
3.8915047645568848,39.518211364746094,0.0005844655097462237,2.7920196056365967,-0.0016707436880096793,1.8005526065826416,0.4035279452800751,0.2906354069709778,0.46746331453323364,0.2406422197818756,0.46746331453323364,0.2406422197818756,1933.3373461978688,649.9864817623094,2211.284995009557,310.0199890166978,4359.765851580626,1333.2022788450513,20.994721974428685,9.115043071613112,0.00606539798900485,0.008187628351151943,0.027822631041904394,0.14606663731990746,0.12198228776027271,0.16321879551334562,0.16540022194385529,0.04854452982544899,0.08170157518851508,0.051562069246626215,6.587132453918457,32.90151596069336,103.359375,rock
4.106939315795898,34.231346130371094,-0.008919741027057171,2.114912271499634,-6.230498547665775e-05,1.7214314937591553,0.45848679542541504,0.2732481360435486,0.550236701965332,0.23515398800373077,0.550236701965332,0.23515398800373077,2223.969176505625,540.8717226801127,2287.7718650942998,229.66619559592982,4917.48080862094,962.8725275195502,20.529585091644268,9.783991143074974,0.009685900993645191,0.00968819111585617,0.023459282755495657,0.09851418082060066,0.12684034680348324,0.1743775781169012,0.16926309466362,0.04648212343454361,0.11002037715100542,0.04937905966430148,6.6088175773620605,30.77014923095703,95.703125,rock
3.9216744899749756,36.63766860961914,0.002321724547073245,2.0924432277679443,-0.0007103833486326039,1.3445883989334106,0.3943510353565216,0.29149141907691956,0.4219064712524414,0.25882863998413086,0.4219064712524414,0.25882863998413086,2140.28308737102,449.72228377176566,2245.902488299258,240.7420268157911,4831.456245015226,804.970736133947,21.375710526634055,9.041586565387188,0.00665351701900363,0.006897942628711462,0.08662028537981298,0.18616190412373831,0.14496036845162721,0.17709419214469513,0.15379856526851654,0.044356584548950195,0.09114092408642692,0.03194790962817796,5.652369022369385,28.442190170288086,112.34714673913044,rock
1.6441980600357056,41.1974983215332,0.00046387073234654963,3.2743592262268066,0.00030185768264345825,2.014847755432129,0.4085221588611603,0.30101755261421204,0.5389439463615417,0.23037122189998627,0.5389439463615417,0.23037122189998627,2301.7700377608567,641.379608128645,2355.029059518842,275.9993604924109,5092.044640915024,1102.5811449870648,20.777792659456402,9.518855040026391,0.009288014844059944,0.009725439362227917,0.027616383103510268,0.12572496298736768,0.12600811988759986,0.15845846435502742,0.1268710196018219,0.04222004488110542,0.11151731982308585,0.05657224961192819,3.824974298477173,19.65452003479004,117.45383522727273,rock
1.9116237163543701,45.957820892333984,-0.006189098581671715,2.6991608142852783,-0.001587302191182971,1.589686393737793,0.34557589888572693,0.30561473965644836,0.4074517488479614,0.2616243362426758,0.4074517488479614,0.2616243362426758,1659.591367670287,713.2413419068264,1953.194025876473,337.2780428477565,3580.332178527407,1368.3738994624475,22.18210983855658,8.041235506368146,0.0031297006644308567,0.005538389086723328,0.0030873315244919187,0.20138377898342108,0.1497793670066116,0.17986849177100547,0.1458146870136261,0.048102062195539474,0.07118068143368136,0.05413838257406436,5.265252113342285,28.46192169189453,95.703125,rock
2.1844444274902344,39.201480865478516,0.0010129244765266776,2.7073607444763184,-0.0013258277904242277,1.7961797714233398,0.4553977847099304,0.27834242582321167,0.5239633321762085,0.2329806387424469,0.5239633321762085,0.2329806387424469,2187.9366584276518,488.2847974875104,2350.7821994610763,293.7001578417537,4993.8046059309745,1126.6662061973568,20.624033573347653,9.373786650280456,0.008972729556262493,0.008670042268931866,-0.030864783214517622,0.12319474186537649,0.12434034326082487,0.16335007388682013,0.12868471443653107,0.043726690113544464,0.10623761359242073,0.04170275652983147,4.057610988616943,21.331636428833008,107.666015625,rock
1.4217036962509155,44.170806884765625,-0.0012020018184557557,2.981722831726074,0.00295463134534657,1.7522165775299072,0.3579973876476288,0.30327001214027405,0.42311128973960876,0.2596254348754883,0.42311128973960876,0.2596254348754883,1877.968347176715,721.7091887690963,2204.2471697055184,368.75970511434764,4285.490456424014,1482.3992786672957,22.268698396746604,8.456717050535985,0.004372749011963606,0.007363695651292801,0.06377941970583804,0.16672950185178334,0.1380236166889617,0.17044366698561925,0.1443539559841156,0.045751407742500305,0.0717101248308198,0.057351497172871614,5.23824405670166,32.848628997802734,99.38401442307692,rock
0.519381582736969,38.94761657714844,-0.0008344915113411844,2.487828254699707,-0.0031703482381999493,1.6813712120056152,0.36006948351860046,0.28976330161094666,0.44918093085289,0.24789398908615112,0.44918093085289,0.24789398908615112,2148.4009185393684,503.6156392437239,2107.109041240905,268.6487869226055,4479.280957710992,989.2895567541069,21.9685419689513,9.414924718156575,0.00847247801721096,0.0078100478276610374,0.05663281593395002,0.14694650924269126,0.15141067178434664,0.18766785257163468,0.11665952950716019,0.028093095868825912,0.10910574668890177,0.039266982096440875,3.012788772583008,13.32595157623291,123.046875,rock
0.36492621898651123,35.993385314941406,0.006609620060771704,2.2480366230010986,0.0001292190863750875,1.3817672729492188,0.3686046898365021,0.2874051332473755,0.4413011372089386,0.24903537333011627,0.4413011372089386,0.24903537333011627,2606.2611466468375,509.01359664934586,2318.766347066926,242.709608707772,5339.318422817575,939.7217355089886,22.513677321552027,9.50876906546563,0.013062081299722195,0.01063416339457035,-0.001018546711593666,0.17303483159285593,0.1663575966952239,0.19655337475642037,0.10433216392993927,0.0296552125364542,0.14967274204853054,0.04825837601759552,2.3184196949005127,10.79427433013916,117.45383522727273,rock
-2.829576015472412,42.61561584472656,0.0007521780789829791,3.364088296890259,-0.0022974684834480286,1.7869014739990234,0.33565226197242737,0.2946949899196625,0.4752139747142792,0.2649191915988922,0.4752139747142792,0.2649191915988922,2553.6435090564128,599.7350658913217,2219.101793902684,267.21547635704513,5123.536742314385,1027.1445824191853,22.50412710192331,9.161065881416452,0.013271392323076725,0.015267737209796906,0.01564691335526684,0.17158043335572803,0.126176934079787,0.16220614839345834,0.09362348169088364,0.03830346465110779,0.1361319061774942,0.059560332699679065,2.086638927459717,10.785613059997559,117.45383522727273,rock
-0.01977860927581787,36.24059295654297,-0.00302381650544703,2.3795573711395264,0.0024437038227915764,1.3131639957427979,0.3826933801174164,0.2933703660964966,0.40357905626296997,0.264987051486969,0.40357905626296997,0.264987051486969,2975.773811493968,544.3238019058864,2423.2053157610785,225.83517677418186,5926.5353669699825,822.1627844997003,21.782719049036356,9.783738972457712,0.021068045869469643,0.01486667338758707,0.042611693474293666,0.16717254793232067,0.1791357654902744,0.21133148137014543,0.09327006340026855,0.032120686024427414,0.1837123271945089,0.06420895637021196,1.7634837627410889,8.321127891540527,99.38401442307692,rock
1.1121150255203247,41.665740966796875,0.0027546132914721966,2.099522352218628,-0.00010847327939700335,1.2975398302078247,0.378739595413208,0.2851432263851166,0.3996778130531311,0.2453523874282837,0.3996778130531311,0.2453523874282837,2116.1456021561394,435.115390391587,2245.3914351809317,248.51470638926824,4689.983267020737,907.1709897468187,22.310660981947272,8.795834269412232,0.006531534716486931,0.00486401142552495,0.012284708964407594,0.1662303942924243,0.13256173053404138,0.1640574219327574,0.10167808085680008,0.022777264937758446,0.09278892050947408,0.028483616812622386,2.3958852291107178,10.611238479614258,123.046875,rock
1.1294140815734863,36.74988555908203,-0.0024046774487942457,2.226954221725464,0.0005898100789636374,1.3919733762741089,0.35672423243522644,0.29848214983940125,0.5200561881065369,0.2303159385919571,0.5200561881065369,0.2303159385919571,2581.5076039009978,646.704513036864,2376.1718809452445,254.47638311924135,5390.361939892691,1071.6630255537982,22.337783839357396,9.625003350248234,0.014394428580999374,0.014519698917865753,0.04906244550519574,0.11977983630511814,0.16459052784620357,0.19770081224035596,0.1068243756890297,0.028042882680892944,0.1392005631283836,0.0643791092844762,2.4439077377319336,12.297928810119629,129.19921875,rock
-6.492725849151611,53.128135681152344,0.0019334094831719995,2.361671209335327,-4.801043542101979e-05,1.3194241523742676,0.32182320952415466,0.297708123922348,0.2794511914253235,0.2804104685783386,0.2794511914253235,0.2804104685783386,2255.867398236704,729.3933192338386,2058.0033009129993,325.0969860117375,4508.88286687935,1215.0734601960626,24.347188932745215,7.6946116761933805,0.006203891709446907,0.010373953729867935,0.04716366661718469,0.25997932382104255,0.17000779207162073,0.19694112183937518,0.0629911944270134,0.02961331233382225,0.12097706097737819,0.06104791919235645,0.9834180474281311,5.41276216506958,184.5703125,rock
-4.836138725280762,51.5703239440918,0.0003280258970335126,3.142636775970459,-0.003158617066219449,2.0714123249053955,0.39104795455932617,0.29551392793655396,0.49167507886886597,0.2617414593696594,0.49167507886886597,0.2617414593696594,2521.2256237987076,768.7589556016123,2133.4848391691125,325.3177479654231,4830.540292832801,1248.426942459468,20.990576050558044,8.448856217084955,0.015121745876967907,0.019619319587945938,0.0019413265372810224,0.15824966456820702,0.15059310313543636,0.18546371606152084,0.07624123245477676,0.04787713289260864,0.14628158533932714,0.07488976419080252,1.4698050022125244,7.514477252960205,129.19921875,rock
3.0115108489990234,32.59127426147461,-0.00028036837466061115,1.6991459131240845,-0.00035095258499495685,1.1280333995819092,0.39299440383911133,0.2764013409614563,0.45116356015205383,0.24117952585220337,0.45116356015205383,0.24117952585220337,2334.5190611030093,336.22893667398114,2208.0601552256217,210.32793275258697,4819.107544228538,840.4039946360267,21.279405980874312,9.904409984026085,0.009505940601229668,0.01022560615092516,0.061353414282064846,0.15271631132725436,0.200416642965165,0.23085520863292894,0.1657380908727646,0.03208690881729126,0.12855316185711524,0.028130930065615643,5.735753059387207,21.524677276611328,129.19921875,rock
-3.1552865505218506,41.75547790527344,0.004389496520161629,3.247520923614502,0.00020213717652950436,1.570480227470398,0.40824466943740845,0.2984512746334076,0.47750425338745117,0.26148083806037903,0.47750425338745117,0.26148083806037903,2590.781523555563,553.055072894818,2078.721989569411,277.6754056722869,4889.452671838747,973.7968003308698,20.875545803582316,8.942284872533062,0.016116175800561905,0.01670103892683983,0.02307760449486201,0.10715414695567357,0.1503236535406937,0.1809694257267334,0.0895201787352562,0.03842678293585777,0.16172267739752513,0.06040726193785343,1.7653685808181763,9.98845100402832,92.28515625,rock
-0.9660197496414185,50.4266471862793,0.007800024002790451,3.1965367794036865,-0.0002463636046741158,1.9905686378479004,0.3434000313282013,0.2941955029964447,0.4213866591453552,0.2690046727657318,0.4213866591453552,0.2690046727657318,1609.7586945896007,591.0304087340784,1816.0413405600702,356.3338381673338,3380.4464318082946,1223.925733616986,23.681789742394205,7.684535162688642,0.0031746448948979378,0.006861343514174223,0.05161148430850591,0.1876850553725325,0.11362355889318361,0.1526091438655183,0.10520216077566147,0.03720522299408913,0.07325653760634183,0.0420891032892526,2.7909862995147705,15.498899459838867,107.666015625,rock
0.48696422576904297,37.08388900756836,-0.0022455784492194653,2.3331782817840576,0.00028569932328537107,1.3660637140274048,0.255673348903656,0.30100780725479126,0.4161243736743927,0.258382111787796,0.4161243736743927,0.258382111787796,2495.6841558449564,523.0317193685094,2249.689678791998,194.35460725549916,5213.03359737529,728.3421237933919,22.32903158793684,9.399446358047486,0.006245225202292204,0.006034255027770996,0.04007350944062157,0.1421633446016089,0.20723768944857937,0.23676970880071935,0.15463757514953613,0.03854458034038544,0.12063605713457076,0.04208718227608746,5.324494361877441,30.22260093688965,123.046875,rock
0.2759051024913788,36.39729690551758,-0.0017119159456342459,1.8246994018554688,0.0013591519091278315,1.2368805408477783,0.4434630274772644,0.2640104293823242,0.4884883165359497,0.23615412414073944,0.4884883165359497,0.23615412414073944,2474.465349821513,508.0552153295752,2123.4359807297774,288.31701988046115,4754.649491099913,1079.4042379317423,22.439893364803485,9.61571203344996,0.014312437735497952,0.012197772972285748,-0.0028067863994059587,0.1306141505328659,0.19954528620789502,0.23033492723175772,0.1082364171743393,0.01279289647936821,0.15013458889211137,0.042607674515801046,2.2536542415618896,6.647181510925293,143.5546875,rock
-2.8186111450195312,34.229827880859375,-0.00015006236208137125,1.5393627882003784,-0.002261031186208129,1.0568654537200928,0.4165911376476288,0.27155715227127075,0.5417075157165527,0.22773832082748413,0.5417075157165527,0.22773832082748413,2471.4537522284268,329.63163562490394,2102.193464869825,161.20889825055326,4687.268717825551,676.902310944547,22.183350206007336,9.688030405391013,0.0146574592217803,0.009701275266706944,-0.0012098112209487084,0.13358861931511004,0.18853701127669675,0.21804007231107675,0.10686670243740082,0.014720574021339417,0.15093857248163187,0.031197756321853082,2.172396421432495,6.778913497924805,129.19921875,rock
-1.3171957731246948,42.88243865966797,-0.007077416405081749,1.805612325668335,0.0010772424284368753,1.055442452430725,0.3434215188026428,0.28613075613975525,0.41403087973594666,0.25050264596939087,0.41403087973594666,0.25050264596939087,1939.7222612064577,398.40755731868427,1881.5632771390922,301.817831322536,3748.5176528966067,926.202925363264,23.07216319435606,8.350139179122351,0.004793629515916109,0.005170866381376982,-0.09144218867845212,0.16858501006703128,0.22049635756506716,0.2488808787283731,0.10572244971990585,0.02193734422326088,0.09832088650425368,0.02617571112838807,2.471357583999634,10.049858093261719,103.359375,rock
-1.3220677375793457,35.22527313232422,-0.001050128717906773,1.2617378234863281,0.0014792586443945765,0.8646295070648193,0.38928163051605225,0.27093032002449036,0.40124791860580444,0.2482103407382965,0.40124791860580444,0.2482103407382965,2628.9166256266994,306.38151262691105,2210.5134196593885,193.00906989800427,5085.982702834976,679.3939668668189,23.207998345087795,9.33549543464019,0.012726573273539543,0.008440635167062283,-0.0796757695236933,0.14472415281470632,0.23394431889210554,0.26199544052779633,0.10190492123365402,0.019294865429401398,0.14664940122293116,0.031976327415563215,1.9761104583740234,8.195671081542969,112.34714673913044,rock
-1.727807879447937,48.181861877441406,0.0070236376486718655,2.1270878314971924,0.0009609422995708883,1.3516507148742676,0.35197702050209045,0.2836880087852478,0.36058157682418823,0.26354968547821045,0.36058157682418823,0.26354968547821045,2008.1745209297676,531.126677946603,2106.3140915695676,297.5837541712603,4253.6236473136605,1105.5365328960715,22.977341546569487,8.359883607415322,0.006555733736604452,0.007767717819660902,0.0215517841249907,0.20803326233950928,0.1613494552176111,0.1953780083706911,0.07944595068693161,0.018595853820443153,0.08922745069605569,0.03612101746314424,1.454206109046936,5.811371803283691,103.359375,rock
-1.7652994394302368,47.198326110839844,0.004055390600115061,1.821906328201294,0.00040802534203976393,1.1528102159500122,0.3988693356513977,0.2740749716758728,0.3920307755470276,0.2650996148586273,0.3920307755470276,0.2650996148586273,2006.827265021438,426.77375451852976,2068.839259471319,286.95326712362174,4149.1717911651685,1022.8616747613765,22.665249643434183,8.581825212574463,0.006473309826105833,0.005797126796096563,-0.0010288808748786357,0.21001477921637007,0.19425458477811705,0.22518199232670127,0.0764232873916626,0.02427455224096775,0.09766418032192575,0.029453973462272364,1.3792563676834106,5.3070807456970215,117.45383522727273,rock
-2.6677021980285645,44.71870422363281,0.0009408171754330397,1.8346163034439087,-0.0005168784409761429,1.1539338827133179,0.4319802522659302,0.2742638885974884,0.50541090965271,0.24947203695774078,0.50541090965271,0.24947203695774078,2077.565822171052,481.3691838376182,1927.2280126367882,273.41063186590026,4031.530223589762,896.9330262961901,22.309244002134648,8.413963954671686,0.0075555709190666676,0.00933542475104332,0.029477967339536684,0.1523170668961806,0.21121033460040373,0.24513097221841473,0.08159775286912918,0.01795240119099617,0.12182258434841454,0.041192473799511194,1.3977378606796265,4.900214195251465,129.19921875,rock
-2.2402758598327637,64.7590560913086,-0.0018669069977477193,2.178445339202881,-0.0006781005067750812,1.2532553672790527,0.36263519525527954,0.3025417923927307,0.38080549240112305,0.26292431354522705,0.38080549240112305,0.26292431354522705,1398.6495042529389,490.3123565424471,1818.1651244963796,330.38048329614844,3015.5976970345127,1154.520665772543,22.491634644570702,7.4315013593529375,0.0017162903677672148,0.002898753620684147,0.07338086268117355,0.15305947171501752,0.1857112413488025,0.21481275169630737,0.08380239456892014,0.03473912924528122,0.048724275546210366,0.028417206956476974,1.8882111310958862,11.379956245422363,73.828125,rock
-3.2008495330810547,65.61695861816406,0.002679342171177268,2.0428390502929688,0.001487275934778154,1.1775294542312622,0.3583180904388428,0.29294538497924805,0.2463371455669403,0.26526346802711487,0.2463371455669403,0.26526346802711487,1609.7851807206855,649.8655324955525,1797.061552918547,346.746783973065,3246.925584124855,1324.1713895896773,24.271610631397238,7.049355054136377,0.002591353375464678,0.0038275988772511482,0.05024159215071108,0.2426608447217595,0.17637370742292374,0.21242465536585678,0.0544314980506897,0.018345922231674194,0.07630480230085074,0.04659717432841213,0.6845458149909973,3.1758272647857666,123.046875,rock
